219174 125
225955 226
208513 1
298594 66
286755 37
224788 421
289392 98
229330 24
207335 34
229392 217
253599 40
230326 72
255573 94
215895 3
249348 2
231019 34
297346 74
215203 66
284714 47
215433 50
213779 25
286687 140
275450 44
288832 30
263921 25
231578 145
295706 45
236542 17
268518 24
219897 2
263634 145
252490 2029
235535 72
299495 110
285535 152
244664 38
253012 60
297811 1
200386 25
274911 33
202541 71
210702 28
207003 350
266740 52
254806 51
200977 67
293765 41
248959 84
282258 107
234183 13
236755 141
246436 34
200709 78
256254 734
227353 729
287198 30
237607 29
274840 2
224577 283
241299 47
290351 27
202420 1530
206799 18
232860 50
267399 43
268014 81
260775 614
240901 4
285261 502
224474 30
258212 169
211492 24
239728 325
292111 57
234182 37
209320 27
282525 36
231907 303
293931 187
285407 17
203571 108
249225 595
211157 85
200544 5
296899 25
262282 61
217978 18
229968 40
275409 53
283688 59
267618 54
251546 23
231302 51
273708 20
292485 26
227318 31
223166 138
262220 78
294247 41
247516 1
257711 109
245571 41
296070 30
287582 54
237112 1074
216545 23
200723 53
215641 59
285790 29
265669 112
282418 19
253543 45
229890 35
213176 88
269515 72
259090 1
281170 131
270869 31
295920 229
206530 44
204218 19
204381 50
268872 32
288321 22
269129 75
253826 50
264130 135
277403 49
273022 1
254046 68
233354 23
244978 72
231172 1116
281842 213
237938 74
207128 28
292910 14
225824 59
260674 47
223305 7
207928 30
213055 21
206753 21
207757 1
291094 24
214811 69
239862 119
260784 30
250789 233
292121 42
211708 30
230639 51
277829 127
289147 72
227311 51
278667 215
267383 228
258494 977
214284 1
231899 27
270561 56
226399 57
252092 75
263088 95
273765 51
252354 43
205721 338
219013 31
252150 1
232932 92
244277 47
290079 89
260561 146
271856 47
252589 43
218498 16
214079 70
273918 220
261552 120
281495 76
240181 145
231497 34
278642 280
250124 109
243205 49
249268 56
233464 158
215741 71
294490 44
285359 52
252411 40
248663 19
262588 73
219362 52
209305 29
271216 1
283336 524
227292 45
205783 173
275098 38
252406 237
252370 140
248523 52
247714 229
245235 59
211321 84
231152 21
275983 40
280754 43
220542 73
226382 63
254842 31
211847 47
206929 13
215701 143
253641 155
241287 89
206945 48
258121 3
272554 2
235635 213
213024 292
272292 29
287152 1
260388 145
292769 63
289276 71
213788 25
202027 55
285944 32
202323 1
234275 3
244111 43
227168 25
271998 59
236571 116
292289 35
261011 48
271317 2
272548 49
241453 20
224440 50
299339 27
242397 76
234467 721
266769 20
207528 25
229944 37
211990 16
270967 23
290427 6
226391 34
291008 27
249102 1
291996 75
271816 8
224738 3
244156 1
297327 86
205814 2
277685 15
260168 25
212341 1
282757 37
295989 67
298372 21
233436 3
278740 42
266018 128
291955 364
254064 99
202211 128
252818 24
208622 58
287837 45
232835 23
254403 1
280458 22
253386 1
235872 2
274697 19
291824 55
243494 8
286586 201
244226 2
233733 14
265257 112
279629 50
206931 6
266480 17
277828 1
214751 21
208400 86
248739 37
240107 137
276320 19
219236 122
258471 54
249613 93
270030 38
235968 33
267961 99
201678 467
238584 127
261170 44
258497 161
242525 29
251788 267
272109 21
222241 2538
297143 51
230650 418
231309 28
299852 256
289259 75
294862 2
278556 68
250217 121
276098 32
225371 36
257864 68
250888 56
207580 85
251669 19
211000 62
257025 18
274778 53
263334 1
232531 2
214778 102
230132 30
257656 20
210771 23
225842 25
257681 2
241691 1379
276982 757
212985 121
221797 27
262736 15
206999 726
269465 35
272290 4
253006 33
209220 247
281293 231
266339 45
273499 27
233155 101
270239 16
247682 25
225368 84
208689 97
265055 86
212753 30
242625 281
289096 24
252512 129
253025 163
274771 36
212914 49
226223 136
244780 27
299872 75
277747 448
207619 13
206968 18
256792 14
238322 144
277391 203
267578 30
205014 8
253455 77
262983 183
229765 1
223868 90
270766 18
246107 21
276325 143
251226 52
213129 24
270968 103
270235 950
227111 8
271772 24
299117 1
261712 23
297951 22
290283 210
265149 112
244380 26
294873 55
270790 156
201897 80
253158 22
258689 347
259678 257
227416 28
256441 121
249877 23
267453 15
260571 55
245578 56
262601 1
263573 22
222446 212
279511 22
290924 138
235442 98
247171 243
228971 25
248207 120
290070 1
244158 75
285947 111
232293 146
211258 111
245980 36
291394 21
237276 199
246062 84
200942 28
290190 81
222686 283
297957 24
232995 96
220589 64
210557 2
239697 162
241109 23
253061 69
240795 101
286565 132
228589 458
208523 12
272859 31
256619 80
262451 24
206860 326
242930 12
299492 2
220387 1
228770 180
269725 2937
277393 305
291742 23
278926 52
279911 145
231921 75
207203 107
202495 198
243497 250
258501 49
229438 54
293641 45
223225 1
289044 18
242655 2
202878 22
235454 42
238128 271
226417 49
200816 41
294476 96
282581 318
253746 69
217332 15
252862 21
204925 2
223791 286
228069 16
297366 27
278823 43
232415 731
241690 276
223946 117
256989 33
259800 261
238547 195
251382 1208
226171 41
289648 192
297464 41
282542 29
206061 59
254814 24
251425 1
289580 10
235503 506
296617 142
244674 21
237190 149
285061 267
249732 19
265555 31
279033 607
290752 13
264694 100
288149 188
252859 5
221144 92
207142 242
235194 30
225737 30
289937 21
274918 94
214977 52
250632 17
214615 34
299635 22
272286 72
274522 1426
273003 42
299124 63
221298 136
216711 2
297601 23
201206 40
223829 25
283724 51
269700 79
211717 49
276227 209
214911 81
217828 20
220858 37
253842 1
214818 22
223456 48
275225 97
287277 139
257922 390
246586 1
289033 69
293912 1
263410 332
256611 69
224415 1
281353 165
208010 112
271905 74
294891 13
217296 18
276485 49
216942 212
284971 32
216899 22
272244 47
225417 57
273701 28
263446 33
213724 30
206426 56
258547 22
280786 111
287216 1022
254078 5
241787 124
258330 17
263168 53
291403 26
241571 83
239010 44
288768 72
207425 24
275382 51
223652 49
298039 25
223154 148
248899 1
233651 27
213759 42
215297 121
233357 42
296063 1
259456 67
270209 37
259693 49
262850 54
274268 70
259576 48
256180 20
212739 98
267439 262
240339 34
242535 103
204938 207
207087 2
226778 20
293465 1773
295710 864
206108 1
267802 402
248623 27
227504 54
218217 138
247848 564
294116 30
294717 24
203276 84
283504 38
278914 465
216780 98
202672 26
252789 222
256778 866
219711 25
281102 74
234435 2
275738 30
254089 1
283045 25
235849 39
226114 98
211503 60
203951 3
213401 180
267016 26
224494 28
246549 182
225438 24
285531 44
259724 71
242324 58
225571 40
229521 134
230612 66
277038 40
240477 88
219837 21
264669 257
200182 129
235056 112
280878 81
261115 78
217384 33
270007 456
218564 21
226547 24
248517 23
222798 23
214367 64
257685 58
202684 46
268263 79
209293 34
242104 54
263814 80
207595 24
232116 64
224369 39
219892 31
264143 3
212501 27
299871 27
200756 80
299523 152
231792 19
246319 1
245874 3
286783 79
226498 52
236856 36
234254 38
285205 64
222020 150
270688 27
203819 56
257962 26
237062 1
219432 68
268517 44
222663 187
289804 307
270318 35
257493 27
212629 36
257853 42
290637 72
214863 42
257870 2
251912 106
261142 32
243532 48
212220 45
201499 51
225787 39
268758 18
254687 2
226611 316
272045 488
279528 31
226869 74
233849 48
275766 258
259145 42
225414 20
268305 36
202505 17
270408 1
297422 926
264278 48
256081 47
243639 117
221365 70
208338 44
218412 245
267554 141
231798 132
216646 134
267482 68
270516 76
286030 102
224300 2
207491 169
288260 80
264014 106
254724 42
298266 1139
205715 305
286189 56
291066 26
229054 98
238482 39
289738 34
214572 48
229062 34
279483 47
270768 107
255133 47
279324 84
254361 3
208710 20
239852 48
287232 26
271489 41
216299 55
267005 87
259574 27
255889 45
268534 54
238960 27
234854 35
230002 156
227559 28
246897 14
218430 28
284061 31
208132 19
264935 1
203677 2
249026 300
211184 92
259745 357
260643 28
247897 113
227281 49
243152 59
251802 1
227120 96
245513 125
215071 24
205132 75
291245 55
241557 1034
212008 61
255368 161
277717 51
216694 23
233051 641
202549 2
279837 355
281662 29
242820 1
278095 20
265067 27
249684 46
251093 20
283027 27
272606 42
280614 39
234975 95
277775 170
242687 187
246786 41
239855 17
272438 51
204985 28
237925 331
231600 45
222322 50
293405 66
271359 181
208640 34
200025 74
223776 63
229483 21
206778 1
222211 21
276203 24
227266 85
272492 43
240721 30
289651 710
201706 5
236483 60
237197 40
205756 138
235922 44
203169 308
289487 79
239009 26
252771 20
238015 20
284286 52
291065 1
242326 842
227185 35
297347 32
221212 120
250983 4
276289 258
226298 34
245721 60
294872 33
247405 68
270722 433
247287 100
273705 388
263368 27
231711 30
287429 21
274868 17
279670 30
242942 2
206266 10
258993 43
241170 169
214359 33
286932 1152
294509 275
240244 36
255539 79
228828 128
232546 44
253225 68
211726 130
281709 21
275274 44
257525 29
287227 29
266862 253
259434 52
276877 126
227227 32
236786 41
232422 67
260665 94
200035 29
278072 24
277047 277
247127 6
281276 123
281663 398
221891 43
250344 44
225077 572
223435 114
206780 163
243576 8
225403 41
224147 53
269328 46
228563 78
269250 44
213035 147
205141 264
290225 41
260409 24
297956 44
202766 53
262726 2
291968 169
239441 119
267953 123
216550 559
227721 4
292196 23
226790 25
229654 18
256699 1
242926 143
258305 1
219302 71
226759 51
234719 246
250397 65
222498 24
205093 146
244580 26
253927 16
211848 25
256446 43
267360 141
292596 25
295186 50
205901 2
230421 11
234797 32
215016 92
202368 71
202524 38
296100 127
263307 73
268692 29
229256 201
260478 20
242554 89
259132 49
229285 47
286903 70
226443 1322
202228 34
204783 246
272772 18
280946 32
248905 105
229930 44
291526 136
293320 56
268618 87
253950 29
200075 97
284662 159
231668 68
244609 2
236740 258
292782 3
233713 23
293377 122
279184 16
273546 24
242911 21
238064 499
265485 40
219695 995
226041 41
204946 1
274968 722
253492 41
278389 14
267860 504
267373 71
218307 176
216830 3
256682 281
299901 23
260759 66
266724 1
237293 48
293178 27
255500 269
254624 166
261038 51
262290 138
268441 6
288946 125
286194 45
237382 50
214581 69
225822 65
266510 58
203694 116
201820 390
255330 29
257313 517
286397 45
266990 20
298545 25
229630 111
248830 47
255473 107
246194 105
218267 24
290506 14
225159 3
210940 74
210231 23
269409 1
294965 21
219233 43
294830 41
232744 140
234399 57
219659 26
227112 108
279125 68
247326 119
246656 42
274504 22
293653 29
236453 32
206094 13
223693 19
251808 18
246849 433
288158 31
213978 19
252295 130
240282 49
282222 295
215054 27
294150 869
291591 47
227912 31
243490 47
265591 46
200853 21
217043 69
299264 199
274717 20
204873 1
279904 298
232248 140
221068 26
215896 19
213791 90
213279 73
248720 64
250756 44
230448 32
225430 22
276269 23
267876 29
238217 23
236153 41
246004 153
288471 50
248180 27
276306 68
262724 49
228434 22
297664 29
219547 63
278969 1
215914 86
241891 32
235019 466
222874 36
253451 47
261493 82
233981 186
298716 25
296250 42
239533 508
245630 15
269165 51
275351 28
226862 51
272087 30
246087 26
281800 46
231932 39
274850 32
292058 21
212958 95
250744 78
264763 444
232146 97
250938 26
227126 24
200247 21
266812 14
271161 112
217219 18
236162 1
209480 28
230219 69
234226 125
283051 88
267598 118
294276 39
255535 51
218556 22
271736 80
210967 19
298793 268
228842 64
238953 89
278393 78
200989 39
201966 71
297195 58
265882 98
267791 19
208301 58
268028 31
240017 37
208893 185
240591 41
238367 18
270411 13
211039 47
260696 352
297763 25
217979 4
200336 148
268449 36
238728 39
263961 25
218620 451
218147 19
216346 17
275441 1
296301 73
284474 69
230118 263
258150 798
222388 257
260980 48
211781 1360
274675 21
240111 13
223778 19
252621 56
296411 13
234775 41
270982 124
224718 324
214201 4
206750 22
204521 48
210689 27
280557 232
213635 95
276717 30
219008 2
248554 90
233975 38
270419 48
201903 93
247276 106
230179 239
210868 72
282691 68
211880 43
239610 34
231452 36
226509 21
288117 25
216954 40
298599 72
295656 171
244564 26
213649 106
249029 2
275411 41
243939 137
293505 2
241052 46
293911 46
283689 39
245645 2
207354 3
267303 1
274140 55
250852 322
220092 52
241996 82
251637 1842
255156 112
207157 51
261319 395
285263 27
251757 34
294692 35
295297 54
247448 51
236798 45
297566 24
269586 225
259455 17
234297 47
206294 15
267901 328
259298 73
254427 168
270890 42
202283 8
294985 72
276687 165
217182 33
222269 61
236611 71
271108 79
202900 43
279884 18
262086 31
262862 39
277817 177
227467 10
211458 73
268802 112
288324 107
270822 12
247856 23
283220 47
281047 47
259383 285
201329 95
292533 26
287958 38
275782 30
259323 41
222114 37
288134 19
230673 98
224332 219
227877 169
215410 14
288067 11
262119 27
207791 80
274493 393
233241 73
205566 51
214666 1116
210835 630
241150 30
264067 2
287337 40
237684 15
271119 1
239972 28
282774 79
205928 28
280913 327
276940 25
252722 128
216642 112
282029 129
273980 28
278840 408
267951 59
220637 53
213170 42
243601 17
252662 8
222288 33
266545 44
260956 54
290417 241
209451 83
296647 23
247333 39
238942 2
236284 45
254234 2
294772 41
290325 20
220495 40
242922 55
265301 95
236663 29
261884 64
221121 40
274004 1
288424 39
265076 65
248677 2301
283659 32
243212 90
212523 230
215125 22
200945 124
281209 12
288758 97
236560 525
234421 115
278414 129
291100 56
277704 56
299955 37
251113 44
257942 99
225832 164
289906 157
257547 304
222587 50
272638 106
270231 65
260302 63
215774 212
248469 2
216693 45
259900 44
264332 349
291381 40
200917 64
238454 155
279815 97
294847 139
278636 83
298198 69
253526 506
242828 33
227041 416
292276 56
272637 64
280783 49
268943 373
229110 143
289173 156
220058 48
210115 40
257751 103
266341 13
261952 35
271663 212
253615 20
222060 18
227854 51
215305 43
247363 64
243970 67
293670 24
247872 46
208406 17
238648 49
279842 32
281246 134
296972 85
276432 41
270057 1
217851 102
215857 187
249915 305
247417 94
268146 44
261521 3
221799 29
274098 264
298574 201
271593 40
218520 137
243843 37
249548 57
239518 29
297981 47
244095 50
240338 142
290534 2
265472 25
208690 50
297368 49
233443 86
237240 641
233347 27
220154 2
202945 40
249359 45
215618 41
265494 84
210535 33
295476 53
218250 15
237621 124
283006 156
211327 1335
280502 28
260102 46
291418 34
225879 54
289260 94
228841 25
229928 52
246486 55
285719 215
262090 30
231611 69
265614 62
266942 27
235040 18
217483 5
233358 26
290816 329
282386 1383
276773 102
296847 47
261669 27
226271 50
271277 234
251303 20
288600 96
278105 16
235910 9
282330 45
293956 56
299766 21
253218 98
242307 23
289779 165
282104 184
233462 54
257113 42
235261 42
251254 28
284281 39
250916 149
268866 27
299598 992
289762 51
201085 24
227571 67
290266 229
227230 10
289744 54
215674 11
256161 68
223054 67
218390 26
289946 25
295340 128
231236 791
277072 69
235751 48
233948 163
212462 182
229098 38
277361 31
284427 368
245326 33
205805 163
212192 111
271707 46
243595 15
261309 51
204961 102
215483 63
229725 28
263724 26
214625 103
284546 33
263506 12
262966 101
265601 429
288533 25
218599 50
201875 102
245129 51
213039 18
205048 34
261848 68
234022 89
231089 72
272921 83
229467 127
295269 79
265310 46
296684 90
266768 16
263414 50
272557 31
291593 179
205248 18
262442 285
235413 36
201812 30
250284 97
251375 28
228459 51
208945 51
294407 61
255858 44
247942 26
203871 30
282356 30
290935 49
227264 34
250433 1
289244 280
258570 24
290017 48
250044 155
258379 21
268722 54
245945 40
256937 168
296053 144
281308 7
246997 58
251444 1
290262 24
201251 113
262018 94
265212 316
284843 316
215076 202
287181 1
245356 101
295632 11
293052 75
231866 36
284970 137
255206 43
217676 32
224555 54
215746 400
255056 53
264149 106
281438 51
213341 49
272126 23
273056 47
260734 331
287221 631
217664 21
220099 56
232902 31
255429 73
252248 32
232066 46
256402 87
265068 18
278924 14
263424 65
205247 23
229757 808
289790 89
266267 121
222063 17
283216 17
221641 26
291184 46
282020 25
212636 118
211760 19
228570 33
229454 43
270760 80
221677 423
295341 14
210171 810
288491 142
292261 190
275661 1
251414 185
289870 22
251463 144
277542 24
295501 26
246160 92
289346 212
214830 155
245108 98
213307 16
238675 228
222877 72
244258 472
281623 2
298500 34
287778 121
249844 20
264949 173
233950 52
290504 631
217568 26
225148 245
299368 20
267779 1
216867 27
248147 14
228706 30
250831 16
257935 108
232485 52
274494 192
261236 2
242224 32
291841 649
201740 137
244333 94
229874 66
217268 260
270947 48
205452 37
264490 26
297223 38
243434 35
212777 56
214344 401
299132 762
292589 46
273953 434
208881 21
202837 847
252155 215
246324 32
212750 187
206638 26
218222 17
270315 29
299925 615
211058 128
249592 6
202644 133
277768 18
258349 47
211282 1
244493 52
257518 68
278704 18
243309 43
261237 1
209879 147
281108 362
287261 274
273150 94
247266 22
221002 28
218009 43
224997 20
229525 498
261068 24
286323 15
286547 27
203304 105
213140 45
235654 48
224542 31
258587 7
205668 156
244856 20
278844 41
270238 44
200319 50
227146 102
234625 27
235363 77
238387 38
214927 26
293420 50
270612 196
294637 41
204560 41
244639 189
225598 22
291159 55
218143 135
243881 42
201955 92
220027 88
255359 170
286632 429
285933 193
231102 18
275662 182
293896 30
262360 16
238800 80
232560 2
256485 1109
234640 1
284689 26
273303 49
290115 49
225104 19
213289 60
219326 338
297737 112
244244 4
253997 186
286543 38
267144 53
283800 114
221952 45
235557 250
244102 673
280550 253
248540 49
217021 111
218215 84
274886 832
214319 33
287312 25
220314 34
297682 1
268109 192
234528 103
201423 116
202188 42
233846 479
286419 31
264614 166
277119 41
221380 47
289961 23
215535 254
256698 263
298725 75
263344 21
265481 76
276422 218
267237 25
232668 112
208365 148
267943 31
258089 60
269142 32
232766 281
223259 286
208721 14
269184 78
238843 31
264780 45
226793 30
245755 121
229378 26
213084 24
264450 32
223323 45
297740 70
232045 102
280162 88
218249 51
213729 53
273486 25
254714 438
215691 166
204840 21
262644 26
215120 381
224502 27
280200 218
251490 97
247961 50
249890 95
246495 1711
254703 54
279160 1
289247 29
243701 29
230463 29
267801 41
259973 8
258827 103
227882 74
249228 37
241098 205
255809 2
212643 1
218710 1
234372 50
287808 27
206789 66
270026 54
210430 565
260586 56
299896 3
230762 22
213207 542
272473 588
245700 1
256840 217
236797 30
221803 94
276420 73
295460 257
223207 18
287355 1098
298013 22
267828 19
248636 47
250147 176
252417 62
232396 42
234215 164
275731 1
234584 27
285444 307
295790 91
203748 75
241962 26
249240 26
200771 29
200052 72
251253 28
257501 79
213155 193
258539 99
273832 1
266760 25
212134 109
267086 95
294886 61
230432 569
275436 22
242026 19
236687 124
211995 2
283691 126
262516 71
244296 21
261534 22
205228 205
269003 44
297529 26
223242 154
224571 18
254213 46
271615 25
280918 37
267581 53
257729 187
286500 28
291884 53
204613 98
258442 23
204519 17
293276 311
232685 38
213772 1047
225115 53
274792 33
265215 33
295402 118
259484 21
279118 2903
238233 69
247654 31
205062 27
299641 23
252608 2
256467 206
275655 377
234856 184
229737 77
289387 91
277081 28
287026 54
294119 19
299806 104
263846 22
281356 19
269473 48
231918 137
258060 23
213847 14
297192 75
246163 49
261511 86
243649 20
228271 55
278470 50
246663 50
212524 27
247324 94
212942 37
287002 44
208696 33
233018 12
296741 18
297190 47
221587 37
291408 54
258939 1534
234727 191
262742 50
285583 21
254140 681
211543 51
293672 25
224058 28
231336 53
280121 506
220310 460
230216 5
245187 1
297100 51
234619 408
216410 435
270868 28
297544 20
293297 263
296307 1
279330 22
214849 62
218472 231
219915 50
213007 23
281936 28
232251 62
293088 30
211905 33
297589 29
202168 115
210679 121
243812 78
204768 36
222982 64
272993 112
296779 126
292528 26
291397 113
231449 1
266570 330
254675 36
206510 173
274143 65
288291 105
237490 196
253760 45
290795 79
226489 23
214153 56
246086 39
242610 46
246309 22
266279 67
216934 19
227906 24
212077 1
291386 20
251318 45
230964 21
203289 230
257024 1217
260878 74
256636 237
273927 13
252231 32
289201 17
287005 485
223162 13
245642 97
250819 2
267611 18
298502 70
200487 515
201099 3
218977 4
217954 60
280822 22
294565 197
236471 599
239757 73
210631 267
204430 1
235449 34
265239 93
244727 22
277677 43
276382 18
290671 72
201960 117
298249 100
298864 94
211984 28
274838 188
216747 94
212875 10
203971 143
288472 46
289730 193
285307 332
275850 22
244894 36
212312 55
286159 52
227313 348
205838 33
294335 140
285211 412
224330 24
234307 1
224933 27
252677 52
275344 208
267661 340
257504 64
249260 202
226002 28
213094 81
294801 1
224023 62
283283 25
285384 42
260581 32
299855 188
253795 457
211806 22
297045 73
236689 113
292862 21
203268 19
278057 2
235580 35
243162 35
247697 33
289103 95
251835 23
239362 21
268649 22
283703 3
246471 12
255310 50
201017 19
276970 74
293567 53
249946 46
226923 1
215062 45
202963 108
299250 3
285208 52
252597 632
245884 79
234590 74
244739 19
208605 525
298281 76
234456 36
219636 448
247878 32
220341 63
230262 50
222255 202
248420 117
251224 47
228016 17
266959 342
299984 343
245951 52
275250 15
217086 100
287230 17
205079 47
247310 141
249115 60
238508 157
232919 68
281483 42
259229 22
213802 25
262129 329
296135 117
200805 70
240484 18
289985 426
295438 66
202563 68
251731 11
254451 40
258617 79
256721 73
297925 30
279011 25
221660 20
205152 48
212324 23
296154 37
278126 34
289568 232
264404 2009
201544 24
213201 102
205405 48
291451 27
276358 1
239619 24
290913 46
287668 4
220750 45
227857 384
203801 293
271392 184
269709 26
252633 37
234329 62
256492 21
288298 28
224030 1
274786 17
209900 32
261452 766
253893 1
250957 46
215638 22
257315 75
225122 127
279228 106
236507 2
291517 97
223796 57
210168 27
231511 27
226425 76
299954 14
237761 43
292588 48
288166 191
279550 16
268113 125
256468 76
207082 24
256277 6
295276 64
295416 26
266923 240
299409 4
283038 15
233566 115
293147 38
251233 24
227217 82
269149 27
204726 18
236644 52
222077 25
284605 21
201037 47
289855 108
205969 55
202613 52
204755 36
269024 27
222304 146
232852 144
241785 46
291068 41
255184 192
258613 74
278972 99
278779 140
291214 51
227692 43
215068 46
269106 39
223951 135
246375 55
280728 28
239797 215
227741 72
262562 803
286556 3
213710 121
219324 72
281839 63
216434 71
288891 258
279889 16
226653 25
250457 33
228220 52
204223 112
285545 51
232916 1
232722 39
230781 343
278898 165
204616 28
203992 143
289962 496
235490 90
266023 16
218653 59
216581 22
288470 149
210636 24
276791 75
250485 49
251688 191
222486 6
265241 24
254492 1
251990 168
230857 16
288232 150
290811 52
232232 331
229045 115
269736 45
234112 32
245190 41
276768 93
286231 850
200184 39
253798 75
235221 118
222577 405
288968 32
261014 69
276846 43
231253 59
262630 20
249194 625
278446 89
255320 9
234427 171
248499 389
201872 117
248220 550
261381 40
254152 14
285710 177
296656 20
286057 103
228700 54
267863 372
242782 24
257846 360
268201 1007
238118 23
259239 20
257723 95
281900 43
203929 119
269496 104
220593 39
292618 179
234233 109
226818 27
275054 62
244115 24
296062 37
253398 48
204867 52
205211 230
270042 4
223077 97
238139 65
235816 72
259412 21
271500 669
240565 22
290370 50
241538 170
291275 18
269644 27
220415 35
210984 42
238134 163
223828 21
264820 2
288278 37
201946 28
218541 108
231048 41
287202 24
276162 21
218099 147
224856 21
230467 14
241735 876
234656 33
245181 49
243685 24
256368 84
274114 477
288577 722
220556 531
254246 41
258236 4
209533 69
268587 371
259012 68
240697 81
222153 49
274805 50
257398 36
288841 35
246261 49
201478 1
201747 41
295385 351
217800 28
291454 61
203838 55
270986 218
286981 435
262075 2
214827 51
222337 40
216004 67
250409 139
281806 11
246318 19
269412 24
249478 20
289496 51
230528 64
280870 18
295997 45
241617 23
268289 52
230552 33
259001 317
204397 68
212476 455
239079 61
242343 19
247633 117
213870 3
283821 38
243962 31
234962 41
254402 35
217071 48
274317 18
210184 54
289716 16
227570 425
227038 24
261888 21
209181 26
219581 47
296245 2
245942 18
286579 129
231519 75
260508 46
295075 23
261348 105
299487 55
265965 400
274395 22
232272 61
274425 23
213043 118
298252 20
223609 144
232050 86
284754 9
206763 41
287938 54
214060 58
242723 70
276088 334
266097 997
214600 34
271405 26
240838 24
249273 42
291521 118
290911 228
234735 128
209230 21
293317 42
261640 17
264862 237
213848 23
299353 66
222825 401
205957 49
217821 680
294781 28
216989 336
297959 39
206247 526
235838 29
225277 3
286416 14
208446 3
211278 385
293341 22
246852 1
209756 92
248081 33
282632 169
265122 15
246492 19
298331 538
297444 2
297773 168
259241 55
273994 55
222513 133
276179 72
203293 117
234914 138
220284 155
239006 126
236563 42
249062 115
299968 143
249672 33
235118 27
224954 29
282615 77
268087 24
225222 193
284418 24
216732 350
259331 23
241708 19
218494 2
228777 1
258921 29
217266 59
224834 17
236170 123
256931 6
269240 29
210122 1
298854 94
227122 89
240663 140
258252 20
218503 25
238215 60
223901 101
218692 83
250395 74
226518 161
295077 95
276489 43
207543 138
201631 109
281652 60
217407 19
204886 18
286303 94
265695 213
298424 187
269330 44
227099 25
286491 66
298894 52
212548 149
214522 183
240154 293
238684 590
280160 52
207995 156
202603 18
280626 114
226874 29
239283 24
248931 188
258141 87
203157 43
257598 111
211855 78
270425 65
267072 19
282331 84
291244 891
246507 5
223534 126
235620 53
283932 48
294351 347
206589 54
209952 42
210865 84
222141 26
224040 44
242700 10
299584 45
218364 46
268713 271
254347 24
200509 89
257354 30
205659 62
249838 33
267678 87
253232 53
264660 115
245176 2194
297419 26
273035 57
266784 70
262938 338
245120 38
235621 42
241147 98
271024 13
265218 305
219373 19
275171 45
295638 94
289327 167
246164 114
212044 73
297285 19
270233 99
251705 147
224787 32
259851 66
202842 138
223820 38
292833 45
293116 5
265380 28
243609 19
238155 83
239299 71
251387 35
295120 48
207262 68
237129 27
242692 28
258612 130
208518 128
294427 229
280976 70
265657 18
291779 181
290316 22
281452 24
253264 70
250469 135
209977 255
240361 37
282536 10
274199 103
234626 52
293523 22
246393 96
222523 46
258028 109
242205 400
297777 16
231717 320
208813 706
243430 1
211791 1
214787 55
224833 35
274246 44
225281 142
220741 1197
247553 101
268055 19
234927 26
208486 2
225514 47
255761 47
262178 25
200938 124
213808 600
245920 22
267857 55
251941 749
212549 164
224443 2
234103 80
290247 1
276136 245
203309 113
283854 35
263513 161
224653 53
219678 97
294487 26
248818 58
260495 144
289094 21
279448 169
234084 36
287638 39
209541 42
236914 49
249899 105
208543 108
297116 49
236319 33
210249 30
257281 122
286301 170
236295 239
288749 54
293051 588
201974 1
246883 98
217351 36
216966 1612
259832 18
268774 13
274214 35
222850 29
207375 26
270304 86
275694 116
229957 884
240675 1
292097 52
205540 36
221070 62
288169 51
278590 23
289347 74
274054 23
277809 105
255780 37
284196 47
225228 31
225650 32
210978 1037
254130 160
231704 101
273110 332
277942 482
209948 120
283895 96
282481 124
276956 43
288979 72
294320 79
258761 142
211752 18
286627 22
202029 166
284674 20
223399 382
299464 72
200106 88
235953 165
263863 36
288628 408
218840 1
278398 1024
282641 3
274692 64
201687 2
279295 31
270461 59
222796 1
235623 27
265674 554
255950 1930
291539 25
270348 24
275345 21
232175 104
204379 21
239536 38
278918 34
231615 47
223348 187
282243 129
231538 188
200934 43
213494 1004
204361 29
273508 58
241866 17
246625 48
249469 340
224907 28
275340 50
270774 49
275432 83
252553 40
249736 215
253983 109
227904 23
218904 25
292513 23
253356 47
270587 139
274340 29
222562 284
226454 291
268079 301
209111 22
206537 39
238999 1
294860 40
232130 92
222522 3
244885 1
277204 35
219455 91
272732 56
252457 280
227351 1743
233025 34
200268 66
249305 21
229391 21
279565 41
238747 388
226459 630
216098 176
206275 99
239325 29
205468 24
266585 22
235096 17
209936 50
250691 25
233711 2
282956 46
258861 50
239205 168
261961 120
251725 2
238411 2
218085 65
216443 677
241731 49
207651 156
215944 20
233322 118
214814 44
266960 28
291122 283
255909 40
239145 250
248828 14
297621 256
284901 51
237655 87
293082 19
234512 16
211438 45
244118 1
289930 23
210947 405
211315 211
200529 21
243337 2
224309 71
216501 5
203159 27
251851 115
243965 27
201445 45
242501 24
230622 32
271734 20
224728 57
295009 35
288099 27
280723 45
236473 87
248893 323
254630 51
234689 196
218314 44
238317 64
202725 1
236468 31
238628 51
209044 25
265992 76
257067 103
275321 131
282143 21
224107 76
283679 9
250244 691
270730 64
211270 40
262590 34
281518 29
224926 25
247570 100
241712 23
282664 61
221717 77
226892 73
244188 20
274597 80
263623 116
212929 2
255819 19
277454 29
210661 69
223438 39
223117 17
216323 13
281094 36
290134 93
234835 4
266328 65
246830 121
240633 23
288013 32
222230 23
245065 53
247126 1683
228595 21
216185 251
268825 69
227433 27
218745 28
249888 45
248074 27
252164 720
271936 53
277715 37
241509 30
275166 26
269104 64
212214 19
213819 25
272317 405
264156 92
279265 145
288501 136
293401 30
230254 30
283305 27
200698 1308
203140 23
217923 557
272569 36
291863 77
225145 95
299654 120
225520 116
277465 34
270495 23
206600 100
215805 15
282210 50
274359 27
285849 172
247297 204
254882 2
237717 235
204525 24
282947 44
274400 23
234661 18
227824 20
257138 4
220183 132
228337 52
288268 1228
217603 49
200329 49
249008 2
278326 41
268443 166
227474 105
251596 392
258962 451
281908 51
262750 26
205952 67
212145 54
241754 55
274733 9
270139 42
256134 46
243054 93
248770 248
244559 79
256559 25
210035 26
220707 58
205306 55
241190 12
278548 30
227197 40
293223 156
258732 55
232904 26
296709 551
227971 80
200572 136
293666 15
256710 265
238939 64
267424 24
236069 49
262667 19
219967 18
250695 777
254275 98
292591 126
230090 1
254294 54
200647 97
210007 23
273599 141
233589 253
281143 39
210234 101
241386 23
208843 57
228347 23
237585 69
259676 75
253374 104
294464 100
222193 24
210628 39
246985 188
200937 32
209166 588
213427 219
224566 1
278565 35
240091 149
297987 46
256166 15
217253 29
244836 79
283068 44
280288 27
263920 169
232613 48
288772 83
272784 396
249853 72
272589 337
217715 31
230018 18
253762 96
218229 41
269105 69
289919 446
245741 33
298959 84
217966 317
280869 18
247996 150
219664 79
270013 28
234013 21
214205 35
238402 59
297554 48
202551 222
258682 524
251234 27
296783 50
254577 1
244078 29
225496 43
273091 47
299713 33
209499 77
275151 63
290868 46
283287 57
280330 152
213376 169
216216 8
276151 30
240694 52
280423 92
267703 18
284107 37
272676 44
210487 147
277400 130
211160 159
244330 20
236396 23
269655 81
254418 183
290457 33
201813 357
217894 140
220990 175
256027 46
267166 107
200676 16
242885 37
287826 42
284298 34
283729 28
263287 72
260798 98
241459 50
268527 63
284438 40
221647 23
276669 39
247646 3
263314 88
260178 153
248846 408
236197 24
251632 27
239642 42
236578 77
297064 18
277576 18
288257 98
218114 20
286519 95
217739 25
261182 127
271208 29
285953 15
226652 38
229012 26
253067 47
219447 17
254891 42
249052 24
221576 125
218115 100
276871 476
279576 40
209946 146
268721 61
262603 61
255117 148
282919 86
280370 29
236101 18
227170 52
282662 90
202566 25
283575 143
262624 24
293996 10
226683 30
224664 159
287382 28
208937 18
280694 101
221963 29
260698 80
271746 24
289563 439
211343 7
285993 48
269922 40
247491 24
286149 72
223784 38
202761 778
211998 72
221087 65
272952 2
290548 23
261118 84
229524 98
271278 67
262246 70
261653 16
202064 3275
280874 22
276976 25
201516 122
297445 276
238761 701
282906 1
267054 79
295093 39
208200 41
293080 21
280669 146
202996 498
224328 23
298243 42
222539 52
225195 7
244432 26
246397 121
226413 31
263755 63
208433 123
237048 210
275945 72
297919 19
267873 119
217735 42
275299 3
233204 19
208226 36
254291 294
219977 100
254002 201
298536 57
284324 118
211334 49
266207 733
238463 209
288181 23
263820 44
281429 168
211626 22
264452 36
284218 73
271913 10
285283 45
266135 68
206755 28
269692 96
263837 162
214427 92
205484 103
219482 162
215452 129
204089 27
250223 167
270041 73
217783 50
296880 100
217488 234
209660 96
241834 22
212267 18
253651 42
249631 43
224083 301
269420 27
297443 467
208621 13
251551 314
240669 192
225590 7
266288 87
230034 25
206301 60
215492 37
282982 50
233605 19
209314 285
212319 173
295587 43
257495 189
225944 30
274988 36
256357 278
255947 97
214994 19
257787 39
234806 133
299391 18
294958 53
212711 78
262201 13
233634 449
227776 116
230337 33
257616 1753
237701 25
251996 120
248546 23
214293 90
223114 10
272468 34
204336 140
277066 99
281355 424
255111 3
230784 190
220113 40
251837 142
256910 394
261605 102
223954 4
224098 36
245004 26
258948 30
235084 27
208207 140
245843 64
277937 70
293335 30
246449 54
296346 96
289349 1
235253 23
241762 489
209173 27
275984 28
288657 2
207132 22
290034 1
209745 42
233061 14
255672 96
290692 39
297410 42
229824 831
250891 99
204374 45
236357 42
252869 17
219622 238
250242 29
212918 25
232164 75
248111 40
224860 26
212391 14
262226 124
279807 40
262890 37
249935 37
287795 49
210850 461
205870 16
208079 166
243432 16
269282 66
249185 45
261579 26
223282 18
285836 361
258621 46
230573 51
213271 43
224439 17
275929 32
211046 59
236380 54
298923 57
294638 34
224009 73
254626 81
242496 64
282656 63
266025 1
258653 21
238069 61
226761 133
243777 22
220834 27
270194 141
275988 18
210023 51
204744 55
202790 370
205914 65
246315 34
267302 2513
266179 36
224868 20
299646 45
206920 66
283206 26
229403 365
214821 48
214622 305
205367 219
286668 99
256358 517
267245 23
257524 16
229921 42
263960 43
299858 40
269788 3
251401 123
227911 69
217262 43
296338 20
261102 114
277116 145
266208 36
274108 2
258678 154
265898 34
215042 17
259947 30
227783 112
245261 107
225898 60
233802 94
205006 21
212987 120
270924 56
297500 117
203633 26
284594 277
262749 59
229696 121
230047 75
212179 45
296874 17
259260 77
223437 40
236619 721
278945 30
252834 29
280930 23
204131 501
274857 52
274684 113
254222 43
247500 267
265034 40
285482 39
291019 27
279543 33
242433 2
209144 22
243282 108
253965 66
268854 48
296084 58
264207 373
274428 23
229718 31
218901 98
204890 25
223185 234
201401 50
228822 30
242234 24
215659 205
228633 6
290822 49
228944 21
279561 261
290818 348
236262 127
222345 66
264146 74
227205 37
203921 86
268125 197
268793 77
294433 78
292008 45
239047 49
240768 28
250549 1
294228 30
247876 51
246988 13
282461 246
294031 1
268787 22
288892 206
221268 46
230651 24
217309 128
254733 72
200410 33
255820 28
214095 3
263625 120
206077 116
266602 105
287843 42
223494 86
238140 18
259491 22
236509 35
285673 20
262125 231
231213 30
226944 195
230039 45
202577 326
276572 25
252762 86
284181 99
275184 254
203965 29
233459 29
280682 182
272079 33
210224 52
261912 29
293606 181
208343 2
237635 25
263276 26
291902 46
200775 71
262022 154
240524 220
225591 47
270596 19
267693 67
211643 137
249498 21
232242 52
238349 106
274069 117
206889 71
210407 38
295108 1032
291829 94
256276 70
280943 31
290301 32
214678 35
285114 89
292444 160
249584 230
221550 50
278665 3
276466 2
297815 48
279142 145
210773 63
275689 22
264159 18
277045 54
271793 184
239311 48
298260 31
278320 103
211110 49
208040 72
233740 26
208032 203
289238 36
207147 83
296357 49
245875 117
245527 57
235587 160
222485 23
255027 158
277976 101
211547 67
207972 161
222047 40
232176 79
240248 27
261210 78
219526 18
258976 179
275529 34
293659 1344
219273 315
222310 27
216562 27
239974 40
205146 2
220571 7
244272 26
267207 255
248839 405
288645 27
242568 23
275375 160
283804 100
290858 1
207936 2
215229 74
271035 112
259049 35
274608 113
218146 58
248883 88
219999 77
246256 16
297761 36
264301 721
261137 25
291493 27
277349 372
209656 45
200548 45
233092 22
225489 48
240138 329
283268 25
246651 18
272149 253
217261 1
237872 43
282598 22
202404 47
237766 38
227105 50
222353 32
216238 20
208762 28
224961 74
283259 21
222706 358
294719 34
205040 1
214261 21
272892 47
255086 51
235087 63
234455 84
272023 78
210966 25
275669 25
288185 503
202916 158
223502 63
264473 126
211719 93
202322 27
208651 56
286953 258
287828 90
234792 67
253268 97
248766 15
275676 27
263891 254
235905 33
236001 49
296976 57
226297 98
227447 37
201562 36
283300 81
296846 23
243463 43
228531 33
258957 29
288715 122
213714 87
297700 1319
245761 28
282032 28
259506 5
268473 74
265868 469
268336 34
283857 122
243514 18
257703 75
240999 102
295608 40
280654 83
279185 23
229710 46
263895 34
233157 36
278922 137
265448 47
235989 16
261642 145
231811 230
209280 205
211900 34
237147 63
265433 23
266103 4
220399 1016
250486 24
223956 41
244106 41
288445 1
224473 87
285194 88
249159 158
282348 24
208483 24
230910 1
252114 52
231151 26
240823 227
205911 33
258353 103
205636 111
249432 74
216255 43
278091 133
253049 46
270638 41
205713 2
233299 49
215848 35
297609 97
212673 27
298340 48
259854 62
249640 27
277242 356
266142 17
204305 271
217068 86
203175 125
267648 48
293091 84
261239 42
269571 291
238614 401
220232 1
210195 113
227054 80
230730 22
289646 13
209999 31
251720 813
265586 22
235672 24
276627 44
243156 40
264180 145
245534 85
243544 28
200053 145
248144 64
216151 48
225735 19
299044 205
229975 66
200969 22
216287 16
238582 291
259662 28
261779 44
241348 23
291037 22
261597 40
297385 24
273312 23
222014 36
230471 122
234967 22
220182 49
293728 144
274578 94
290662 41
243817 1
202110 87
259309 31
231552 4
290683 45
273241 37
270519 332
242174 302
236280 223
278172 18
294370 29
273263 73
253709 78
235393 57
259509 186
242468 92
281734 29
261616 26
293833 69
280538 209
257103 27
294502 17
235841 18
218839 16
244642 24
249518 130
224231 24
213623 131
228403 24
239850 47
296556 47
275051 24
298656 50
245563 33
210063 9
214340 327
223671 162
277528 31
234514 1363
207833 2
208351 63
293760 46
230331 28
231515 69
274784 125
255356 281
279496 173
228722 44
255149 49
288651 43
246641 333
276195 48
295708 20
258198 65
246673 27
205849 379
277120 316
265648 26
222767 56
269408 592
212413 35
206346 51
265577 37
286157 47
270966 27
223978 112
267903 20
223322 25
258067 19
293447 30
244571 296
206092 433
223340 93
261695 243
238866 91
225503 19
281761 202
266635 53
260290 55
294457 1
276047 245
244384 32
243189 246
230786 31
205796 39
272776 30
285758 13
237007 336
223761 36
285548 276
201388 143
233664 22
268500 20
223472 18
257120 15
228172 784
281238 33
261204 72
259871 54
240529 317
258449 60
222585 226
263261 38
233982 54
240794 160
287921 49
272844 72
237092 32
233365 38
282806 70
267017 15
265197 40
217550 1589
220235 28
203054 17
252728 43
203417 1
239451 65
283318 20
207781 22
282452 639
224748 65
210833 30
220392 32
216404 30
255668 271
219246 21
204636 120
258789 21
289891 25
210329 19
285670 119
282267 20
227836 92
212205 24
223866 240
219953 174
238785 64
266657 55
288988 25
216676 19
294458 32
277626 52
240790 52
265199 192
295117 427
245217 231
232626 20
290638 91
213879 70
201722 76
256533 325
207456 17
232344 217
266237 32
253106 55
215106 22
203040 22
260042 2
232815 41
208756 90
249909 22
226882 46
282430 70
291212 35
273380 48
260074 403
263430 143
208533 99
292775 161
239782 60
292795 61
256098 32
241766 85
237552 52
241368 29
288375 48
282658 5
290579 1
289778 1
216044 122
261849 16
244902 34
243268 35
202347 77
287242 229
268848 302
231874 72
260628 28
227300 62
268578 21
254715 29
276599 213
294042 43
281147 132
293478 573
204424 62
224184 10
215985 69
281169 190
289921 46
295784 49
200062 33
245494 3
277863 141
275814 11
256162 22
232794 77
214906 113
265833 14
294432 110
245240 231
200132 36
292059 449
258260 29
212349 12
283706 18
291391 107
218891 1882
209927 55
236264 21
278618 317
258857 99
297626 51
234966 5
226340 3
247648 2
228020 220
232402 18
200869 244
220014 19
262357 70
274841 31
255254 75
291341 71
220372 137
257194 59
248101 105
239444 27
229836 46
298933 520
244058 16
282538 115
212928 41
267353 226
229339 126
230010 27
263451 101
215757 391
292634 610
295146 61
223605 28
219789 41
253601 68
241115 39
216155 256
270922 17
250567 27
278430 54
240829 1012
282111 29
200211 14
265938 59
272311 1
273930 53
215583 68
230437 35
268832 120
290453 18
250666 202
258935 75
267841 301
295511 164
236554 20
275431 33
277223 25
288480 44
233708 81
217414 135
251330 23
209865 31
293679 225
223845 56
255256 95
228267 61
232899 1
245774 47
259483 74
235657 21
266332 55
216395 72
225067 21
272377 66
257674 198
235001 85
248182 689
258342 10
281979 50
268826 2
256452 12
227610 28
277331 24
258752 23
241444 1
257742 28
203269 23
273152 37
210439 34
246381 58
229485 2704
271003 32
203983 1
232982 1
200269 40
279108 43
231523 28
288724 57
249690 21
202706 107
203934 182
254209 12
293356 45
263861 47
267319 31
200321 46
282938 1
274890 47
221455 52
255731 29
230143 30
255584 50
228764 73
237978 672
286506 25
282779 25
283613 529
280017 219
278150 206
237773 44
260486 21
246613 37
289456 80
230923 11
226270 2
278787 117
227837 232
295819 182
249643 57
288194 52
237977 127
202286 28
266380 52
217144 215
243161 84
201925 30
217154 73
208077 120
290681 54
275381 2
215952 28
265625 813
215398 43
264305 62
231820 37
204268 48
296588 104
281225 21
254784 27
294804 64
201168 39
202807 444
254370 474
287688 24
245681 43
237981 267
264985 72
254488 25
287678 25
237457 27
262135 362
262185 1
212151 23
285305 182
214203 22
271404 30
225560 53
280706 123
232757 24
216149 102
228789 419
234980 19
250565 185
264990 36
295251 30
287297 3
221180 35
221813 40
288142 21
224570 1
280292 72
219478 68
211907 183
219627 129
214550 57
274509 131
232305 97
243437 19
216522 22
281887 55
275762 69
257269 551
285875 2
270398 10
280711 111
295498 602
248187 224
268187 99
264766 49
209795 1
289106 44
206875 31
242115 139
245976 18
209341 34
263190 43
224346 1
265227 172
289042 32
229177 24
283635 28
233137 1
289383 45
281434 13
291555 92
204094 282
237743 63
295949 86
274834 79
229164 234
231407 83
275445 19
203163 113
297513 77
250352 101
243385 40
214136 231
229193 85
296893 117
235435 104
291674 10
267333 232
293252 21
232288 154
216066 238
233808 685
284001 146
271021 62
267239 44
237686 220
234102 3
264405 135
217135 46
279212 97
221000 70
241328 78
295644 61
251449 22
220471 26
239300 3
284131 141
233383 35
228026 42
286974 45
252865 133
283869 143
254034 29
288095 44
273349 19
228968 31
226184 1
237617 107
206890 142
212314 2737
229914 279
290733 26
269698 30
211965 445
246456 25
272929 116
295509 7
282184 73
272344 110
274846 1
257428 67
290426 20
295869 75
259089 118
279681 143
291716 22
223036 118
270252 78
238376 46
232968 146
253908 1353
218132 46
202119 83
266534 73
234573 60
202935 58
252367 97
266781 21
245503 4134
228519 29
266245 15
250246 86
226398 119
239984 145
276145 91
211563 28
257139 22
279397 128
276821 25
281604 70
261996 37
216489 31
226042 212
226134 31
205767 72
214598 41
259827 18
216058 73
289940 52
229147 24
249388 37
237826 43
220163 189
218698 22
214313 408
212514 291
240985 75
203884 83
241790 25
243012 43
245398 183
267006 458
239574 141
229505 1165
299369 783
275941 56
224504 57
287904 35
260057 380
261766 110
228857 49
262758 34
268851 510
206133 35
211443 55
216716 17
268367 13
221864 121
289267 49
223530 21
289192 113
207365 12
265022 867
212679 17
262739 60
201821 438
282999 26
203454 160
250405 75
295592 160
219467 162
225399 104
274496 1
278806 45
220369 39
297980 48
289334 108
252165 32
210335 54
206937 31
291808 2
298018 25
274828 853
246657 167
265959 509
208474 47
271367 68
267788 1226
254642 50
282102 34
203933 50
227393 10
284497 40
225574 194
222127 88
282655 1
264800 13
225385 74
264052 987
299100 27
226801 79
280846 111
221123 28
246555 13
231756 199
216325 20
220658 79
214085 1
298212 28
261218 160
262418 94
243040 76
293425 42
219559 191
268509 381
252610 84
241003 25
218744 20
267200 449
294491 67
210528 16
241023 44
201555 349
262619 99
292427 62
201517 171
294001 74
241660 150
228902 49
204995 171
234465 49
290664 745
283159 202
233490 60
229650 23
281443 479
208958 259
201062 358
243405 37
241278 28
228281 129
293131 138
290591 51
284020 156
211092 41
276285 22
235671 227
262292 56
224188 39
299002 429
272359 4
256437 41
275868 734
293864 20
288585 26
293373 216
232680 20
297424 17
233631 65
260970 3
264631 156
258358 34
299473 22
268867 192
274275 44
220385 1007
256209 2
220863 125
207382 5
233689 85
248091 1
234080 132
289623 380
202071 76
253854 69
271854 18
280704 1
280351 215
272029 21
281954 60
291258 420
226110 18
287637 61
265154 146
204023 65
201625 121
273929 306
290130 12
235571 3
270343 41
224522 38
207877 33
227772 18
225192 50
222252 25
213587 27
217457 20
279997 86
225328 309
242571 21
232777 5
225804 49
290730 97
213740 24
217757 58
226215 28
283289 63
255825 25
274255 22
261541 254
260804 194
241464 74
294486 41
247447 2
228081 18
230514 101
216567 2
229317 184
205353 132
217403 1
258715 231
299447 30
280323 109
291219 1
230107 32
250707 47
224511 106
277652 47
279391 49
254362 114
286367 18
276262 25
201764 65
250858 187
251989 42
217176 36
221172 33
211882 616
232686 23
224134 397
221245 47
274848 113
299136 4
237809 26
275502 52
214516 47
226058 142
235133 32
280685 50
292628 63
264200 47
241221 50
217398 140
254043 55
248841 52
224359 283
238480 241
273822 56
275440 174
209966 28
274942 47
214534 68
228217 21
241828 143
223707 137
218597 37
253396 566
273386 1
252983 244
292039 44
202045 97
281163 40
281746 76
297969 77
248218 125
290882 30
226917 770
213161 170
276998 35
237002 106
218672 43
298305 25
203627 40
257091 21
290766 27
238585 1
208081 21
263685 30
236334 79
279861 28
283889 475
229047 311
281596 229
279771 142
230274 112
291027 115
256634 44
262718 32
258301 11
282455 16
255119 2
266695 485
282630 95
267331 30
279499 112
270777 82
229902 24
247018 127
293566 22
209950 1
260657 47
250523 21
247457 62
234507 26
270597 36
232792 1
289681 202
205534 47
264606 26
293793 905
236529 16
275751 74
242028 37
232149 53
245359 65
253487 68
249027 23
281062 62
210550 39
265471 55
206372 44
258244 28
253749 51
269156 97
227456 1
277354 81
267624 216
243151 105
224621 43
245481 12
275787 21
286724 14
290939 27
272051 35
236631 1045
230828 40
218340 47
264789 22
233141 27
218673 331
248513 16
211627 51
285519 205
202223 142
207868 40
269630 26
258527 20
284565 19
202459 54
233505 138
273518 336
244765 19
241211 974
289612 84
228138 99
200033 330
273979 37
243910 101
209008 28
279540 335
299336 35
229892 48
294706 309
266370 49
269169 386
250678 120
298073 74
299376 26
217516 124
266217 47
276920 71
236343 8
220202 76
200831 205
268236 88
227499 30
275857 70
237725 128
294451 117
212639 133
245320 19
240350 25
220717 327
209312 148
204447 44
282735 67
219005 1
227740 1166
226247 32
226239 40
228213 24
248384 37
246092 26
214144 23
289976 1
258637 66
271178 228
285500 24
276546 1
289202 673
288240 44
229093 1299
236438 91
264444 361
295974 18
245568 75
299986 39
231327 1
226103 2
290732 30
277525 9
203660 90
241857 50
209209 24
257538 109
224377 2
273031 53
229773 21
230523 94
203292 14
237658 28
232894 73
295978 67
214965 120
271096 19
286241 121
256201 68
273990 54
297958 98
238945 14
297111 91
231242 119
219793 29
204796 21
286778 38
253224 19
244135 326
224541 2
252797 22
274404 93
289442 84
251729 170
247941 68
235863 24
265403 54
250719 26
286982 17
269295 127
204659 51
235777 116
271956 309
246119 213
214005 62
274920 636
249504 39
261285 133
295256 30
220275 138
253267 72
225369 22
256122 229
235258 141
212248 556
266774 125
254138 40
286660 97
229736 17
257973 19
225530 61
247802 135
210401 16
264288 20
203025 1186
214169 36
238513 62
211255 406
259968 863
278090 130
259157 133
272509 177
227962 66
239682 466
280799 105
228868 39
224918 72
270830 42
225606 213
264963 1028
274450 30
230846 72
261684 174
280176 25
264128 27
235013 24
229244 138
244174 88
265894 100
210588 36
244343 22
279708 77
249702 38
235352 69
230579 212
284917 153
267638 52
246557 1
220211 54
277426 68
278365 119
277707 51
252531 101
275825 27
225117 64
272920 73
217654 1497
208847 181
286887 1
245388 199
213886 28
269170 99
253698 53
299861 31
206996 92
273350 50
294812 35
272218 28
219728 376
204583 4
241446 16
284858 4
206517 44
218868 104
296584 330
211302 4
224229 166
264799 62
287941 43
270109 17
231077 55
290513 63
289590 55
218584 66
228805 55
283435 77
205485 17
224140 27
202548 33
270100 73
283927 63
245212 56
226424 48
232432 102
273776 42
228310 20
201629 55
247111 283
234434 47
290888 37
223102 38
214463 2
271194 25
284165 44
274106 4
200701 22
280222 24
296321 145
269658 51
255375 143
282699 994
226054 25
259034 75
238996 72
268976 19
218654 18
258274 46
285617 307
260828 108
260068 58
231903 98
292201 24
211608 26
240708 332
222307 38
244939 24
216541 20
219970 25
229350 97
216217 177
207515 112
223003 29
270341 78
273369 13
293226 20
233818 73
284815 55
274760 30
265740 33
214485 69
290391 48
279058 17
253243 1
235408 41
218349 41
299383 16
263099 101
208477 1
278462 306
271604 530
243249 384
236082 72
213858 336
239569 38
291407 1459
270020 24
286622 1204
228804 2
224593 153
229013 19
292115 109
243960 170
249692 106
292721 32
213445 3
251434 26
258736 18
223210 156
241710 72
252832 41
292823 123
235867 19
208635 100
232719 89
298329 29
277843 47
273144 22
212294 243
295461 37
216877 32
242122 63
265867 45
201757 58
200185 17
280396 38
244073 1
222793 164
214525 42
298963 24
296002 17
242359 96
229171 194
216979 76
238201 2
259537 1563
216518 33
268044 412
217274 27
222439 25
210351 181
258998 76
239201 682
276445 98
250107 58
292271 75
286942 49
215983 31
263734 35
213539 16
264786 24
294019 436
268730 146
237634 139
264098 84
288661 47
278708 50
280241 48
256401 94
214543 297
227770 34
237691 29
232033 118
245141 40
222204 77
244448 26
254646 72
272593 46
248553 64
246620 57
280604 26
267352 4
256571 35
284671 125
212073 181
248924 112
277410 29
299609 88
289133 66
296383 11
250777 43
277837 30
251897 73
249407 161
204000 89
243110 131
291909 83
296524 40
298429 52
268931 47
206554 1
235117 48
230690 324
248200 82
248247 46
229287 48
295766 137
214072 11
262310 25
232435 75
248002 355
269379 122
240786 39
247742 66
297186 250
299613 25
284170 76
207955 1
265631 42
240078 239
226133 48
223598 75
207473 113
239683 468
277602 120
238744 20
268167 19
279751 837
235595 70
284502 24
293169 193
231312 47
257937 92
250307 106
265066 21
253603 280
298395 23
203057 78
208870 26
259092 645
241675 52
255126 2
268729 197
244561 24
284359 119
227753 182
238606 96
241018 143
202218 26
262479 85
220414 55
275643 2
229120 39
203784 13
251346 65
269540 115
253650 284
283430 126
255012 26
285046 22
282645 23
219067 43
214174 20
231823 39
236342 368
226197 320
297910 266
229310 77
241844 20
224950 27
203425 622
228921 26
280313 36
212184 21
234464 65
235451 29
244460 42
273252 339
291485 70
289840 72
276082 83
242385 49
201243 26
242696 20
233002 37
288899 21
275800 31
288658 261
241719 19
202557 85
277178 65
241898 31
245341 41
239043 62
255642 193
250551 20
290889 414
233945 13
217437 11
279394 22
268172 86
283384 301
207958 46
271054 151
203319 24
225047 28
297191 38
217838 75
256100 55
200078 24
214873 285
230382 22
235295 25
280317 993
257510 28
273171 23
223238 246
203685 3
210145 16
230198 20
219244 91
239981 43
264690 41
234318 146
291631 138
243950 118
212897 97
221731 93
287498 103
295388 36
294117 23
284685 82
244509 47
279790 117
266061 73
269279 91
225923 166
296379 23
282218 64
203928 29
293855 29
273435 49
262633 66
278678 3
283367 23
292868 53
208256 21
218192 107
268666 95
259428 95
204380 1
245379 93
292116 1
280339 323
243741 32
215432 36
298498 29
247095 35
296237 30
207149 66
262308 193
228245 258
249738 30
239879 21
242329 88
238183 132
222425 46
210817 93
279606 23
284232 1969
235687 68
273570 48
233890 22
243531 73
231748 44
262336 29
291010 8
292021 23
212051 21
208251 42
298942 237
224493 3
278063 9
242593 10
257649 295
251778 47
267673 22
216031 16
293708 20
296341 32
222859 38
232151 30
240802 120
277931 1270
212883 91
284442 157
269058 25
207207 22
272394 352
287332 367
253324 23
238561 27
285997 79
250765 24
278397 24
229546 1285
206515 15
240082 96
268349 21
267913 70
248097 309
217843 56
242413 23
295715 80
272199 48
221433 32
209775 245
273681 91
250334 43
222529 13
206125 1
212961 51
208225 27
236508 29
202476 172
251302 14
224425 1
218765 45
278331 19
214962 66
297329 41
264595 62
289838 1
235711 9
285446 113
207181 46
211125 362
298775 292
212344 45
267820 39
248572 47
292585 22
220213 117
273584 85
225858 13
213695 277
251239 22
278460 33
239288 144
227874 80
272347 32
284164 21
283830 23
203918 77
277943 25
256091 777
207918 70
273707 28
263991 24
217779 3
269996 109
253519 117
261767 17
248638 19
213058 148
237073 377
240875 27
277781 50
268675 34
240140 72
277882 318
225020 86
261001 62
244613 47
286698 23
209642 52
214614 117
205473 167
286406 68
264035 282
223082 40
256214 72
263167 164
208676 25
271321 76
211141 29
215552 36
243068 31
251685 68
234294 32
221038 955
227671 28
296673 252
211227 143
273779 1
295610 43
292799 259
264036 119
296861 212
248391 1
251404 502
206287 15
299629 63
280006 12
299883 45
262645 42
213545 28
278145 8
293685 36
280019 25
279186 93
211647 1209
297985 34
274566 122
259966 35
263084 49
257085 58
281207 36
245340 54
293814 29
227083 80
234270 189
237961 83
253005 45
276811 27
225404 30
264225 2
297101 56
295058 564
250214 25
252910 61
223524 717
271448 33
255317 377
257195 40
227984 36
226551 3
281711 39
203710 41
206097 126
275915 20
272254 148
275391 119
202651 42
217597 3
218216 58
243436 1
249863 103
207169 100
248338 72
238135 104
248179 28
245005 21
255438 17
293212 21
211829 62
238405 48
215039 58
248004 28
294654 102
213299 154
267853 86
260207 69
250129 8
264400 71
201214 55
249957 67
273537 31
222027 1
257492 76
257632 63
243292 96
222999 1
244966 19
233133 58
241577 38
207404 5
293316 25
260736 976
229539 29
229721 43
248291 14
294698 66
261950 53
203154 762
218689 171
287055 41
293595 29
231476 43
263736 27
287113 57
259874 230
223849 386
233576 316
205953 55
283649 46
263826 71
219699 127
200818 106
253896 23
209330 44
254942 1015
223553 69
241758 598
231922 22
260303 101
219630 58
238261 13
252358 237
282754 17
243670 42
237392 291
233915 122
225055 165
266067 51
218608 290
242241 1
288796 153
291657 54
296595 24
214976 25
278402 109
224908 580
286792 39
242215 86
235885 278
204020 405
264334 22
200445 88
269391 30
256046 104
232989 196
238196 2
282272 42
231258 99
280837 31
296968 5
274595 17
225918 94
244098 11
298985 72
243226 225
222739 98
216894 28
296634 22
260035 27
224162 11
257334 102
259307 1
299479 44
264685 104
216224 26
236124 279
213941 87
206773 108
243588 507
290374 163
207597 160
239808 438
265075 72
291563 29
294826 423
212686 97
265998 68
277846 80
283362 426
237707 53
255416 39
267141 30
260538 38
214334 69
222289 557
234680 22
272875 30
264406 29
235544 72
222417 92
253032 21
235199 28
207215 165
270185 238
293847 77
291981 557
207339 49
240774 99
291729 56
208375 12
260661 17
277821 1
267834 197
222588 24
237472 19
294333 40
263901 2684
252559 45
283848 16
246190 21
276541 52
277978 28
219239 83
278147 261
237762 75
226784 26
263165 30
284836 230
231105 47
285337 182
202025 40
200153 19
295950 34
213553 70
264498 135
227279 35
292255 1
256243 66
289274 46
233587 28
224123 88
263438 37
237713 36
209225 73
233786 152
200566 16
202494 123
241921 26
295156 46
275335 58
210280 1015
254856 39
286113 10
238694 42
243635 45
280122 370
242808 7
244582 103
221461 49
204587 28
273116 3
252514 43
281125 80
232260 44
219639 37
216488 17
259833 32
207253 58
267905 59
219316 37
230097 114
224953 11
290291 20
206764 32
203384 17
216767 32
200326 46
235598 22
291422 67
214478 165
292130 132
210118 28
282335 64
234638 45
245358 26
235236 112
294749 1
219882 63
240958 34
219631 58
232060 1
244541 11
282288 55
284846 21
210733 37
230023 105
253292 167
233145 27
227737 30
267683 29
268763 46
235198 57
260358 101
262899 814
274363 27
237200 212
215294 52
256142 27
290413 114
245436 124
200677 64
226120 125
251338 53
274832 18
232005 2
267753 136
206765 68
228732 31
211827 53
220420 3
273967 44
288377 54
262221 308
247067 128
216613 40
283031 20
286106 25
223220 38
211139 62
293602 38
238041 34
202265 51
235023 37
223740 31
224412 158
200131 212
292639 5
239163 71
239286 29
250067 23
208544 29
261687 31
275729 36
246066 48
210260 78
215802 39
286175 142
238421 52
251021 48
263450 105
222087 26
281348 38
245550 64
248471 30
266421 20
262304 87
280326 25
297177 25
260399 1
271994 713
201046 115
273391 55
271156 23
262237 24
224602 296
272195 24
256857 36
219935 51
258986 48
214004 102
288864 2
243473 43
236479 1
207501 22
265749 75
284752 83
217561 29
277936 64
265686 34
254601 71
268581 176
249462 21
274914 16
200809 18
273347 92
223424 2
233645 45
243558 222
276126 34
246574 50
259774 8
278302 11
296071 21
204168 122
242805 197
227663 1
231179 69
202873 28
216537 61
225175 468
250164 12
231598 69
275991 34
251679 17
299262 27
244800 6
234685 19
229934 55
294298 72
258521 41
270015 1
219417 834
247674 395
295039 50
285376 245
246932 19
217109 47
226131 32
251153 51
229924 285
208529 75
223721 347
286609 92
276135 41
265357 22
291179 349
202408 78
256893 1
286282 44
252561 120
242084 17
229271 63
222352 1
213484 51
268834 45
238590 168
277631 53
278354 15
219565 105
231510 22
261824 119
264076 73
249089 36
237561 934
204465 70
285326 124
264464 118
238626 24
244852 20
251376 457
283637 90
214368 82
267042 353
290274 43
219420 27
252360 86
244644 47
248987 53
255834 40
248804 25
272951 118
268370 26
212546 95
293980 175
259965 38
264919 108
216986 78
298607 208
258324 189
237957 75
288281 23
213900 20
231300 183
201003 117
265465 66
275103 20
226109 386
255274 223
220131 34
259632 10
265456 43
292356 15
213270 76
272451 57
215213 152
255922 1
264987 124
280929 17
282174 31
221698 94
265892 28
213454 17
262797 78
284712 64
202732 5
215690 60
217900 73
223725 121
211910 27
204760 124
222594 30
206178 107
214496 21
266507 47
248801 76
287805 142
265549 26
281924 15
224214 217
253226 148
275215 166
232043 54
204598 186
243145 56
236937 2
206234 275
287881 123
253380 29
236884 152
244954 594
244085 26
230380 30
219502 31
258405 24
257954 73
225469 25
229489 79
265689 170
211957 14
253402 18
256195 601
260425 21
255287 102
274396 42
278987 20
206666 96
214813 28
296594 601
271943 140
224038 22
264038 20
229153 1
263143 177
221035 74
275268 197
257256 24
228031 48
238881 427
214884 16
201211 22
272901 115
218708 224
211632 58
294572 44
246682 28
271424 35
226507 19
261264 30
292750 22
214430 1
249434 91
264415 26
269758 279
256758 131
253786 79
235240 2
280033 6
288882 48
260721 4
262413 195
299522 14
285556 167
264861 30
205918 31
282078 41
228194 64
201940 293
231067 270
215146 48
299332 58
265166 25
216420 66
253852 29
209316 479
202113 2
229752 105
276461 19
289529 63
205119 38
264055 73
264338 112
244181 507
291877 30
221634 1
259867 322
256824 74
280553 115
248539 155
291728 223
262748 26
282957 121
244383 32
251118 30
252668 1457
252033 177
253247 25
209518 289
253903 410
225886 32
214162 22
266226 27
249426 220
237839 46
297344 26
217100 1
230461 2
210302 42
234763 107
274380 47
200137 79
295640 80
277252 21
284870 46
251136 180
256090 191
277104 314
289207 117
251179 102
284716 52
257371 49
255907 22
206026 28
215340 68
298020 161
225867 405
218407 67
268393 38
235036 11
220515 61
247179 47
274576 45
226062 94
250094 66
245310 39
207626 37
294618 57
229506 59
222142 117
222176 102
268566 233
243512 61
204546 46
206174 62
216333 30
263530 164
213231 152
293225 48
245701 81
210597 179
220956 43
258265 23
233672 52
278296 350
247720 172
260465 34
242816 300
240198 274
226550 1
226151 93
293818 46
291600 21
250211 83
285999 123
257255 88
257404 22
276853 90
289333 34
235402 30
250613 49
206058 1
272429 331
255646 62
254460 17
286757 208
285349 26
272542 22
218007 439
249932 184
294778 61
278895 96
208259 16
243278 8
237339 235
243147 59
231429 454
256068 29
281330 21
284534 555
273496 26
289080 47
216188 489
251488 157
299486 57
205032 438
297619 45
231970 417
249769 70
205673 71
239685 64
205857 244
254685 17
296257 256
205320 30
222171 6
266054 26
251003 92
257261 18
204767 101
265621 83
206367 42
242423 17
217775 148
259440 2139
204538 28
265473 460
285134 64
228415 39
205634 7
241759 36
278303 94
257260 19
268085 332
212486 92
216523 360
223818 14
207287 26
239673 86
231601 48
279238 268
218265 91
264214 972
242856 66
208685 116
238822 219
209685 18
278081 106
292205 105
279373 684
220875 49
283641 817
252251 89
274100 28
244893 443
210451 75
253531 102
203503 250
230257 57
278710 804
220365 30
243590 794
278742 167
286572 47
237085 34
255625 48
252349 32
238676 94
232040 188
275398 17
290282 149
240755 22
221198 90
218600 117
286515 559
202885 65
295546 24
286606 25
209645 54
208698 50
274824 26
271210 54
207297 99
249713 20
273983 39
284910 787
284838 66
268805 127
226173 24
262416 71
235712 18
236848 33
283701 23
289636 22
279309 145
227867 48
220791 32
245836 349
217702 140
217233 47
266932 52
296786 219
225825 80
212345 36
221265 28
279612 114
283304 66
243423 23
262127 30
270621 24
296756 96
236780 301
292621 163
219745 170
253778 94
223042 28
245825 110
294048 140
270578 84
202847 40
260403 61
275238 200
287620 1
211508 6
245202 31
236693 47
218125 20
256369 166
200842 20
200195 1
220267 46
293697 77
216697 47
202091 40
217890 100
242912 49
225327 95
246500 3
266282 48
223235 94
253139 98
224090 293
239367 49
256310 21
277183 58
267189 1
272517 59
217076 36
271739 356
203483 276
286781 80
206987 648
214878 23
279222 79
262053 74
204885 45
287996 21
271135 151
213108 65
222228 22
270669 139
209610 41
224922 14
222538 807
209456 75
264733 35
292811 8
262066 20
281865 34
205080 28
221404 72
267557 162
290517 23
291154 19
288305 1
263517 120
248295 54
246827 26
242587 22
260225 1290
214853 31
212380 97
225317 81
264770 49
278842 30
266145 24
203104 143
209836 46
283207 45
211151 109
223594 6
246432 109
266832 26
265918 31
290510 179
200930 32
213310 67
288854 116
217960 44
287127 1
263934 252
284495 32
286184 161
203346 191
276856 68
266152 51
214450 142
299125 33
210382 19
255230 247
213259 260
274559 50
237456 65
234546 96
231665 475
291961 2
251816 30
278841 68
269980 166
217462 49
252977 66
296531 61
216303 45
292559 29
208905 133
269581 46
212970 22
212791 23
217716 1
209897 115
293134 18
250614 391
252599 873
297009 119
260950 48
276197 49
244846 20
247845 22
228923 126
209007 72
217147 50
288524 21
227298 124
277042 48
246281 92
219367 74
233150 25
235033 39
284118 59
277188 164
276287 30
295166 35
203397 43
242005 35
292396 111
291207 219
285537 51
238455 28
242120 44
258787 474
215601 180
249088 207
281172 401
273304 33
239486 36
245271 45
262470 26
254348 24
232907 53
244883 165
273852 20
206307 61
239110 60
212133 18
211677 167
244306 18
207583 88
221618 22
258708 221
296649 93
264852 108
224248 18
236604 17
260169 71
271653 1
203899 794
238769 43
238525 22
213357 66
264722 46
236328 22
267299 49
276171 17
294209 71
270958 22
284235 20
210837 122
268586 71
204217 3
249660 45
216771 71
252792 1
239102 28
225963 108
215950 2
292819 523
250333 116
225940 49
227800 32
272595 15
273409 30
241461 41
240145 136
280782 47
282189 75
202214 129
246300 19
207652 32
240486 20
299529 117
276787 141
272810 90
204356 49
291843 59
237041 5
216862 18
221572 35
232273 31
221131 47
234242 56
284740 21
266170 142
243121 70
275435 1
229106 269
261804 32
289810 49
290315 23
290170 22
286719 2
276830 133
295002 74
252694 149
240913 49
246757 1
246893 137
253835 35
217336 25
207535 102
241490 146
282532 28
218086 15
225187 43
239121 31
214119 65
263328 190
217451 17
251028 91
209882 25
289052 94
237613 29
278917 89
237475 103
226420 49
209641 313
219786 31
274514 29
225754 116
230888 58
264627 119
203904 1
260282 51
241904 132
279776 23
264958 73
258892 45
252667 24
268800 119
204573 419
248647 339
218590 64
295375 73
213685 25
264303 44
259743 47
265654 196
279431 358
266544 25
244888 758
257485 51
256775 54
243169 343
275047 316
208172 36
230808 87
220614 46
280285 84
211362 221
231891 39
276949 83
218664 257
210787 2084
270033 692
297417 126
294163 1
218070 111
255715 54
283987 32
252068 51
231539 43
268799 32
278502 133
260907 1
252307 20
203504 27
253791 258
278281 127
289504 89
294258 1216
292984 20
265526 44
292466 34
251305 623
236329 42
281085 32
239222 85
256088 1
269155 30
277037 48
252327 49
205888 173
203374 30
205058 90
274695 25
231114 26
285052 23
251155 83
221017 99
236907 67
295381 1
226319 25
223611 31
276910 26
284466 1
233342 49
284407 70
203211 28
211988 871
292165 66
224336 11
226065 26
220037 52
209098 20
235659 80
252907 136
205591 41
280616 261
246776 24
266409 20
202376 94
216445 42
203325 41
246834 24
200525 148
241327 52
221776 90
259362 19
211421 93
240651 78
205316 194
275732 216
210169 50
248017 37
241625 161
221778 342
262764 307
267507 49
246144 74
224363 109
291702 28
211696 24
216244 55
269824 17
248794 56
257407 21
296598 75
269173 106
256957 71
236035 29
250946 141
288356 65
290037 105
256654 367
230088 1
285245 30
296715 28
279208 139
257594 50
285489 172
237512 57
284136 234
272131 93
228710 21
254047 103
246447 82
211223 129
254478 177
225313 46
236883 1
213679 28
287693 44
292084 182
293073 65
208068 30
275905 22
284017 15
250626 23
230207 69
267471 49
253435 61
287222 145
255969 24
255089 122
296171 58
287528 171
211365 236
289935 31
291673 564
281431 258
287727 45
250224 128
293838 27
299454 100
252391 40
297889 32
221777 65
220449 25
264974 118
218922 46
252241 3
240719 1
220439 19
290596 20
209678 47
238858 209
277272 70
211928 80
260955 115
257196 104
233606 415
290672 31
299846 99
264162 40
230683 166
207183 11
294431 18
238640 108
213411 92
298274 66
242290 231
233409 29
234134 1
202999 116
272301 27
288886 52
234559 362
241885 291
223099 26
210551 36
243549 924
294675 20
210268 43
264495 128
295065 21
205450 55
267037 237
234368 23
288383 207
233351 298
278042 52
286839 19
203138 97
288068 18
212025 1
208977 20
295793 17
281986 1
232957 140
243771 164
218606 26
265693 40
259314 56
221759 32
269982 47
225097 371
215737 25
271036 48
223574 26
238602 75
210859 65
241536 68
220734 8
221616 18
246474 39
262884 37
246354 55
246957 43
283609 75
247339 84
281283 22
297310 21
287412 44
291462 79
245118 58
230511 7
225776 25
202811 24
296479 19
296313 22
205148 90
216498 15
290626 3
254855 1
238126 534
243157 16
262998 31
257262 45
217776 43
297153 114
282352 103
240308 64
263343 27
239512 38
234239 40
206073 288
256815 208
290261 477
208103 49
228359 226
269346 168
239028 252
258192 18
240526 27
211325 41
212171 78
212866 49
248425 240
204110 1
205466 112
267664 63
203146 29
276931 420
233565 37
272992 2
229602 23
230123 50
203415 28
287772 21
286392 166
228799 43
252032 40
297130 99
232572 24
261755 4
299740 58
276505 70
296540 61
273270 31
215044 133
280089 2
202084 37
215386 46
265048 146
250715 47
256720 330
240128 102
222034 64
224952 130
238679 13
254335 52
238433 1
275112 109
224076 72
274892 87
257803 265
203050 53
232333 403
255711 41
259282 1
268863 74
220545 1
219266 490
297547 71
298556 124
209121 37
255763 42
258222 68
216229 23
286373 44
230750 49
267251 64
274292 107
222311 55
258359 619
270845 69
203299 22
223899 198
276355 36
270564 27
261859 54
227964 366
206358 19
206141 25
278495 570
253144 97
257773 252
241724 18
233190 109
209069 21
207249 156
233438 110
278392 114
208701 24
277489 25
207122 65
296059 19
276691 143
276680 40
220375 25
292839 47
241291 62
218447 183
289257 351
279671 41
277059 123
257297 59
223421 313
235290 16
268227 33
266178 49
280510 21
298114 32
290369 263
255385 156
263797 16
227524 523
297525 159
283700 46
237469 40
266829 88
261430 99
200694 200
293876 34
223094 63
242132 51
232960 1
253538 7
216231 82
247057 57
241365 45
255999 995
223691 4
255333 45
248901 63
297901 457
205385 751
264321 34
288217 48
287508 99
293506 30
298404 134
258328 125
251137 48
245561 97
216840 32
247775 3
248558 90
282112 71
209206 61
255432 171
212135 184
257621 34
288059 850
263795 24
229449 2
265250 25
209285 218
295700 38
269300 64
273661 104
210100 55
286253 21
225643 62
291688 92
237256 110
279055 21
224428 47
246305 4
226056 447
242198 402
256760 20
207841 550
247949 191
216763 60
215657 347
220102 53
271996 14
231741 25
252094 42
249621 184
253274 578
285564 39
258759 73
293055 92
248106 77
249481 57
256922 346
219182 32
293402 28
281930 19
226244 23
239197 34
260158 381
230389 42
268262 35
232152 42
265950 316
244471 72
211701 200
240885 49
217080 51
208456 39
215218 108
288105 70
218833 16
259079 947
246581 35
252298 642
235073 50
203077 31
240610 293
250696 2
272221 105
237590 45
253465 14
267376 35
256589 30
283801 303
206186 39
284039 151
291329 89
207176 57
256003 26
257936 17
229267 63
285484 34
269861 39
229385 44
274149 143
229894 77
217032 285
291054 18
258914 33
261108 54
231557 39
275897 24
236306 553
276468 225
262386 27
255881 28
255992 25
232590 29
293989 54
240874 55
205240 149
267669 88
295034 88
234548 21
240090 79
279658 24
229189 78
266926 39
256143 91
200103 211
292245 45
276835 28
229463 51
291920 50
213373 57
228275 30
247534 29
266481 115
294596 28
210055 54
241585 20
232750 18
284265 25
235283 134
217755 1
241205 1
238138 309
208267 26
203984 20
221505 2
265069 35
200417 18
257956 255
292305 24
296372 123
293938 165
250806 29
281629 31
276130 64
255222 49
215309 71
217476 233
200622 95
226048 5
201552 22
208024 74
276575 1
247980 386
299382 1093
293002 17
206221 240
287016 18
230886 198
223699 33
247641 41
264375 71
211530 75
213499 27
295008 55
262530 455
289234 25
272865 294
296008 25
238965 88
255874 100
248509 2
250362 1
232436 52
217238 62
221504 65
257834 28
238577 58
282675 43
287531 115
293048 9
219906 288
209006 78
252398 1
282829 50
277444 306
215170 156
286760 52
279065 13
283779 112
256332 42
227361 22
279298 92
255296 93
244994 39
278053 569
228051 166
246679 76
232257 72
239209 60
284884 15
277731 46
245342 54
262307 95
215881 102
209857 53
274355 91
295074 51
257682 33
219307 23
228236 48
233366 17
227490 29
226680 90
252993 19
270894 45
237932 12
274286 184
258178 17
228978 22
297774 28
233600 23
262949 66
248674 45
289737 163
244719 2
239373 1
241508 91
206803 46
239128 23
208910 72
215164 26
208911 143
257924 26
217314 199
236676 48
258590 153
265279 606
215415 26
208489 82
273468 129
264383 57
206415 1574
218277 129
289457 21
254429 49
283186 72
250302 51
200887 438
269456 45
211639 19
242940 72
216892 21
239382 53
268006 35
202990 93
200580 169
205755 85
223489 50
271619 157
294211 534
245947 56
220407 259
264699 53
234305 1189
287578 166
274352 711
236949 51
260514 52
244804 84
253059 52
283112 21
292309 28
276288 22
203514 47
276567 105
233363 16
242057 47
212491 49
299898 56
204207 1571
242551 214
282971 22
222503 49
246854 20
248641 481
284880 96
285398 144
211459 222
264527 17
224269 13
272927 52
203110 297
224262 38
211942 71
204536 66
272352 46
219576 77
285580 88
287859 139
257622 19
296896 320
279203 30
210010 66
245912 81
265706 71
208938 246
202754 64
205865 55
293546 23
244218 35
223887 39
253370 33
241707 1
202973 26
265804 630
262101 34
242555 18
233222 71
259911 1
226943 83
265136 79
217655 52
285874 1
209669 95
220501 15
229941 171
200192 19
206158 20
219140 30
223538 175
205949 41
254826 3
281755 58
250717 59
247004 42
250186 31
278947 54
241086 168
216403 37
248461 30
290909 23
206932 18
213254 42
291265 33
215182 20
204534 2
286623 52
210612 22
245370 100
227194 55
231005 86
286952 36
279059 4
295983 24
233934 3
292854 45
209020 123
279701 1918
246280 26
246646 106
249611 174
225458 1
231770 21
208231 206
282702 68
263615 45
218243 117
234440 59
278660 40
270835 30
238087 26
268975 58
280635 54
297098 23
299547 26
226304 48
226971 204
247838 103
238319 86
211753 29
222570 30
287419 224
281341 16
208045 18
249404 27
221949 67
210057 374
220278 53
253685 40
281835 68
297971 2
217410 43
260001 61
289206 62
270214 74
232518 131
246079 26
260513 43
207498 85
256902 15
230660 40
266313 27
285569 19
268688 127
237235 64
298958 9
293003 457
216932 1
282710 219
282149 171
236943 57
237405 59
248702 6
275606 48
209933 36
261293 74
256154 4
291875 16
297865 43
260789 51
274026 45
255847 47
236772 68
291962 39
277532 57
229332 824
261549 1803
275668 19
261801 279
268232 150
282940 76
251638 27
283343 132
210140 130
261665 89
232786 79
229437 158
274882 19
274970 19
240926 88
215133 179
227291 266
209134 31
249429 59
237700 26
219258 90
228487 50
250740 172
278085 66
281394 74
226819 172
224026 65
272574 15
250941 45
298909 41
287438 99
281286 146
216190 55
277994 56
274212 36
259377 556
279164 27
234869 19
244113 313
213221 236
209048 502
288062 17
256521 44
239641 230
284321 25
261376 273
207574 149
223196 50
268470 50
291344 2
204446 21
215402 83
261355 133
234620 20
265759 98
207902 125
205679 147
222154 1510
237065 61
234816 3
243201 115
247935 45
211915 53
293188 48
249698 75
241160 801
268820 81
264560 72
205677 53
202037 48
285551 4
226523 38
277044 176
227366 29
213479 21
293287 78
245827 1
258599 99
242312 61
281797 2
204784 63
254255 191
264967 264
217450 32
290237 203
253803 321
277369 89
250749 35
260587 46
218538 141
290400 41
244588 119
272991 1
214387 447
216559 2
230981 671
273821 17
273606 28
226768 72
228349 116
245439 36
210082 35
219201 101
200947 34
206797 58
291686 169
298023 18
264678 50
257927 28
226786 73
254781 21
254433 36
205706 65
254563 42
208370 24
245163 44
252376 118
264419 230
242794 66
203251 26
266280 73
212512 141
248161 47
242451 28
212326 92
256145 28
228181 121
219817 746
226045 24
219255 20
258788 7
279006 31
293992 50
247805 584
279915 45
253642 11
297034 76
284187 15
295631 22
286294 16
225631 92
296170 46
225759 5
240169 46
218208 23
292944 63
205041 24
247673 69
220161 238
226231 12
275773 25
240849 49
250245 60
255936 46
267060 29
207452 114
245075 19
290779 2
278572 35
232503 44
230791 45
210618 48
294803 36
277523 102
236362 53
269622 244
295776 48
269832 1559
222166 121
277216 131
283672 6
254198 26
247296 26
216249 45
293360 28
279914 1
247165 223
233722 44
209655 33
255161 23
204826 51
243917 385
274614 843
212869 108
254334 20
270558 101
286624 132
282972 70
231984 14
222912 191
229258 747
265180 30
282571 100
284852 35
220224 60
275030 1
217124 25
279657 46
288536 161
204407 97
203446 377
238281 24
237247 819
247922 92
251713 88
249291 89
298301 67
220507 41
214123 126
232268 49
208334 30
224053 27
247105 233
299077 35
293957 1
210491 472
267525 16
244601 41
277002 126
290313 85
254807 116
217993 22
252348 61
288586 28
246371 46
286722 19
280572 422
266638 30
229923 28
204757 826
263640 21
236235 40
265031 259
257064 22
222683 51
253681 157
220798 59
289045 37
235137 19
257029 50
233434 77
263642 25
248326 11
206713 175
229711 373
296707 180
221385 404
289153 61
247978 26
240221 29
263591 58
246670 92
289089 42
210209 24
276403 49
270247 1
266811 27
243028 172
260896 52
243829 29
208352 28
274894 5
248292 233
292792 417
228920 1
298669 28
244259 25
232618 36
257294 1219
222401 211
265139 47
296970 13
256564 85
248790 42
296829 193
201033 119
230958 360
242702 50
215882 154
205738 26
275400 19
239987 10
293105 47
205213 160
224480 95
291907 2
240378 41
283447 204
237594 73
297628 73
206672 22
275726 25
215645 340
285065 52
247398 239
248865 1
293213 45
231317 254
246809 96
293621 185
290424 22
219164 1
271787 2
242760 123
280316 71
260655 76
221793 16
278163 48
231477 21
232362 131
254449 21
219222 57
288026 352
278949 45
248433 1
266043 50
278559 73
289800 271
252463 104
233164 24
239070 38
244088 26
207748 143
234506 93
254188 192
255994 73
211564 39
205955 118
269434 47
284449 26
241271 245
283476 115
202833 38
269239 72
299094 60
247716 95
232818 111
282811 29
242081 91
254686 36
217504 114
292410 19
256231 25
271620 232
226435 42
248749 17
229340 43
218576 42
217913 1
283741 44
228235 273
242391 3
285062 4
265331 25
213066 10
292992 38
251537 30
290419 28
296930 253
209931 4
271952 104
224381 18
290119 1
206963 97
275852 229
213113 705
209343 496
297047 87
244321 37
235786 51
220498 2
288969 345
225209 48
249950 48
232219 138
295153 24
229363 23
223177 560
291350 52
209500 31
213868 815
237321 422
220843 20
286090 29
258049 736
250091 109
221889 26
227451 97
213486 89
289255 332
219458 26
258862 243
228086 51
217827 146
220192 1
246413 51
273342 166
234475 60
261195 88
256563 9
249453 22
202482 7
218251 41
299907 1
278177 40
259667 119
292143 47
224463 55
277082 12
221120 163
295972 36
296943 31
288934 62
291509 25
297599 56
208124 126
261012 1
264964 1
222458 22
275770 37
212334 2
256435 814
265432 25
273923 46
261225 90
286800 93
208055 33
274293 1
205172 21
278358 111
237643 12
286983 70
224434 40
276566 98
273572 25
240642 23
258608 130
213824 112
286589 48
250374 48
231947 88
249169 32
230068 141
256867 164
221126 64
247082 24
228952 190
277380 44
264231 14
224503 134
205686 25
291879 145
275486 53
204682 56
271948 71
239269 1
219069 28
255940 25
280210 130
285242 1
227375 24
217442 83
245211 575
295791 37
281444 34
217917 46
209924 23
277035 225
234976 60
257071 22
250041 1
228039 22
245943 1077
201106 26
228485 44
269688 61
236494 96
248764 116
238559 71
279627 79
294817 58
218312 52
288114 48
246593 124
294617 42
267271 39
210928 194
223103 75
272494 111
282247 83
208803 248
247286 52
249170 22
267604 119
297965 21
268697 204
283011 19
250303 49
216803 127
241158 375
263664 9
244464 122
291246 79
232339 21
284499 1719
236080 77
236239 16
222626 338
254261 200
215962 19
279560 93
290570 14
211289 55
200421 213
266232 623
265899 1
220293 13
209361 75
258603 101
274905 101
292486 13
295061 27
243229 172
254155 106
235815 238
286494 140
289040 9
249756 50
288102 95
217876 31
246208 54
251236 59
262012 15
299818 82
289279 36
207317 32
231156 98
240628 213
230611 181
294131 22
260932 63
286372 28
218467 29
234921 21
260289 33
285761 21
271379 136
208528 23
225125 186
227072 24
285522 25
298208 78
297799 157
290480 47
216570 1367
233869 62
221430 113
271418 199
237103 44
266577 31
286332 121
268454 38
298899 19
211970 30
273096 60
201286 166
217780 59
246155 76
254458 36
266591 180
230019 7
215408 52
295900 43
221354 169
257502 50
252928 162
266355 54
279598 52
291497 23
203708 27
242903 349
200066 53
299645 29
250630 73
299389 18
286625 84
237300 41
235203 89
280987 28
293772 25
275138 756
279518 23
272271 317
217339 31
231394 108
211404 71
240432 18
234956 174
236908 51
284432 120
261444 69
275319 36
276296 25
223722 30
210881 24
285485 18
263320 44
247061 287
276696 36
243073 15
267342 33
281235 20
229412 46
296917 13
206167 1126
275245 36
286308 64
262808 35
238431 34
230950 121
262782 43
236068 129
296240 65
230766 21
239199 40
209695 48
296939 207
243579 109
269538 1
270021 47
230999 12
256532 31
279630 3
292725 26
204969 221
262461 1
292895 68
205434 26
236457 66
241611 24
260608 57
262954 2
262518 38
251887 305
299642 4
213028 38
240057 121
289506 58
242584 44
201779 45
229596 120
292695 119
202555 193
297042 6
242946 19
269560 107
269478 18
270999 61
284630 26
245555 24
216847 244
256625 53
214341 38
246565 26
215470 21
246882 45
266129 26
285233 26
288843 29
218872 21
294421 55
268797 32
269098 70
238255 38
236597 705
205990 26
285387 52
214128 1
221708 93
253249 32
237483 199
250052 69
295128 191
222376 48
201367 13
208832 28
230367 57
268288 76
264522 34
242202 1
232480 45
256855 208
200209 27
257310 113
222979 50
296526 1530
237067 20
202762 25
269917 208
219794 85
284829 27
202227 52
205157 48
286137 661
296711 78
216939 32
223187 526
219869 45
217125 36
219319 51
271886 110
271280 34
218545 457
294102 25
287324 137
231751 213
257725 43
259371 94
291940 48
254522 72
272089 280
258864 366
209712 229
271331 121
296675 242
230250 74
286209 70
203712 94
211820 96
245651 31
257744 29
267020 53
259410 34
212861 27
216221 1
235643 108
226530 49
209425 980
223364 3
246865 52
261654 59
261576 103
268670 31
237689 47
225092 65
247660 19
261125 33
201425 732
220700 143
214122 37
219057 64
225663 73
207919 16
261207 144
230519 79
275871 32
270069 3
289493 3
297582 48
264089 14
266372 7
276756 25
204910 14
251734 60
243927 24
296279 37
276957 33
200888 22
213971 34
284530 265
245895 88
218078 20
230310 17
206627 48
286016 108
252731 141
287867 14
218918 66
273955 253
275302 163
299672 470
234938 134
245386 46
284220 41
234810 1
265009 3
227130 171
245767 187
297451 70
251385 503
271878 17
263122 916
264462 180
256275 63
205099 118
251903 8
252916 83
224707 74
201970 101
219679 33
259631 75
298447 25
238435 27
268402 38
221028 52
208001 43
284219 49
295771 44
280381 27
247790 26
242742 20
296423 123
255160 215
272824 51
274532 2
203363 50
297678 50
222341 59
257470 45
279126 32
237428 4
284690 29
285503 52
282905 32
234373 221
202199 3
278745 145
286807 20
214377 54
246765 24
201138 1137
277864 24
241360 74
281425 59
288679 70
236829 87
260580 121
231265 40
217604 55
257136 21
227545 68
220660 58
210096 41
216365 213
216827 14
214454 105
282619 82
285055 36
263120 71
259246 47
269392 34
264843 22
229759 904
296923 41
250382 17
282801 31
203286 64
253846 70
252180 5
264533 65
244731 74
253840 47
212822 26
294375 21
210654 90
218694 79
260697 28
210512 14
213002 24
224852 120
290564 40
297764 5
237444 306
298812 41
203932 1099
235891 494
298840 3
240761 64
253377 33
255993 1
234715 86
204405 167
206758 19
268343 55
200490 54
294230 3
280002 33
233899 190
210504 24
223618 95
282547 42
296268 122
284262 238
294956 143
206014 467
222249 23
299173 46
285175 93
228203 81
259886 88
204891 298
249437 39
240952 47
286742 41
220696 132
232348 37
227853 55
297659 25
257758 44
222450 32
280327 85
257969 309
292836 1
250338 631
209631 26
221004 18
222532 21
202352 370
261862 1160
250864 116
221871 48
243272 33
291602 7
272042 46
215905 29
226207 21
216240 8
200018 1
239129 29
296931 37
280441 128
229816 47
206439 87
260785 73
261048 105
268572 74
297198 46
220419 47
293990 214
290269 57
224990 17
240551 25
220890 3
282449 30
242145 48
274557 29
204893 27
280558 118
277269 107
224275 28
260548 25
221267 75
231193 14
249210 86
211600 45
274464 98
217911 75
257860 221
248727 43
236550 22
200755 39
232489 100
267797 75
237366 28
289971 143
223350 404
274240 51
210471 79
271767 39
243200 23
255957 13
236095 90
250419 28
250594 23
236366 23
266089 623
254754 76
202513 315
245457 184
294452 192
211073 72
287997 25
227890 29
294998 67
211213 120
294539 39
276284 244
296190 221
261918 29
264486 152
241694 33
297345 102
206403 37
274634 40
231934 1
203676 20
298451 41
251056 55
204904 59
278585 12
246081 26
238171 56
230131 359
230120 16
292926 34
214907 1
297714 119
290379 132
221617 33
257168 339
287626 28
218852 24
213249 2
200147 77
217041 265
277637 134
258743 3
234772 36
268222 30
249774 157
262927 27
201978 18
285108 174
251351 7
295677 908
227883 42
232221 272
232128 19
203429 72
208691 18
233863 37
205652 15
258797 1003
236466 28
204485 23
277056 1
287593 48
249365 103
264349 17
247539 65
270293 56
282192 75
265393 57
241951 24
239463 243
238497 73
245648 1757
235216 69
234059 170
218958 276
281781 70
207565 51
225939 22
201612 381
274571 19
246660 33
273132 432
250119 23
215454 159
243502 45
291144 58
286628 184
251286 70
260834 87
218069 238
274591 69
267646 350
296117 98
208633 40
258523 117
245197 552
292558 22
268770 473
210938 23
288547 98
253172 20
258920 27
241889 17
239284 84
268687 61
278866 65
284953 24
297934 162
264946 1
251014 65
277938 2
209340 32
258728 24
201878 178
221376 31
203596 27
218536 72
279684 38
278363 25
217968 29
270754 47
213934 52
209797 66
203354 45
273962 77
241562 43
217185 24
250659 95
289566 40
257483 57
255005 253
285590 25
274907 881
275660 24
201944 104
219035 17
252786 45
278887 219
207658 22
262064 61
291201 32
281653 46
219446 22
210490 33
212353 163
294328 806
285603 414
262131 146
259060 607
266763 69
247303 29
214494 104
228883 30
258983 43
212948 70
244204 3
242390 38
263396 67
202959 33
285063 344
206340 63
296664 1
272168 86
268616 117
222900 1
201145 104
240564 45
216020 26
260393 25
286718 60
257466 7
289878 158
275848 71
266450 50
227057 18
246550 186
270658 82
200746 83
254445 4
227811 24
239165 32
213127 56
299685 37
286917 335
225791 82
263226 61
211714 1
205134 43
289516 58
264489 189
247377 73
238291 38
230627 45
221116 670
256004 346
269946 47
220855 47
217190 21
274160 92
206944 23
277472 43
234153 217
234553 37
275927 405
203390 139
205633 113
221490 48
281696 24
280172 142
287720 67
226781 84
239761 15
227347 391
263346 18
245127 83
273451 79
224142 65
229734 398
262885 51
235269 44
259163 419
280261 613
257877 1
275793 132
295257 67
224559 444
289495 172
217662 35
223632 100
227743 1
273733 44
258129 77
278176 108
232325 35
284193 124
249382 137
258739 34
266131 82
248322 24
271517 26
200328 40
228848 101
202326 54
246341 68
250431 156
257533 232
227056 19
237614 108
230033 52
292086 199
251931 1114
280514 78
283686 1
248736 1190
202174 33
219597 79
217288 51
286318 165
231043 31
296410 158
269042 51
290192 16
237812 1523
280262 1149
207447 20
297877 210
290972 21
226524 34
274998 23
256773 27
211841 52
251791 25
222305 429
298851 56
236752 45
200049 34
203178 33
237506 23
230062 43
276039 89
241616 153
223957 25
247375 154
246482 34
245364 12
274288 26
272737 20
261063 282
203905 46
261522 28
234565 123
263590 27
251411 603
206485 92
270520 143
274174 422
261563 59
209049 3
291646 28
264747 23
297014 17
291908 54
288403 22
203400 191
299466 271
287851 1
264711 23
253622 247
237280 1204
297299 1
220330 631
221924 26
289598 411
256164 303
211515 49
273520 192
274610 19
214483 691
278727 158
224773 98
235536 1
278576 44
212782 265
216719 98
234350 1
233707 36
268488 375
292498 25
222524 2
263881 1
246892 77
270296 20
281504 125
280026 54
237636 2686
293310 53
281554 52
293152 19
216955 24
261748 19
239702 36
229997 110
212748 15
291092 102
253109 94
274861 24
210219 1
216186 48
264229 1
249054 42
230354 116
239046 24
248445 26
230937 190
243031 48
255923 25
255967 29
292788 23
240681 1
268304 27
234285 64
208137 95
276205 27
227820 40
240390 22
267451 57
220230 230
277571 38
283328 35
294712 28
241905 42
205846 65
238737 66
252888 55
223136 170
228561 36
266437 231
258687 169
280315 32
296110 64
212506 184
296036 128
227133 63
229188 68
266075 285
246505 15
201751 33
262875 85
292027 19
200253 2
266775 104
272204 45
220039 8
248215 47
217313 43
234143 206
218526 46
250810 29
283468 77
242236 75
211464 301
211257 43
215581 52
234539 64
234730 27
293655 143
229236 88
213027 61
226998 97
269901 22
249682 152
253207 16
273275 35
276143 45
258292 118
254989 1
216839 144
247153 25
262219 36
206378 1
231457 44
269769 137
262077 264
225620 1
264617 27
224283 281
221851 120
284892 31
275223 191
216664 24
202013 53
288408 65
240670 67
253472 38
252466 13
221973 28
240814 64
264189 101
211260 40
276458 715
218337 329
296872 317
273343 7
247155 17
241034 60
242248 338
214009 21
276690 11
281185 32
269219 371
248396 51
272300 657
274701 44
258163 123
242376 43
261156 20
276539 279
226025 41
213852 45
225235 90
231551 3
208380 34
287718 223
298756 20
206442 21
236279 48
271346 25
298434 30
209352 113
231330 400
242957 88
289920 55
244941 53
242086 197
259556 21
295583 62
289149 35
229973 192
237662 335
224870 43
221944 19
207976 22
276515 1
231624 4
263265 129
236059 24
239432 56
248176 42
222002 343
292918 18
206552 1
275699 1
210674 43
201616 3
250818 1
290181 49
283316 54
259096 16
292369 41
275555 128
276243 581
266566 49
235823 172
246282 195
267403 35
214592 28
257368 1
232365 22
233004 35
272712 29
279293 117
281222 25
226929 44
285722 74
229601 356
253535 20
244502 64
281359 23
285258 1
268955 23
227750 44
237263 232
206583 21
260294 16
258140 18
280242 146
268016 16
241000 47
244001 79
294489 70
275387 47
245868 192
251963 12
295573 186
279153 21
264255 100
260754 20
227548 32
216554 1
268831 338
294913 24
215151 46
248814 16
213317 271
239671 53
252830 77
226540 39
258030 52
243298 765
277706 56
213233 161
251356 24
261471 27
256877 1
229208 57
281287 20
232456 108
270154 105
212168 201
291400 42
269860 673
291730 47
296612 613
252176 52
218970 23
248044 30
232723 137
219992 241
222601 44
243301 42
208076 321
204775 1
288605 323
254621 26
257090 113
242313 631
269726 5
256728 38
210826 126
247541 72
293389 88
289820 44
268508 20
218227 24
266343 50
283007 79
214303 64
269137 183
222390 67
248212 78
214805 2
229158 37
268396 52
275121 98
291438 174
274178 54
230625 212
287350 54
209813 1
216785 210
257317 29
214221 143
241874 42
263918 24
221984 44
232055 105
237605 2
263476 46
215090 120
273846 101
287296 28
259327 16
243838 2
221999 79
213540 339
274258 17
252188 16
295345 122
240317 191
279146 28
255634 27
202165 9
210908 229
215532 55
206863 45
248851 44
266878 18
245444 120
238987 312
285461 83
282687 299
217847 136
220187 152
287751 14
249886 43
200489 173
298143 98
286396 47
211527 30
296636 7
265295 164
269951 25
207366 77
259994 3
246360 104
265777 28
248714 42
235071 1
293429 25
261202 39
269464 112
243088 24
297734 18
299207 1897
242080 77
244377 314
268972 55
223757 23
228382 24
278943 66
208841 47
216700 22
250990 2
260317 845
209412 20
247374 255
297164 29
246351 28
244859 37
209202 71
253213 90
201082 55
215772 20
236198 73
296076 27
255103 29
216118 1
262891 36
282559 20
272667 153
268139 339
286637 23
217053 73
247753 582
276648 122
251905 41
296052 93
249351 30
292719 788
247222 23
247634 123
202545 102
261277 241
212654 50
246748 444
257412 35
247210 24
299614 83
299949 105
270276 1
275837 1
264773 57
272508 62
240514 75
220056 42
207893 117
265735 64
299686 89
260223 549
220348 18
205700 172
280564 41
246746 249
201644 39
227320 5
258396 89
229916 249
250596 53
235739 51
292600 131
262261 44
237006 2
258912 65
268385 21
258713 1
285534 142
263756 20
277696 60
262186 76
223436 40
244037 82
256044 43
296984 45
279323 222
212262 29
237319 78
265616 124
207864 674
220803 13
286379 37
270358 41
288822 2
248365 1
263453 2
238091 50
214781 33
220672 68
298865 63
287747 24
295600 128
208288 241
294154 73
209208 1
272022 328
222908 60
224932 207
241229 1
294281 50
250589 127
266352 70
279120 36
245928 16
244209 53
219962 52
227598 28
260733 72
204201 17
290464 22
265135 25
228870 922
200151 212
207254 87
296449 27
234488 52
254473 26
275740 44
211485 69
254276 82
214608 465
276182 146
255499 18
229668 23
286653 2
254450 80
204514 24
289644 47
255624 25
265414 155
213734 153
279519 16
282067 20
297665 36
217244 26
263401 39
246126 25
281115 46
285955 25
288630 1
262192 38
222622 53
269772 28
205923 17
275592 723
222447 242
233974 37
250131 55
219114 28
224136 71
210058 9
200814 1
229397 26
211815 41
240365 67
275091 2
226477 59
218583 476
296267 58
286676 101
201696 75
228648 16
226395 27
294380 153
210098 35
221165 66
232054 30
297688 28
245792 152
221050 1
219065 11
236680 234
235661 4
220688 42
225901 602
204957 49
274764 236
296213 1
244463 465
244074 33
252184 58
213578 85
247551 1
297061 94
295982 10
287931 32
273725 2
205517 15
277645 32
220916 1
200169 47
255393 41
262548 43
228184 20
289875 18
233805 3
214078 136
214886 20
253794 94
292714 63
231047 115
296808 76
202969 90
210582 1
239112 26
270547 27
257169 21
292187 83
200072 68
270356 1009
286619 69
280498 41
291529 20
261773 20
265252 34
289697 91
224659 232
227097 34
213663 26
259345 47
249284 33
222658 209
224546 165
229567 117
265873 327
286841 723
260327 16
281682 24
248596 65
272535 99
227599 146
299623 84
247462 50
266935 157
232778 502
250531 25
225308 81
272909 124
242977 1
278713 2
221710 41
214731 252
267417 32
282671 24
240937 52
290569 34
263504 31
208330 67
257654 26
283261 127
241047 138
214668 27
251132 409
241664 2
257813 33
202412 58
231963 93
237947 23
251046 270
284252 155
273155 31
277023 48
293649 96
284148 24
236015 8
284280 40
205417 21
292019 162
219988 43
222569 37
298997 23
250924 172
233206 25
204139 2
206412 17
239516 140
206005 45
298911 47
221733 60
250114 32
223040 81
290904 181
251764 2
219979 306
227508 23
283739 2
295551 30
290976 57
248105 76
290010 45
227024 74
279601 96
243061 50
218322 144
297694 29
209479 1
200419 171
277180 23
248812 187
292415 134
263335 2
256494 10
245729 389
297842 20
226009 20
238915 33
235495 1
260559 30
297340 229
252982 66
233096 28
200732 308
202076 32
228421 18
278567 53
262774 59
209360 34
283132 37
261069 54
293593 26
251610 444
215122 1
236387 45
229988 54
258604 46
224769 56
201935 38
265054 426
272474 100
262713 10
233226 34
221061 22
215994 45
252627 43
218990 54
286457 201
282212 22
294821 44
284154 24
240826 29
290981 53
261924 71
218420 62
242643 328
281970 32
280115 20
280029 62
264675 558
204749 57
252302 51
247927 17
222008 42
295157 57
285373 50
296785 154
215540 1
276216 27
235773 171
238204 44
212470 92
292751 2
287115 78
206437 47
231301 57
281869 33
222038 235
289126 40
252715 237
283925 777
227503 22
210404 114
267577 17
200394 168
223518 22
297776 290
277376 30
246879 311
286433 58
233559 32
206137 28
258428 79
214038 566
286283 95
272465 148
295630 189
264147 2
245585 47
223874 75
282716 71
201899 152
204683 1
210930 10
292917 15
229470 94
264950 336
292338 52
232406 20
269642 82
293092 140
233107 66
257593 100
214764 48
287343 214
228282 47
269188 22
276113 29
290226 41
224268 448
226077 1
262272 47
200935 47
228814 57
299334 47
298803 20
226029 185
269842 135
243774 50
218613 50
291551 180
236634 62
248457 144
200453 67
215978 25
252609 401
291803 189
232705 88
221626 27
299952 991
252698 153
289658 96
217257 1
249688 51
223835 99
282022 386
242137 162
283070 302
202401 16
208403 33
206768 400
241121 26
262452 3
201675 47
264683 199
238990 1
267387 509
258386 574
225303 46
215027 19
239557 46
230580 1
250979 35
248768 451
253527 89
264481 112
223928 329
261220 232
263744 58
227173 46
235754 23
289970 230
210432 98
216944 122
242539 31
294403 53
257786 47
245764 106
201189 16
293610 11
243785 27
288576 22
244378 26
293804 23
292467 26
262197 42
259379 418
271659 17
222936 49
227331 30
249831 1
217001 69
254699 374
222744 36
258915 37
261042 387
260613 1
207162 7
252105 576
223010 39
296628 26
264188 892
229293 92
278894 125
266505 25
201809 30
244125 170
265553 21
285543 9
232664 25
258908 18
233487 44
212979 27
277951 64
238984 27
249242 52
203277 51
237153 161
252409 50
298388 86
244940 2
252191 37
285964 37
216373 327
286911 59
251594 1
218093 25
239587 36
294563 234
275131 54
240263 34
292838 31
294417 63
210117 24
218701 198
236269 140
232776 26
281756 138
288971 69
295727 39
207042 2
235805 1
250455 35
270843 46
241204 51
270332 88
219215 73
297150 22
202263 22
272886 33
236849 49
250487 34
267021 142
243890 28
232812 36
205296 133
287436 22
229961 53
266317 26
222403 153
237442 141
274441 117
267517 50
210356 40
283210 58
275188 19
227211 84
291584 16
230956 73
243008 103
274028 107
246430 117
244841 2
223336 27
297253 2
299820 139
289028 21
269406 207
246804 46
292791 241
238066 39
259825 33
263233 26
296722 53
294721 31
230294 27
291585 16
222466 46
292741 25
224736 269
261968 50
255032 38
281409 35
298888 45
213183 23
277506 24
290873 16
262362 383
291867 1
210108 60
287434 267
258829 70
218845 41
281636 903
276399 18
275306 86
228800 329
240750 117
206110 14
205983 47
235247 80
251269 1
242716 29
253710 31
269126 90
260672 43
214533 319
284202 28
219670 41
297430 133
210134 90
219808 67
266143 40
207550 155
249840 96
298661 78
202605 93
265272 19
246716 228
226861 25
259302 185
243388 28
210277 36
222892 514
237149 143
230494 28
250997 7
259578 63
287284 1650
229061 44
273454 46
201359 26
270796 110
295196 36
257052 135
252794 51
205366 492
215865 38
273364 73
229844 93
223931 669
285998 8
225516 8
288673 35
252622 48
220737 42
253077 117
272012 3
265552 60
284581 1
274568 41
245689 51
244117 19
251677 159
249983 14
299229 95
245126 38
215341 36
251208 23
204179 165
232203 68
259526 120
204892 121
234445 26
267174 23
206587 4
274558 73
206424 357
278386 365
257023 190
293840 46
265176 40
206154 22
272043 620
247449 73
218873 42
276015 27
220423 32
242633 21
229444 81
212170 23
246272 231
238749 47
284678 171
285855 22
266015 42
267529 766
264900 29
229413 16
277253 60
259857 103
247163 21
218341 1
220433 26
291810 89
212762 63
288907 32
209937 72
254170 68
262872 48
222660 18
249875 53
204555 77
203470 97
232144 201
250022 45
260122 32
228847 38
246868 45
299475 1
226206 2
211866 23
226482 28
285882 25
279116 122
228446 47
263049 25
285125 135
281231 22
211845 74
216828 51
266988 120
295330 72
252682 39
217854 213
248913 179
209354 16
276225 1
210313 5
223009 25
292874 86
222903 81
284796 39
247829 82
277782 285
233701 18
246289 18
203624 50
289907 85
284951 1
297918 173
272491 25
250752 1
283588 429
290172 76
205451 17
268163 53
240242 31
219555 32
223630 43
218509 136
200751 59
275521 26
201096 28
272216 184
252207 48
205381 24
251652 81
205286 90
217765 64
246093 82
267534 3
220350 92
293470 66
223105 39
292602 44
294947 1
255059 90
224516 194
216663 31
254526 45
207887 126
280982 50
280409 49
205760 22
237187 29
243327 69
275872 108
263784 50
294189 25
262445 755
298605 23
249446 45
260967 156
228738 48
298201 234
249358 39
258053 91
238324 2
244473 53
228795 128
281298 560
279297 570
267958 46
255257 19
216713 215
236775 25
248482 53
286197 76
200614 28
273596 63
205215 50
262061 24
248342 858
280690 459
257415 52
205231 120
276312 16
283525 52
216609 63
223644 859
202547 21
219795 26
245084 66
238356 67
293106 34
222994 16
257349 68
200055 29
295561 28
281738 162
215872 335
254996 173
236692 1
244497 1197
226313 66
286403 25
215088 65
288216 110
298051 553
255430 19
268129 97
254748 283
295967 30
273301 15
272282 36
242581 18
209126 113
243211 20
274190 44
276102 26
210244 49
201427 29
227293 1
265823 88
291096 47
292972 50
204347 23
294255 39
286013 61
256245 22
255796 208
247197 28
284032 56
219489 147
274346 271
212178 115
202874 15
286300 18
274124 214
214549 53
221684 366
235229 159
227419 15
284503 472
215755 193
212884 33
217430 3
210707 305
214792 27
210768 20
218565 12
231173 106
209996 1
221218 26
219026 28
277314 108
288844 88
278153 28
272948 101
229237 35
284881 25
297001 30
205532 73
239161 288
228709 29
226909 48
296614 355
262015 73
201317 23
221136 76
288034 31
240220 24
265993 36
283870 43
232796 53
251288 18
277648 145
288529 22
207533 364
287215 66
270933 14
295861 29
214791 27
283359 260
277972 179
237843 36
269827 26
290028 27
234416 18
299802 74
260341 43
205936 44
264585 54
238116 43
243802 37
279760 2
265275 290
292946 2
278499 213
262057 1107
237965 546
252268 42
211694 43
250472 33
201341 95
213865 258
292247 209
246461 65
246323 3
278523 49
253076 45
220971 47
263311 36
236421 20
236561 28
202805 76
220587 1
270530 1
279582 74
249603 144
296418 123
289452 17
257558 79
281520 26
294463 221
211180 20
209517 41
225654 47
213548 28
263017 14
274072 237
282043 33
230576 249
245867 29
293527 35
263830 82
283434 36
278242 542
290165 134
224867 21
208220 65
200902 65
287417 22
202237 21
215114 65
222098 53
204161 5
275000 37
229018 119
277946 32
282227 23
220124 24
275477 114
233867 25
292069 168
234422 27
222873 57
237637 138
232215 27
225505 75
269157 1
225814 48
218272 110
252922 92
210919 23
251796 27
200960 57
205221 153
256272 28
204192 48
274530 45
261391 2
257151 134
278677 16
222687 35
216608 16
290044 23
245064 49
245877 23
296198 31
277636 41
209780 32
235067 6
200957 195
237290 131
272150 118
225088 1
288805 474
265036 70
265084 44
295902 281
219635 30
234238 8
234793 177
272521 23
213268 108
279002 52
204117 144
215325 86
250051 951
230695 27
252014 74
214829 280
278929 54
207734 108
222730 420
271504 25
275971 70
202272 6
240820 23
214183 74
239471 771
277323 240
251332 67
227714 1
281384 24
269035 46
236234 37
278838 283
270765 172
203554 55
210785 372
252968 15
292260 8
213617 35
258597 220
297450 41
221940 19
242958 70
259296 28
246236 103
216683 119
240167 16
272106 29
208158 142
222581 212
250406 43
264556 86
293754 45
205561 53
275014 43
223781 1901
200197 34
251563 93
223280 1
269588 76
234189 124
291487 161
236564 3
256137 100
278723 144
214337 34
227554 241
282050 548
254318 102
237345 19
202554 27
215911 25
228149 31
295896 20
214466 74
258717 50
247800 117
204921 1
230712 31
267610 57
232018 223
277322 31
216042 32
256060 131
288031 65
295138 20
280050 28
200270 41
234870 28
212623 71
244957 81
211487 766
234007 52
244401 25
282589 39
290598 83
211454 125
203738 31
263488 86
241130 145
257277 48
288535 44
212254 55
235877 36
290708 67
218058 318
275931 20
221460 92
299928 22
253058 36
259341 18
211943 477
289591 91
285980 160
252277 87
224368 346
262549 117
201651 28
257427 40
289645 91
204422 149
229628 45
287239 59
257722 27
294837 21
245148 34
235086 148
219543 516
249559 328
206493 99
232646 158
242189 16
236968 15
252090 31
215562 25
251584 333
201420 48
284259 350
204790 32
234939 22
264903 77
241146 88
226785 53
225904 29
276424 20
252099 289
257118 166
277069 329
201051 51
285975 78
289625 49
286615 24
225757 100
229042 23
279798 50
221453 648
252157 41
284191 144
255551 50
283288 18
252311 17
288110 44
272399 139
228802 73
231516 26
256292 51
236870 98
252550 86
281137 42
292923 79
242774 20
235168 112
274218 519
291641 74
243847 62
274538 377
262586 189
206728 29
232379 23
257353 22
271769 98
216141 47
243929 122
267480 255
237323 79
265091 63
268757 189
226645 965
283526 24
263988 40
223378 40
276840 64
278679 29
255120 12
249628 46
216192 94
242616 527
278853 15
280414 6
294465 101
210084 100
216536 27
227710 3
216855 13
223526 50
201374 132
216103 13
247049 42
267214 16
270465 20
282995 1078
239783 18
235796 540
286333 156
216505 107
294090 2
298726 26
232250 192
216535 211
229674 23
299505 4
242411 127
282399 41
210499 48
280306 66
288431 30
229040 226
233568 1
229624 29
241793 8
287329 2
221440 93
221016 31
242394 21
254534 287
280774 58
210536 88
293020 26
222702 99
295922 44
280334 28
288976 39
256733 98
258518 41
262801 67
251343 53
292698 37
210764 418
228796 38
290399 50
208411 94
233202 31
246252 28
292223 77
251811 169
257478 212
295047 226
249842 18
276286 125
270752 44
254396 48
242675 23
230308 69
294556 150
286948 43
212392 70
205855 1
258044 31
296623 50
203551 33
248211 63
235319 61
282681 2
263192 26
274422 103
201711 21
235057 134
247251 39
270954 23
206181 23
293689 215
217746 22
207226 59
212418 20
274615 22
276704 60
218562 47
202643 10
287128 123
245234 54
266191 37
207789 144
284335 98
245390 312
275597 96
289018 241
288209 45
273581 26
288306 218
253121 132
241915 1
269784 38
204516 113
294822 31
226034 93
273858 31
280916 28
236572 28
283552 17
276993 106
202980 49
263575 72
244385 1
289945 47
269775 94
208362 24
262600 52
229579 41
280464 39
209109 103
277412 1
228425 47
240414 26
206469 2
260187 76
249018 26
263207 600
256146 23
227453 34
241745 146
267273 45
243026 49
202019 25
275427 32
233253 16
266556 413
254765 53
212507 73
239951 22
283327 51
239633 53
232114 123
212969 13
263330 51
215934 148
253611 647
216305 65
207925 72
263956 47
249530 19
261147 89
200352 37
205335 26
225969 66
211519 20
272217 489
286257 23
230537 81
208946 88
203888 67
214231 22
207059 31
269978 77
293684 31
223402 69
232369 133
289250 58
285570 27
252158 98
271097 125
258849 153
258625 2
287882 40
255811 80
232611 31
240590 80
287984 53
209327 28
236727 47
208131 2
269247 25
259290 63
250415 44
266362 282
292419 46
219854 8
229138 343
252061 43
292270 47
276969 109
265940 74
252886 52
286002 22
225212 21
212246 71
289888 408
268474 424
259153 43
298689 68
289213 50
284954 39
288885 51
283026 5
254376 402
276906 27
208641 12
232630 1
280855 14
246038 56
228420 18
276437 1
257705 240
221938 9
290213 38
284886 28
202207 73
244587 193
215359 16
263915 85
274332 212
211406 167
270071 97
201052 29
282842 34
201245 98
273534 8
295174 61
228635 25
268420 49
226290 267
225390 18
281607 30
277195 21
211598 1758
235219 91
235008 42
219644 15
221271 377
248613 678
289222 20
215035 286
259111 146
217982 2
206895 1
275956 1
205719 99
272591 37
273065 77
269418 136
234366 98
276743 821
290263 183
257036 535
241367 73
299302 23
290720 55
217119 20
226487 39
281637 1
295999 55
249689 22
268205 79
274498 49
241516 1
221838 38
224293 390
265617 29
237967 124
245879 47
244179 36
264350 76
294518 354
208019 76
237108 122
273146 553
285981 142
243067 31
228551 51
246241 21
217203 30
210757 43
292687 84
230974 7
269972 37
281870 27
266419 36
278450 289
255079 100
287844 48
235291 59
262599 41
279690 64
210521 10
238311 71
277793 24
297486 45
241578 239
286120 21
287089 61
261526 22
247015 414
295111 50
268330 70
220150 123
285025 37
200374 14
215843 69
260457 16
246058 45
215955 106
215763 45
227378 13
209338 26
205791 43
265392 504
246829 56
210649 21
221316 152
238112 84
231530 179
255067 46
269198 1440
220920 58
213665 31
222185 31
273783 485
280942 2
285828 94
253992 352
208184 26
261935 287
231701 40
240222 60
299893 50
209217 1
288136 34
235487 429
243291 49
290361 16
299327 19
261885 79
200932 25
267250 46
218980 93
244511 14
213272 88
287500 71
286271 178
240062 495
263753 100
267129 21
232801 22
255710 57
210629 57
285249 1
282834 50
244578 254
215473 197
289134 191
243090 30
204681 85
243444 148
212370 74
238751 101
225679 20
286240 80
282853 15
237212 43
241059 27
272265 1061
253126 181
225727 85
284012 25
256841 409
277078 38
280701 19
232789 23
291334 34
224335 27
249014 66
274817 60
269589 45
292226 126
248902 25
298907 27
250266 30
237412 66
243600 89
264531 73
271678 43
287031 213
235569 140
243241 1
290126 46
247246 311
279230 48
292049 145
263486 55
282141 50
205293 19
299554 103
201227 1
266880 543
211592 48
296417 44
208718 169
297484 23
211640 117
231926 182
220720 54
209638 39
249651 61
279141 118
211350 112
257974 67
218234 39
295859 391
218326 1
270814 225
219242 35
243946 256
290133 129
281269 105
204641 163
296485 27
293579 2
216946 279
292491 147
285353 29
258934 44
219574 1
205104 21
256582 359
284668 46
243453 22
229284 3
270556 96
241524 47
224633 2403
264381 24
235062 29
282432 55
226823 44
293026 101
242953 96
279017 281
271900 385
213044 675
220371 56
293743 938
284025 76
272031 183
213585 2
234224 12
241967 30
210131 24
230431 24
277196 82
207413 183
287767 30
210713 742
254692 24
235842 21
243139 25
294882 72
284727 83
227654 69
209228 91
218853 26
262437 147
277850 30
223025 62
290551 12
268911 62
209255 45
299845 25
291590 78
239031 34
250064 377
289587 86
240055 65
249433 15
254037 21
201851 36
212116 502
213972 213
292343 144
231216 49
206007 28
280283 55
289579 188
205635 30
270727 41
247275 76
254535 26
269527 29
256794 26
253335 38
241713 66
210189 707
248737 33
273600 47
268556 101
268891 90
261548 41
277228 11
290376 64
241249 113
286355 21
253062 129
252414 229
209841 115
221492 1
212221 33
245228 21
224143 40
252202 57
272922 56
297532 36
253079 193
226863 14
279978 39
254086 119
232839 32
241268 95
201215 51
254581 1
232092 48
230036 16
233608 35
276419 65
283695 1043
282063 25
256239 42
277158 42
236251 254
213186 80
208694 24
249037 150
299019 2
263284 13
243340 75
236308 126
247042 67
223252 22
269384 55
248616 219
279174 66
253995 17
227528 22
215179 30
278661 86
201713 49
230609 42
240347 50
243770 239
222957 51
203778 53
268966 25
208767 51
273890 25
213031 1109
251695 82
255049 24
249203 220
280174 92
243285 143
267925 20
234152 67
217248 371
212301 186
287912 74
289460 86
286081 75
289401 50
243480 226
201310 308
236961 22
215187 63
208571 24
258875 49
253545 27
294898 28
283314 98
264768 22
254373 33
243904 31
212741 39
251858 48
263798 31
233318 24
273560 100
212472 230
267484 25
252246 17
216913 38
267729 28
206200 42
250883 19
245185 27
243702 38
206984 59
263508 94
271549 77
243418 38
245871 24
209138 301
257915 1473
255360 20
254709 41
297572 39
216720 113
284087 204
234243 2
246648 232
245476 61
297891 44
285111 396
230012 94
215814 129
272364 1
201361 47
296441 98
210092 83
222722 85
271782 57
201679 20
211778 45
220799 24
260704 33
259959 105
235636 82
246605 25
281809 8
248785 37
262828 22
291959 36
224799 66
240928 17
210520 40
242357 95
296856 31
233099 214
211359 44
239392 267
221151 24
277338 48
204329 207
248595 76
254021 32
253663 8
221893 142
217209 27
218688 1028
216415 22
250711 59
280080 55
259015 932
230518 2
218008 373
235385 27
231621 46
248321 140
292818 23
290590 26
260975 1
264140 17
221993 65
247156 103
234907 3
261720 64
271335 43
290642 101
276658 94
202906 74
223397 59
216647 35
268210 29
239500 1
246821 368
243350 53
285608 97
280373 67
234575 77
210568 49
246015 40
289539 243
220294 163
261255 129
277339 20
225127 2
265337 27
246005 18
218779 459
295565 2
220001 1
226867 14
298710 2
256271 54
282068 156
256158 118
204931 110
282642 218
256981 165
294748 1
213962 96
247451 42
250261 30
210097 33
281834 61
293047 128
289786 32
225375 19
259971 94
279925 37
238865 81
232842 55
284584 99
224048 111
203518 25
216110 88
205158 69
242303 27
250369 16
255128 75
274250 38
256603 22
248175 35
208950 48
276995 1
235647 14
258326 852
259673 23
227718 31
289394 106
250516 22
297051 89
213137 26
295924 80
292508 292
277895 52
275403 153
268842 56
281632 118
243034 539
265460 49
267762 59
208780 79
246814 36
257237 41
250985 552
240683 42
260049 27
218895 47
205516 19
280810 20
210872 531
229543 50
295395 213
270875 82
203648 50
242905 125
247846 394
285752 79
210094 138
297224 104
294608 99
255973 109
255131 83
289170 52
248894 68
206339 40
294003 26
265133 102
274405 27
293820 24
247644 35
220977 22
295542 1799
281105 48
295204 46
254549 307
247068 279
201242 46
207563 10
228173 39
271740 29
227552 46
253976 76
215623 57
296989 1
277113 130
270719 64
235453 49
289721 15
236406 18
297229 47
203046 69
293615 76
213377 70
255777 1
278490 206
228071 83
260995 374
209597 98
297640 59
200455 32
272568 83
225002 113
200547 92
226233 101
246688 56
254415 69
223081 17
237143 53
210684 26
202989 85
233658 45
208858 51
277455 55
289221 11
268644 3
299080 8
236707 19
271226 27
268810 91
292702 26
265222 244
260072 43
242866 45
224281 107
251603 806
295219 3158
202615 120
258116 31
268621 111
225646 40
285164 20
278283 400
248590 88
203284 66
241797 25
206037 10
206052 20
261802 19
265040 95
289016 24
279792 23
267398 32
292141 44
269423 68
278589 56
240179 32
298046 137
209624 56
251250 2097
234759 27
219831 52
265942 52
283484 98
282345 60
254633 173
256849 40
243396 153
207126 37
254154 54
214527 74
261958 78
222655 45
296975 336
217726 225
236813 20
232423 75
291443 24
238552 26
208935 54
218406 93
251773 78
281529 885
249780 48
263821 74
249336 1
269894 80
287374 11
276514 38
228191 90
216587 68
247320 21
282986 15
296516 64
251069 15
220438 30
217947 63
297670 238
247750 163
295749 15
226614 510
236113 40
247610 29
217813 41
233047 42
289448 218
239986 24
204208 48
259541 28
265538 145
292258 1
203317 268
223362 2
285555 47
236665 113
294022 30
281789 188
220965 26
259076 44
282713 48
244298 310
259175 525
268521 2
221668 47
254763 26
291727 110
273784 143
277798 30
293691 96
226163 120
266656 34
246643 34
233888 613
223075 93
274330 34
243233 76
228056 75
287584 38
278573 18
231354 128
270234 33
213252 30
230508 224
220198 70
244622 333
237019 268
212069 1
203820 13
204414 31
241900 57
250893 46
262372 21
229774 34
277859 111
287482 3
272657 46
217759 18
201556 374
215724 76
297814 141
220356 152
268096 64
229275 38
207475 70
238418 22
237582 13
241275 27
200575 33
203508 70
250290 139
295993 68
272391 327
200077 377
249729 32
214460 3
233492 19
237641 66
243375 385
230703 95
242607 112
255794 70
289500 16
251723 13
210712 7
275096 50
206691 12
295519 54
239039 81
204903 379
297071 22
280806 7
252788 137
205193 27
209559 54
219870 210
212106 162
298783 15
263526 102
287970 49
298523 77
265286 31
288588 152
295731 314
207298 188
288256 30
296538 171
249369 1
276112 138
242780 26
277888 46
273403 22
248337 40
246368 191
201404 227
204791 66
272872 32
252693 26
204866 17
217167 28
280184 456
241718 49
294132 100
291830 44
279177 78
218353 101
216433 73
216017 126
219845 17
254943 4
247772 591
243011 376
209336 2
259270 44
209284 2
260227 352
281825 113
290960 49
224646 95
249595 2
297595 39
211523 208
289354 25
247345 45
230021 89
232581 57
251741 22
215323 22
210965 59
221371 1
299764 25
234989 101
212031 85
263892 29
286529 2975
221240 26
221996 31
213371 66
211489 356
232666 68
200200 28
212772 574
229219 27
222105 93
223827 469
252166 1
231094 163
268184 953
201795 45
241796 68
293345 351
288454 115
244895 263
247762 212
277610 237
210353 54
240419 25
277800 121
270871 15
230357 154
235326 1
266854 21
286523 565
281814 21
297542 123
232192 60
298315 2
292145 281
239251 38
232108 31
287622 100
282051 17
208745 75
226346 17
227604 310
298589 50
281055 48
288055 16
286525 39
231938 79
234955 1
204090 384
228179 79
213683 17
265317 359
251548 89
235208 31
256706 28
255961 149
285866 286
259655 42
231328 80
270997 179
248758 667
282743 70
264323 86
291070 2
283277 32
232374 19
257905 62
226178 162
209566 47
286918 443
214732 49
221387 37
212264 25
296849 48
200191 246
219048 357
208953 30
212225 104
249638 43
266323 25
263989 362
231053 503
285529 119
212411 1080
235333 21
295043 70
256903 37
286289 19
214673 27
258484 73
207924 60
248239 53
246848 39
221251 29
276469 21
207633 105
283008 11
205176 64
245599 135
273052 69
246547 2
289151 112
262422 40
200532 50
262587 241
274962 49
249421 53
265037 114
211236 101
259534 43
240957 177
204264 40
288352 274
268101 34
268253 42
238697 72
282497 369
221080 39
283473 166
284625 66
293722 22
209177 41
230967 78
210909 101
204895 51
237488 26
202782 67
281302 53
261706 79
272813 66
234370 191
281644 217
228140 46
275028 111
228326 64
261572 1795
247086 278
297538 42
244616 525
262407 29
250225 34
216568 43
202912 31
225393 46
244778 6
222135 85
236800 145
275505 24
285074 46
229634 112
235472 22
216129 44
251030 32
242684 25
281502 113
224857 22
228044 47
246745 42
207461 118
203129 37
229910 1
236025 29
262158 58
219267 55
297672 106
251050 51
252544 28
211149 67
277083 45
284905 43
223697 100
247656 73
243622 53
261405 19
228554 2
250110 76
258204 56
204518 38
283838 67
241060 148
290178 121
279704 22
293324 17
298467 271
239237 37
229535 49
247628 45
268648 51
267985 68
207041 28
287218 33
225749 56
284817 1
250376 62
284955 131
249347 79
201567 45
267088 29
286307 134
215503 39
218482 96
294630 43
224557 46
207502 378
239092 33
299566 2
251911 52
281486 38
273605 34
224891 2
291022 66
266408 49
234738 68
263968 43
239892 7
219613 2
276579 39
243827 34
220197 46
279890 127
278023 78
295554 29
277945 48
268627 19
282161 34
279873 142
240094 70
294943 113
291406 214
241777 83
258298 40
201868 309
264982 34
275085 263
258447 55
278435 124
263086 18
253608 96
231498 21
261680 49
219086 52
232587 59
212187 91
279891 75
257122 47
267886 32
285602 3
215161 41
200494 21
291196 70
234737 30
296476 237
250345 21
253876 41
235126 281
209116 1
236933 41
287969 20
253027 81
207457 115
287661 18
237810 268
259784 90
241593 50
276475 81
264500 39
235853 57
231438 25
285558 14
255871 44
252925 18
219993 64
276722 27
254524 71
229169 24
248442 15
237738 32
266987 137
252843 45
255159 146
232656 72
294779 24
298612 44
204226 26
207668 93
233850 69
230601 23
243085 29
295226 29
299957 49
252864 31
242060 82
260732 16
260598 51
210386 33
272086 49
267595 264
215642 162
234387 13
260738 112
295456 29
271057 15
240908 65
264129 92
259617 27
237609 11
243834 22
265053 93
271476 102
230212 23
226300 27
222251 56
271107 60
299180 18
246400 26
218736 1
205131 29
228366 22
280367 53
271286 24
236902 2
232836 19
257140 20
279559 77
263954 63
276046 122
293945 70
255617 380
264243 2
215269 48
230426 103
233792 265
270404 145
241389 160
275682 26
218656 73
282154 13
267999 148
257421 33
290107 98
293837 44
262934 73
290167 271
211843 308
279695 45
287977 179
299725 139
299235 13
238774 48
284419 47
288962 26
282172 87
216805 1
285966 16
243078 73
259138 20
206152 1
271413 131
228183 38
204212 27
258646 312
206433 33
209832 67
250812 90
285942 856
203794 196
290076 51
207852 46
252936 24
201973 67
201148 25
263158 230
215771 35
264708 211
219426 22
265566 123
221600 20
265615 47
205349 42
274209 355
276463 1031
288819 21
229769 24
232872 45
204802 41
241435 54
221789 189
256983 42
296959 43
290612 39
270347 25
258853 115
208683 32
286611 52
218167 73
284238 136
280124 39
283581 120
241826 55
215924 2
228721 87
278843 29
290574 151
251240 99
296266 94
275377 89
248581 139
237688 1
239355 1
230060 37
295178 21
224783 24
269327 182
280186 24
261679 4
237119 602
254346 21
273433 74
228381 448
282040 73
252433 41
207108 21
286607 79
207361 19
287294 360
213352 18
263919 275
293103 73
252085 84
258630 34
208797 73
287656 21
228125 24
224830 158
280981 225
256837 79
280347 633
208580 31
206759 46
226461 51
226656 78
234934 3
292509 92
260174 97
244297 505
241336 25
216645 19
242981 207
238510 1
293443 330
271341 1
272878 71
222678 406
291735 65
214555 280
268653 75
256323 54
289614 47
257480 71
255638 71
261124 84
273382 23
296744 44
210942 1
222931 203
219570 138
224437 616
249535 18
234639 40
281048 125
232862 40
294122 91
230821 22
211164 41
246125 49
228155 64
283964 143
244824 740
222797 19
248138 33
234615 50
221280 45
245041 117
255803 101
220157 240
236986 87
210678 245
253892 71
206721 66
252650 48
290790 22
262706 83
204650 109
243167 219
225372 104
252960 367
254951 29
203958 6
290630 51
252935 82
257772 57
241116 37
283809 64
241193 76
269794 13
226755 55
262907 89
285300 74
233120 23
248048 26
251421 289
285914 29
232410 18
294186 37
218325 26
245303 411
209546 16
273136 114
298378 51
234054 49
296747 22
241775 26
227514 27
296994 210
216193 54
291175 27
287321 107
228444 23
209073 90
266574 1
270728 2
274012 42
276372 21
288300 317
233943 139
244235 123
269809 37
271846 27
220306 22
206166 23
272650 45
285185 26
260172 165
213243 29
269032 171
291225 122
216506 19
294087 338
296823 74
240344 350
254051 341
206138 14
228416 687
203631 22
228392 3
255426 165
229954 2
253635 6
265141 96
299510 2
202111 141
200485 32
294134 1
224042 104
261191 45
210182 72
273987 1
269701 98
279687 3
242983 103
288304 21
219632 22
216577 51
216836 20
264729 75
222084 15
222827 42
243120 437
290902 188
206333 48
271093 46
282483 179
289601 6
212854 75
280335 737
270782 26
239839 38
219040 17
267195 425
236296 12
245650 62
217460 134
252889 28
233876 424
293678 40
233633 28
235169 18
214475 21
240664 93
235780 143
274257 38
270637 87
246566 381
278055 87
277973 25
281768 110
262438 82
248918 39
293332 26
232328 26
260686 27
220851 28
219136 686
205976 48
289269 118
276257 2
223817 328
203021 14
231813 34
256434 128
221673 112
223872 25
284013 223
273836 29
233647 279
281791 454
211202 734
248831 25
213175 692
252388 1087
218917 139
205803 37
235966 215
263899 31
244770 29
234151 161
266036 59
293156 30
219169 55
266231 11
243744 73
204580 22
228239 268
210154 26
213797 24
222828 48
264644 24
277958 6
282366 2
252074 40
284564 47
296247 28
228940 64
207714 48
283279 29
286695 64
288456 26
215756 120
250803 22
253228 145
254994 92
231700 51
288165 314
251505 477
228577 104
264772 1
266453 120
231522 51
220173 72
208526 37
255631 32
237726 37
281703 152
296589 43
207371 62
208138 244
275570 509
283658 15
216407 51
226661 21
284446 41
218983 26
224402 36
257678 196
274620 26
232145 125
276913 96
217530 239
283776 147
281982 37
237788 53
247011 216
222970 69
229221 66
234585 138
221063 90
289889 28
204981 24
266460 49
257909 57
242204 48
288342 68
289944 61
297963 104
223907 89
249302 27
299071 185
296351 94
261589 46
285254 198
289811 42
271151 8
224323 126
263024 18
256337 159
211874 30
248900 52
275858 33
227147 123
237448 94
266889 260
208934 72
251623 15
271167 54
246367 27
230727 72
254513 182
228084 23
285774 4
209370 30
229183 11
200460 28
245391 942
222438 31
230801 127
276776 1
200009 49
208020 104
277003 37
236244 40
223689 229
262339 95
244227 180
258360 2
249549 19
218273 37
217732 55
283408 468
204856 295
243045 32
289910 114
275733 23
209444 1
266136 170
230087 1
244914 32
272555 166
241184 2
256199 2
219203 34
234943 39
228850 44
252055 28
244745 115
249913 121
226896 26
215060 53
298627 14
267204 145
234408 48
214825 52
203430 48
206839 85
272114 69
251758 63
269283 31
282469 42
271973 142
256825 55
220622 111
205368 114
293193 555
233750 42
248940 114
218594 26
257522 66
259461 149
286010 33
277565 181
273400 143
296651 63
245012 283
258758 139
295378 56
299653 19
281367 100
253514 83
219132 25
218418 59
272047 50
202360 47
211199 47
214413 7
202695 35
244067 143
291633 95
225683 81
235607 12
270162 46
214469 18
201194 289
212068 173
299069 15
230109 68
240133 1
235175 1
247662 37
298955 94
284705 109
286298 196
203003 27
229486 129
240692 17
239255 42
250152 46
243540 36
297276 128
290469 55
236285 20
252310 43
276512 69
266106 46
263377 65
260990 150
239631 53
293580 311
251407 1
234380 106
228342 42
272488 94
297636 39
212199 93
291308 5
210922 1
245272 24
208262 94
221613 32
221852 38
291345 359
208304 58
200599 71
257637 54
298180 813
293482 266
262996 70
228247 21
287366 65
246602 63
296482 48
261031 60
244004 177
264749 166
278604 98
234671 48
232650 12
220469 375
229860 122
240005 322
241633 522
232512 29
269015 251
291974 3
259785 345
243089 101
245452 47
274051 103
277176 93
286093 2
234299 17
288487 42
209535 47
260677 355
234087 54
232093 28
253584 1896
299992 405
242859 64
226522 67
263050 73
245724 67
287495 20
233231 52
238541 25
241035 15
236715 80
200307 127
204322 79
208029 111
230125 55
297488 50
240013 93
298585 17
278643 38
281032 1088
225835 61
239339 114
207224 117
242606 144
203615 108
211911 28
232349 80
265253 25
213854 95
203079 886
262968 90
276761 15
222126 15
287750 268
287516 74
225707 120
208880 34
244904 125
258147 189
239593 35
218933 90
236373 48
260265 100
255288 154
219378 80
249456 17
246513 75
201649 542
299880 49
241608 93
208222 139
229034 963
237829 114
223230 21
290211 27
246113 9
281393 187
206868 118
295782 78
229823 217
293716 201
298236 1797
248198 26
238264 255
229703 19
275794 1429
276116 164
288269 20
294383 151
264872 101
274467 45
271358 47
208679 50
237083 79
267135 2
233421 64
257948 33
237350 31
281975 204
274660 21
296904 41
261821 237
228928 54
212027 22
290124 97
279664 56
293614 1
235858 161
257569 39
282869 24
274316 1
296508 27
234130 29
206483 71
201815 48
282657 1
237868 38
291425 35
276606 31
291014 22
201208 3
209348 673
262565 69
222809 128
207718 58
215444 27
224977 20
267380 24
288272 395
264177 46
295080 45
200456 69
262191 202
218035 461
245609 22
255001 221
263166 121
257563 127
289827 53
287740 16
277026 496
276844 84
259775 69
273593 13
229303 62
226898 94
299112 58
210486 297
256892 107
235496 47
239491 39
274592 44
288571 197
220103 144
292595 319
243256 73
278500 20
294226 65
235039 66
272360 140
226211 32
285209 24
225962 33
284681 31
231254 109
281140 29
242814 27
275455 90
256822 28
273396 123
272053 48
223607 104
208205 48
286994 20
264333 10
207660 68
201975 55
269424 2
240201 76
286390 407
263661 2
207180 150
202390 548
263987 28
201078 38
292965 43
264167 411
242388 128
297579 21
271429 269
229353 46
201348 38
205851 38
275866 823
234028 47
298577 25
272193 57
260833 89
255960 43
243661 254
233804 251
217197 29
251189 87
217703 454
208336 46
268356 91
248842 137
246314 223
228983 90
286215 50
259047 27
230854 209
220320 158
211671 58
295447 127
292105 62
287538 90
256406 2
290348 3
209141 117
253344 89
290330 89
243142 32
218084 190
218660 219
241500 151
215221 30
222366 52
279366 1
255703 180
226821 104
226536 19
256001 405
271433 28
202927 6
271904 26
230702 1
228385 70
252641 169
286908 46
276193 97
280093 41
238224 874
291477 114
262198 25
261477 311
275838 97
213052 96
297870 49
290647 221
201299 614
266236 27
282343 1618
264258 25
285110 63
256759 67
235338 52
262377 2
257402 1284
272500 92
291034 619
217754 1
247305 50
269754 68
225566 289
239315 243
271989 186
200787 6
271563 23
278699 16
219647 43
260603 15
216315 76
263129 61
287920 21
217528 22
202853 36
282522 24
215598 2
259999 53
298132 39
273295 95
256266 62
261387 13
217452 118
219940 23
297990 3
208409 233
200448 1
230842 54
231434 69
289510 101
206951 5
259654 4
207587 62
287999 101
203915 122
266555 46
253724 53
290776 7
298295 110
287305 46
252591 21
269117 23
279292 24
299678 186
280821 338
216392 12
218040 21
210361 826
237459 177
291356 2
240729 28
239748 94
220824 3
297436 14
203399 31
287008 43
280503 19
241750 1
221674 94
203411 69
281945 57
240451 154
267745 801
277320 95
213877 29
282326 79
238911 1
215087 45
248526 68
207060 20
292314 118
226987 21
202033 813
200561 23
210961 2
240385 2
253695 35
268457 15
255423 46
264762 197
222980 99
283861 3
217830 129
255498 24
249751 201
249142 14
251251 25
256659 18
268898 2239
281563 21
232808 55
296329 57
242676 44
288427 188
276089 48
273323 25
214740 1
280475 19
299097 137
269373 43
210952 33
282257 2124
212219 205
251357 67
276341 32
289112 69
258470 30
282283 28
234220 19
293688 80
265057 19
212668 86
233444 142
236972 401
242634 102
270338 55
258677 53
291858 57
219498 47
269640 65
215053 56
217650 125
211509 39
272833 149
291637 49
223881 80
235213 723
212992 52
288397 350
232157 120
290275 28
260748 34
242369 43
265377 19
272385 52
266856 58
246975 1
258987 163
278611 17
299500 45
206777 23
228231 98
276664 28
274326 795
235360 71
237974 10
204872 23
218318 23
291615 33
208332 49
250306 25
230156 20
256111 1
209976 267
246564 28
230410 23
217199 96
267040 167
230424 182
217612 50
207681 67
218675 33
283001 98
240424 39
252705 189
284841 51
295409 246
204005 27
288222 47
280749 2
274747 36
208455 515
213551 27
258840 8
280827 68
210147 64
258925 266
273860 225
242744 36
220285 1
291632 47
208877 71
228348 62
263240 11
221138 47
269462 278
263889 183
253231 22
282511 21
220795 33
254744 201
234748 2
277462 14
272706 363
293963 117
226694 136
239823 493
254799 71
252863 22
255292 54
274192 45
246128 84
278729 153
242227 52
230811 55
232514 170
294149 3158
218760 11
251378 75
241387 41
253051 45
279763 1201
241107 25
256791 72
284082 2
264385 55
214486 21
204947 10
278839 115
258588 64
224789 8
221084 119
259939 1
258799 44
261743 29
233049 119
241559 73
221558 62
203980 30
260533 144
219157 17
239443 64
225492 126
286599 16
210181 21
224692 232
244884 434
223355 29
244516 76
278357 18
281135 21
267400 50
269442 1
211856 73
219355 220
201209 47
276996 335
294437 26
285008 21
233356 1
216312 27
299813 39
268601 364
251817 139
239835 30
202786 118
294507 24
215191 3
218145 221
203149 55
298855 27
263859 53
211969 70
223819 1033
216629 138
289430 61
249578 200
257166 45
277797 65
246378 37
236871 74
299625 65
253311 53
207136 17
228856 4
286570 27
266944 59
217881 62
279246 19
253523 27
229697 48
228785 25
289345 1144
245595 47
287607 99
227269 93
280383 114
265094 1
225849 37
266816 34
238592 67
216690 49
241055 41
234667 113
232864 13
293955 74
259450 211
252418 20
238332 69
254263 1
297961 24
235502 4
210132 49
207467 79
214752 14
231062 190
217745 128
292197 78
276583 13
261752 45
240982 246
281589 65
299742 207
216682 53
211351 10
226452 47
264728 51
228105 58
250815 1
234036 272
270483 20
280244 1
205833 37
256034 67
299215 131
283389 48
227915 6
249510 27
231435 60
266019 28
269691 194
245155 25
258327 31
256353 70
267810 122
239340 53
254846 1
240243 42
247886 524
263616 115
268270 166
259113 20
273763 559
248602 22
232984 121
245797 23
228472 41
204181 34
264275 52
239568 41
295742 28
259914 202
267549 1
256025 91
298660 22
283684 48
218480 115
223792 99
209249 167
295130 53
263754 70
213783 160
200590 68
201304 259
270514 32
266526 30
263123 128
290143 51
200088 9
233182 61
286985 23
241845 18
218537 110
263596 191
200415 94
215877 111
252381 264
286867 145
203382 29
255180 31
247370 665
267059 1541
239004 34
279656 76
250206 24
250335 1
278480 384
295176 23
270673 33
226630 57
223655 1407
268762 45
229312 46
257928 1
233601 61
295795 1
206782 588
254153 36
247965 28
298181 147
241851 189
246097 1
210399 349
239326 55
236177 64
254494 25
278828 1
236003 100
263906 33
279733 63
283208 34
271639 28
228888 612
202220 211
255050 23
239658 114
205472 8
233304 1
207820 115
255263 23
267535 114
264432 48
263392 32
203243 241
247137 1396
296859 48
281427 412
239865 41
227088 258
282439 97
251671 248
240041 212
240499 49
201802 283
223608 18
236909 35
211003 51
231584 26
258051 25
291951 1018
228689 45
222813 28
257717 42
266312 36
250074 26
270795 68
242012 2
266643 271
281736 32
216679 61
222935 60
266869 149
249230 53
255843 20
231534 23
288579 39
258466 437
257039 24
258963 29
219618 29
288674 863
241335 132
258007 23
203812 57
225587 549
269837 68
256907 573
254042 34
246007 143
246524 56
234574 101
248701 31
238082 118
253473 39
224987 68
207881 210
216757 688
221013 27
233453 10
277367 20
263507 31
209612 35
285203 2
216391 34
237330 22
212299 58
267888 116
210021 291
237648 26
262755 140
211314 63
243342 55
202907 208
207895 74
279194 50
210016 33
228333 49
234655 178
254435 39
215938 27
230711 27
265072 54
275356 24
243445 72
282170 35
253639 137
297560 81
207247 52
285195 20
200837 23
211318 11
240947 46
297380 89
224016 44
280548 74
205964 125
218290 38
260556 49
269351 63
200998 38
225600 26
272235 156
215117 44
244830 1
289275 57
299075 71
209083 122
292617 42
232525 40
291903 34
249216 19
296871 271
232607 1
222526 1
291098 24
282873 67
205908 172
211207 121
252528 84
212853 37
222932 68
208652 18
290739 25
215931 57
202981 148
289615 65
211480 54
286822 18
277705 49
203476 179
259228 35
252056 7
264261 18
244930 28
206000 63
298123 53
220110 145
272362 214
261238 32
297881 249
233870 83
216520 43
249907 65
238314 62
279868 33
243556 74
284493 23
203671 43
222033 313
260517 25
254244 48
290956 37
235391 26
244150 48
230907 50
219405 30
246843 263
287086 66
244791 24
299788 26
275065 78
269851 43
268271 992
207883 28
219586 92
224466 47
277098 94
233627 57
252934 52
228640 43
205287 30
239440 19
279504 345
203297 132
295683 51
270163 175
202742 24
230430 1046
213458 672
218722 947
298795 316
275506 28
266559 72
228400 147
245367 27
262283 398
268335 1
288698 23
240377 68
251133 36
227963 170
295427 9
201249 11
200059 319
259300 33
227929 227
298179 163
293146 78
223805 44
267002 84
216951 174
214007 50
250016 31
269938 275
237097 70
224884 90
225374 51
293756 27
249300 55
212257 21
266807 76
297841 1
204878 53
219141 170
228345 56
232080 25
288023 16
225206 403
240489 4
281987 31
253111 22
295017 45
286485 70
225971 28
264632 4
237304 646
254572 21
279418 34
266503 43
288711 67
276024 158
205082 47
218864 60
201068 102
249409 114
217134 34
272849 70
202371 57
210976 31
236210 12
228350 43
216936 34
225084 124
268921 502
266697 23
234617 353
216283 22
274490 295
286168 10
227990 53
224864 36
211591 41
209231 57
268183 26
273686 38
265971 71
226763 34
253003 141
215655 152
271568 35
230774 305
283226 68
208111 118
233774 22
275725 281
237682 1
258365 99
243039 45
292230 58
257546 623
209490 81
242734 19
217416 322
246043 26
265449 67
270772 43
217579 86
259799 756
280015 30
233665 1
292989 20
234375 52
250912 318
246263 94
263302 26
246325 30
250500 137
240449 42
289350 48
246991 27
249650 286
219116 94
222920 42
235185 168
247550 49
248622 140
215827 12
254351 1
276377 2
277877 172
214246 21
241369 33
236191 2
242226 49
244826 34
211742 30
276869 91
229218 27
277285 33
297030 261
227273 32
254793 25
208593 54
211514 70
272716 88
202248 31
232318 74
280612 77
218410 28
238239 2
273898 24
240426 27
252962 23
291221 172
261554 64
292573 82
263455 29
237669 48
233532 98
274119 79
232416 22
225098 58
221480 1845
285351 2
277624 104
252075 118
257355 44
271037 24
266762 88
288786 20
254493 6
281656 223
222640 23
275303 55
235738 40
282973 25
240275 123
271887 1023
275993 32
275602 464
241872 41
230278 46
276291 144
269556 21
262973 52
287729 17
294905 1
286138 66
295964 591
295446 53
215504 42
234768 93
267991 309
224442 12
213745 2
288916 17
290354 330
295007 135
234439 40
251795 168
264496 35
224793 204
219194 42
295325 21
259658 44
225297 106
291380 6
203879 48
293600 118
259730 65
290580 48
274913 2
229490 1
216672 33
213438 35
243379 21
238502 544
271668 25
253334 104
242810 53
239762 14
265282 23
203255 106
277777 19
272196 18
247426 226
269050 666
258075 31
208435 74
273376 23
236852 29
271172 56
206090 122
262256 311
284210 357
267667 46
220552 20
266739 10
256607 252
223999 78
278932 31
246836 53
240288 69
224899 65
206781 25
238154 47
276912 117
266213 22
278297 16
262477 65
267391 22
280793 2
270190 111
238719 73
212994 234
235428 46
210218 48
239180 116
262526 24
242973 22
248992 40
209401 773
216924 63
270417 22
221277 19
285820 43
291347 35
265567 3
219875 115
238962 143
218202 28
232228 21
214204 28
266594 117
279852 119
247611 77
271908 111
273218 97
252973 118
276790 48
259253 41
200203 46
218225 8
256777 141
261024 53
235882 139
210981 325
264586 67
211946 62
221418 50
263748 354
258780 967
276123 27
226474 497
228929 53
283418 8
272069 92
294110 52
212744 57
268664 79
295820 1
215343 18
224481 16
259136 385
202314 567
211499 34
280164 130
227907 86
214102 49
259372 2
225416 32
211233 46
223482 140
244997 35
295367 40
240592 1
231842 1
287745 67
219334 286
269597 520
258217 258
225603 39
269954 33
283246 63
212468 42
218813 48
232661 31
284083 1
234362 208
257542 113
234725 2083
220719 42
219876 46
280741 28
207232 181
249043 1
221513 164
246035 43
221096 87
260307 145
295669 176
204096 15
288029 38
265845 52
292490 70
209798 227
215286 75
270118 97
215742 74
289777 12
270870 24
209978 187
285488 24
270506 201
279934 31
214074 56
213237 57
260802 72
295063 29
210559 33
299478 2060
299371 23
232608 45
206955 25
219092 1
202465 26
243409 229
235957 382
280634 28
201411 9
231837 31
273510 163
236311 38
212564 171
218095 9
244314 42
276132 229
296650 101
262302 80
282613 134
213282 66
216797 30
213350 39
239753 79
271009 849
285530 15
284721 46
243413 30
218523 23
298499 78
265666 29
270409 49
280993 195
212566 54
269405 97
209908 442
231306 36
248127 179
250449 30
244897 9
283374 58
249179 22
250073 1
243486 545
268419 15
277254 67
283299 42
261883 49
259259 79
233630 20
239893 264
215856 146
299047 143
249356 58
229082 15
294340 820
231227 21
286383 1
268137 63
265677 40
224294 48
229295 38
242429 27
257220 129
268483 256
290588 335
212218 18
242417 2
272268 39
229468 618
231395 98
257582 29
261414 43
235828 24
266225 43
291029 2
217419 14
253828 215
202827 21
258768 27
210501 20
287733 28
229426 68
226825 19
279481 131
272718 48
294912 27
232943 100
294590 2
269564 72
203601 28
248126 242
234981 18
299452 77
238952 448
299050 29
218707 87
259504 54
275469 1
223846 57
280128 45
250761 122
273878 29
215789 129
259201 351
255137 186
202984 29
218310 27
253146 68
241250 91
250489 26
207622 63
277562 79
292318 232
229850 14
279473 2
280444 39
222965 22
278936 49
207288 12
278741 244
291165 212
270207 344
208521 32
286443 27
205009 95
224761 22
218555 102
267808 71
215773 98
269291 21
262487 187
294794 375
251770 83
296841 42
253673 29
268986 44
258064 87
230841 18
257907 22
262646 33
218717 933
296850 80
216635 25
213936 1202
255841 25
287612 28
259169 189
284477 47
258318 79
251336 436
280585 112
227672 75
263882 26
219708 367
209310 86
217402 1
208360 52
220749 148
293186 258
255377 130
229962 31
270224 18
290336 42
281057 29
224212 97
245773 40
244255 134
248914 73
221621 28
213950 77
271038 422
221104 2
256644 1
299243 54
236600 21
228976 48
286650 24
220694 4
257129 45
295499 68
275069 316
279134 115
292594 27
286468 704
222907 42
268121 72
240052 68
297634 91
282729 48
264384 27
274964 95
230792 49
249298 23
277265 74
276413 68
281249 30
224277 55
216993 540
277847 81
290421 10
218795 2
279603 28
235747 57
261977 42
252600 17
214717 15
283147 41
262977 57
263482 140
200372 1
237570 502
201229 1
298641 69
287975 23
238777 28
269284 56
294729 808
228486 20
212329 100
227807 32
262837 202
246738 54
273774 64
205470 9
299316 29
258469 14
226145 1
202039 28
219030 65
280978 93
280575 46
233590 22
238692 61
242286 15
257016 40
289245 20
260126 45
221214 44
265607 64
258079 158
259212 19
248860 16
267082 73
245048 12
221278 760
255916 22
206714 95
201521 47
234547 77
273313 95
219693 19
250185 54
250386 37
213344 115
287291 55
210497 32
223138 713
215477 38
207192 29
294819 88
293770 58
210454 138
225008 288
275685 195
250112 2
219253 33
275498 3660
247198 140
272946 35
202428 46
239946 54
232933 52
273014 14
231280 459
258824 49
273828 45
201707 1
297467 81
255542 5
274713 162
226852 23
212403 15
271221 29
236607 26
216815 24
232769 494
291216 26
204862 1
280968 27
289741 92
214772 41
201433 515
297225 50
249211 41
267945 13
211101 32
293978 48
262970 147
230636 157
237604 25
212598 28
241888 23
297977 42
254780 102
288578 34
244522 417
202191 28
297446 46
208904 46
296868 235
257203 1
274502 24
202500 5
236621 50
266978 39
290435 48
235854 4
231591 57
204404 34
256896 12
291209 124
253030 49
261127 65
224319 68
267845 73
267630 3
207255 210
241027 59
215786 44
248796 43
213882 5
234255 91
233300 43
257657 143
253009 552
296057 21
227314 102
228463 1429
254676 27
276200 45
259623 118
209045 44
254694 55
273883 33
284488 153
210831 25
269822 70
282440 88
249617 5
213093 52
235570 20
211661 32
257585 39
234954 65
216364 98
269525 50
261033 41
269544 92
256678 24
215967 41
275571 26
210087 72
246183 27
209390 161
233895 25
237602 6
213831 1
223654 255
275648 30
201816 23
226529 43
222925 104
204287 72
245613 54
216685 37
243736 45
277337 55
273760 713
244301 579
200284 146
211023 36
292552 13
280353 29
286267 42
251478 86
217303 24
200564 166
277514 1
271520 34
280811 50
283924 83
221161 87
247989 4
284549 91
268615 73
214824 46
298512 26
243818 43
270652 58
237464 27
262592 128
257926 12
227511 414
292122 176
206380 22
266337 22
285131 373
202693 23
202624 387
285592 37
245054 98
226737 246
229084 808
297821 1
237064 48
298992 29
282231 60
224991 60
248418 20
288085 228
283642 3
288973 460
226990 70
237939 18
224703 24
225010 2
227040 24
205117 45
291181 161
239230 22
247825 40
297289 40
200914 54
273820 65
261407 227
272281 43
244195 70
276516 36
259954 114
281807 30
205896 30
252234 18
265211 54
259238 72
221884 20
250871 22
228443 54
265214 59
234769 570
248575 88
299516 286
234436 116
279078 72
256816 30
246166 19
292087 132
291662 11
261040 49
249573 25
232981 749
231483 66
225193 100
254860 33
261013 62
247315 99
240880 68
208838 46
246416 13
236066 20
242361 30
272306 140
200733 115
209099 14
238439 24
248380 3
295882 21
274687 44
287399 52
267233 263
226075 3
243397 5
282669 108
267586 42
260602 446
253935 22
235196 49
259523 602
275352 116
291510 111
217992 112
207965 99
221818 47
220602 20
280860 44
250024 119
247241 18
299918 10
266399 1
243183 261
285838 1
206501 23
226826 25
254527 19
243058 25
203153 1
254031 27
295835 78
249439 1
211074 28
242623 37
252280 62
207322 85
234174 69
270770 1928
255445 20
270828 212
294653 12
242813 20
255692 56
209052 30
276718 666
218595 84
241320 19
284421 308
253408 38
221018 110
257346 67
248231 33
234846 84
260473 18
260713 149
228386 613
209025 1
288442 741
207527 3
230450 210
265299 54
257875 906
265244 2
229873 46
242842 313
220527 545
249619 198
282837 40
284590 49
278243 93
279140 174
287527 95
267775 19
235489 179
267090 84
297721 47
202559 38
222501 70
208920 218
285661 27
235792 24
212266 113
289765 20
239115 28
294723 47
248706 20
225245 72
299864 1
206243 357
203256 24
269590 231
226022 198
287269 18
279106 26
269918 24
224903 27
264932 132
212121 18
260597 39
233427 256
224102 114
279028 138
267504 131
251470 8
282186 20
248815 4
249793 149
234105 55
259614 96
242578 34
267188 25
265115 177
217918 26
271535 12
210075 194
292572 78
200465 80
239310 141
284345 147
277128 69
290335 4
249149 21
236682 223
298530 63
237395 71
248266 27
213063 1
287084 135
230761 58
223788 30
211785 103
259606 87
228276 31
241979 25
200395 1
238956 58
214256 3
268593 29
216508 26
240770 386
282840 91
296134 127
281155 36
265729 436
261527 70
230115 39
238906 124
298170 25
260322 39
236325 244
208341 566
240860 191
247892 1
298668 124
290919 7
223905 12
240984 100
245941 7
253658 15
206592 26
255869 100
267986 2400
251775 29
272200 137
238929 171
289641 47
279020 105
201786 19
294350 20
279924 106
290368 25
273679 49
212784 44
202887 40
275372 22
213530 6
261357 126
234044 29
246908 43
216920 184
251013 15
237926 146
256308 52
206831 45
286723 24
282794 51
209180 49
232140 77
226036 21
292195 94
224298 350
258968 57
259374 41
279420 118
272925 24
297351 168
235941 57
270312 13
273208 46
217164 77
284060 156
255600 15
222137 141
241649 18
275621 111
210839 104
286743 41
226767 152
271310 29
233289 29
293598 44
211516 51
282373 1
272049 2482
271729 33
272380 86
216210 11
257977 16
286107 163
252575 47
286966 52
212631 26
208815 62
242918 119
291003 58
287268 100
238637 42
211435 548
250276 1326
278080 27
244934 19
206556 65
285180 170
222074 65
212680 1
204072 2
201053 155
206465 40
206915 24
218726 137
239881 173
270837 355
279427 36
248977 48
205492 117
293560 28
245492 452
292368 639
252645 182
283071 24
277721 107
219996 319
282073 56
292969 70
245562 42
271652 25
211666 39
260470 1
204432 121
269479 162
211750 76
279318 2
265363 18
280952 1
283600 336
282747 285
288549 33
283184 62
267117 86
224597 23
297265 134
256386 1
282808 23
246669 49
285948 126
229462 51
248472 2
284367 46
242877 93
297537 116
298341 45
279642 70
202217 78
284429 39
239287 25
271078 41
284995 288
288828 114
279855 199
246063 38
241737 26
232428 22
216165 91
232035 26
273066 23
211306 58
280035 78
285811 76
218068 58
261002 50
242426 51
252974 13
249096 82
218397 94
264686 75
283308 3
212846 43
211396 323
291784 24
231990 44
209380 430
290483 430
202458 22
233003 36
253100 23
246743 22
207086 16
206821 58
283614 64
214502 34
245257 46
201118 23
211522 38
215216 32
261718 17
212325 19
217509 47
248864 28
218181 38
287103 102
280609 35
298325 23
247209 34
208013 61
239454 27
263980 45
212064 17
214436 24
233557 92
201222 262
279508 132
241861 95
278644 3
220116 12
299621 39
272751 46
264328 26
265056 69
231399 1102
232739 3
228872 17
257791 63
291941 120
293573 83
205239 54
273579 88
268603 92
282370 54
267377 121
230234 23
211195 11
297552 35
245385 15
299582 5
219477 2
223228 242
269417 39
270256 2320
203109 30
220442 37
217823 28
286705 261
248530 67
265928 35
262204 76
245284 92
227260 74
219095 20
206435 30
235752 46
283814 95
207315 121
251625 38
235364 286
208704 57
270628 105
298920 221
227646 148
230194 40
222394 140
259869 1
299865 35
279359 299
252284 64
223281 57
271721 30
258944 25
213985 69
246398 36
236006 732
239035 42
204656 1
267749 404
238994 2
275246 93
208175 44
289751 29
227245 174
246702 292
210870 27
226165 97
256578 1
245402 28
296414 89
248031 22
224632 44
211562 7
291880 40
262255 85
294315 26
293435 20
243079 72
220435 17
292118 191
252238 88
225866 31
286729 1333
273012 31
214398 32
258004 39
252084 283
203619 1
249454 27
280725 112
277267 20
244953 23
292379 1
222109 98
270203 68
274043 41
226238 24
205929 120
297581 46
217653 22
212372 273
293680 50
282833 4
256019 27
292892 43
231818 31
252515 132
288420 434
259835 105
257712 18
206686 23
255332 76
205813 5
293444 121
243772 170
225818 25
282684 2
204774 49
244512 78
232199 20
292756 20
225628 242
249839 100
213169 93
258332 145
237871 50
252237 138
262493 187
232264 106
223903 17
202308 148
299660 264
214826 156
274341 161
242823 110
273446 45
256556 28
270509 248
264885 95
235167 1
257472 135
248772 27
202515 33
250705 69
243431 37
242698 17
260189 211
298764 129
232089 25
239624 22
238163 27
250774 77
223208 2
211341 36
285963 44
245067 118
213444 200
280496 20
239247 111
272652 20
209131 121
270498 67
203852 17
296788 143
228664 65
240429 22
287900 1221
273950 63
215312 3
254424 36
273070 114
298234 113
284729 258
226281 49
277221 191
281862 69
224360 48
256345 88
235344 110
284812 833
227652 99
294252 2
237677 41
259646 137
274095 70
240371 117
241001 1025
288871 97
259191 446
284299 30
223423 1
227525 66
285306 29
214932 16
275702 32
288565 91
260097 57
226725 21
243365 28
265226 26
283034 119
208228 69
257899 45
264890 20
272190 21
230620 68
288646 1
286343 3
226991 20
253980 42
287053 1
237724 26
295925 110
274197 40
260868 133
200641 97
284445 112
237573 21
221764 3
260416 305
218655 335
215366 44
265086 25
216654 17
200856 19
250501 120
211574 281
287076 12
229763 204
291783 20
276633 70
209274 517
255662 33
281920 52
220810 70
216896 25
291960 41
200877 50
281783 47
214472 61
283980 68
228787 1933
200820 124
212797 200
298282 26
204241 7
295246 51
248325 5
249687 53
282530 104
256854 68
214416 20
213119 38
247099 114
214299 97
214869 216
257850 27
288132 314
285017 120
229387 208
217363 124
230979 20
246327 957
213956 359
283666 39
217931 22
273958 15
231763 804
251583 12
246752 158
289720 62
299212 59
256591 211
231228 135
280646 57
285458 1
245100 74
253317 47
221928 13
222842 292
294345 112
279276 109
209537 22
216386 774
211772 33
282215 34
283189 73
262172 282
243320 30
223738 20
267565 1
252314 19
278071 117
241162 18
292834 132
237346 32
203570 27
270737 51
292256 112
284081 127
267314 54
266747 192
220159 33
226865 51
231222 19
260041 912
296509 84
209875 32
236504 60
200851 23
214446 102
261807 45
277015 235
273673 28
237043 20
216978 17
216908 125
291448 185
201259 1
222966 24
263044 21
285877 212
277424 41
203909 339
298075 56
259795 73
286931 41
267536 50
205218 199
276643 163
207363 3
220710 196
297907 30
237275 51
218298 19
210301 74
225796 55
213067 27
291001 1859
268533 34
257683 30
291115 208
281019 761
280052 55
272735 2
256718 473
288039 65
262858 23
287581 74
278391 286
260596 106
242321 28
296143 133
269374 177
201024 136
292151 27
241552 74
215817 27
245820 192
280366 24
225952 480
287111 3
212886 38
299581 88
276826 39
287012 56
210298 315
272807 98
212122 26
226007 140
280003 245
207804 305
244340 77
244139 10
213325 101
234666 64
270671 64
258384 23
204823 192
294805 24
223197 39
260127 49
233344 136
292436 20
264721 2
249447 40
204936 65
265955 142
295734 66
263138 34
263009 339
230491 116
232678 79
279992 30
269083 1
238127 22
268565 46
215032 37
231846 20
257044 45
256754 188
294142 44
227606 5
236326 28
286535 112
215457 235
253553 28
298190 38
290759 404
238131 41
252011 48
232593 54
239768 185
210723 101
252345 41
287841 38
256933 42
259846 30
211538 39
297438 1
202124 601
217892 38
226787 36
241331 53
270365 199
242335 1
293543 104
250735 65
289476 176
230327 67
287526 35
244439 66
283133 386
268233 50
293058 40
273619 97
257175 357
260281 23
268078 1803
289560 35
290775 99
244129 19
225500 12
202385 54
294605 48
260504 37
265018 247
245878 71
286914 72
217990 30
286853 65
277552 11
293459 289
292120 26
246070 50
299527 104
278377 30
237563 144
229273 202
249585 45
259053 19
252383 47
236815 7
251408 37
246607 49
279388 93
234271 44
298681 65
278691 45
261146 85
203974 46
268613 37
216777 59
232123 67
229917 111
212848 20
295823 1
252867 66
254608 55
274276 85
205944 1
269215 50
282815 50
280657 33
256748 11
201566 46
258101 1
295239 45
225485 22
271901 26
234536 22
271920 198
281963 141
239646 436
217399 31
266901 2
234071 91
244387 53
210899 22
244909 68
293108 18
239244 2
260527 20
269252 761
287137 59
233424 72
262740 98
206864 34
240749 85
298362 15
220344 136
218239 35
281750 87
273246 4
283594 42
258815 40
217003 67
230848 70
225632 144
252342 243
265712 18
251660 103
287158 116
206300 63
241807 944
221578 37
215123 659
295443 33
249851 70
257633 67
270125 79
219139 126
201853 180
282397 34
212237 32
276707 151
281992 95
232380 2405
252186 73
238715 10
259735 28
232095 23
241308 196
203952 71
279176 8
284866 402
234072 35
210714 496
243025 44
280984 64
274419 39
229457 50
248244 74
297728 17
298816 35
296988 69
234379 78
269476 296
233507 61
269124 1
281380 101
228606 2540
266163 43
207193 291
297834 18
218158 49
210604 28
246616 28
259720 44
217796 88
214633 62
207951 55
267008 1
206384 161
219734 46
210203 2838
211095 101
272372 37
228652 37
274737 30
217295 67
201774 52
228461 162
250438 138
226260 72
216686 10
215916 44
243615 48
285635 22
268134 159
244678 22
296596 215
285785 43
203072 107
297067 16
221623 57
200168 53
257405 24
243820 323
277469 81
233201 68
223056 65
215485 64
295118 22
211057 33
244938 1
288462 309
200769 73
205413 168
206279 14
282167 94
214573 35
261291 134
265283 78
226266 117
246728 117
265897 116
255334 62
214652 49
243439 46
211948 35
296261 81
257694 121
284975 27
218054 70
217536 116
203348 30
213894 35
277852 48
289015 25
244256 213
218770 1
271383 43
272403 58
221689 21
279446 236
267283 406
266669 39
202527 37
242518 29
221099 65
266709 195
276854 33
269896 61
280289 45
266588 24
231653 53
211032 5
246977 533
290392 39
205444 106
248120 49
231014 128
202171 262
249872 25
227079 57
236255 98
255389 27
229230 26
240861 26
270178 368
292849 23
272668 48
272239 101
241492 140
222242 21
267470 2118
238713 331
227618 48
200388 1
270588 39
226230 5
260214 42
205459 106
225168 93
262341 290
217967 21
216971 39
215447 113
268124 51
201501 148
217482 37
266369 902
254035 1
246026 245
212089 34
297124 150
278809 119
257665 77
203194 232
223265 27
259696 30
214980 17
269516 102
268624 66
225007 17
266397 73
261540 137
295222 21
253216 78
280857 23
252805 3
255786 671
243835 39
245657 20
203139 15
202339 27
211133 115
212814 74
218060 239
220170 32
251840 375
228845 45
281391 55
241958 27
201658 23
246403 18
278703 22
281194 70
280641 53
235776 68
234287 147
275904 216
247122 54
200044 24
201904 17
218301 216
290618 1006
275136 43
285511 71
206528 21
288183 19
210230 90
212911 39
250497 1
298718 30
211329 145
223775 59
207930 91
286508 32
206324 70
227261 125
233638 1206
282865 422
273521 36
209108 64
252848 11
277867 109
288481 77
238566 6
243760 51
297920 57
208781 23
276400 35
258569 351
269063 40
207201 49
229742 1
263607 97
205961 61
258412 48
217897 269
294921 103
295761 176
222069 100
295619 81
205052 94
241175 23
284822 43
254012 744
281182 1023
203257 47
288597 361
272318 297
262495 147
241473 40
293174 19
257946 173
254502 54
297462 205
211964 30
232046 47
246891 60
265238 122
283166 22
278422 56
251697 23
271456 1
283650 105
248969 265
236323 30
274896 24
242743 159
286291 2
265060 44
270333 38
224711 59
232098 24
202830 58
286550 18
269286 49
213173 6
283954 41
281448 669
282599 47
236981 23
272313 4
288089 108
253871 24
277105 52
200079 16
207336 128
220770 25
244659 98
280492 38
231018 30
262223 165
254590 1
288010 22
265557 27
270906 211
274307 42
297144 146
221720 76
252133 57
256436 23
239832 20
245640 159
298949 181
257590 31
236168 27
268234 45
256697 72
268058 12
272709 21
285604 287
285957 49
225802 20
204584 35
206175 42
206674 43
270683 5
268369 71
215940 91
270616 100
283331 15
230942 109
257832 178
222408 21
229808 34
287562 1744
272838 73
273378 101
261828 231
253113 1033
208599 118
286214 24
252853 134
296072 35
238353 30
261814 878
274041 27
262397 26
217149 75
256985 30
220242 94
272154 101
259843 19
202760 120
269055 48
234257 22
260949 94
238903 47
220910 108
271558 49
273636 145
230306 52
226491 54
245296 21
244530 278
247204 262
250130 70
221512 899
238921 30
214467 17
221675 144
255582 110
254935 2
290552 58
266434 49
252643 31
254654 78
280167 24
261419 47
229981 104
215160 420
208924 42
294041 672
231252 14
267524 71
269276 53
256572 14
223312 54
211104 82
225406 2
264386 40
229436 197
254700 24
274243 59
258403 40
271695 39
202163 27
238836 7
261587 42
222454 26
275959 35
255101 81
266696 79
259154 73
222147 32
261812 24
208551 41
268463 15
248942 30
243170 97
230645 24
216542 138
248332 57
294814 51
204786 594
270410 73
245333 49
253443 21
223083 138
234658 44
201528 404
203894 28
256235 36
251613 26
219129 41
247173 30
265817 57
240303 497
240392 1018
222802 16
231408 126
216519 1
203923 24
274807 36
249775 120
271170 22
274888 4
219885 140
231346 32
221040 23
202380 96
247245 79
251926 55
241952 48
292140 44
235897 33
204474 98
283952 102
249746 87
276558 83
248495 35
269196 52
207432 64
262231 124
291965 41
229178 393
216318 14
276014 35
271158 2
203751 596
293632 121
240787 65
224914 49
297898 47
284816 72
275892 25
226067 33
252639 122
246582 40
203056 23
287397 35
214716 88
205903 64
266375 40
267128 47
224765 110
217110 240
239950 14
270121 94
295380 175
209026 356
268792 24
204917 197
200069 66
276732 173
279325 24
223029 23
289315 51
275935 91
205943 48
296451 49
265515 17
287176 24
241595 49
278083 371
266340 134
258500 107
289422 22
217940 182
297046 48
283067 126
228195 53
223479 27
288263 350
254215 38
275425 2
200827 23
230701 1232
290995 158
201961 99
263871 65
282672 38
288121 2
250619 24
287571 278
226052 41
245974 22
241840 23
271876 69
227442 2
224656 25
255945 140
228536 95
203416 15
274034 96
259326 26
251544 26
209000 23
245893 47
247143 24
240024 397
290603 221
236779 52
255419 15
254656 61
270284 27
217938 20
279236 36
281187 28
242213 99
259513 44
261036 17
232888 507
205011 23
211577 35
267348 1
271034 893
262054 135
272226 34
221592 471
285346 32
215476 23
257274 2
295268 25
210875 40
254302 97
237830 41
298289 38
261997 34
283738 14
232401 103
298152 33
214989 118
211224 2
265584 210
216786 178
206975 77
236183 290
277373 473
243302 538
209576 60
249231 52
257676 1488
211383 21
235660 25
255013 27
264293 157
270572 26
230787 46
298736 438
282998 98
221544 25
223115 658
294025 32
248492 262
216159 76
275150 144
254395 81
287059 314
291103 694
278791 217
246598 22
258444 49
273862 60
245846 140
286693 22
234833 45
233483 27
217641 54
231608 73
282876 74
218662 128
227047 27
249905 506
238100 116
209403 94
298306 21
257698 13
284225 83
292040 116
201328 2
256460 124
268081 92
264043 72
251054 23
231671 31
201370 25
207536 1
242187 150
260156 252
247284 249
222801 672
212691 85
229905 28
238531 364
272908 173
288926 177
243225 30
248366 77
274553 22
259207 26
207055 22
204868 229
228693 19
221318 30
258847 136
260593 66
273007 26
211436 36
255853 2
207755 26
249883 181
245200 124
267781 43
291061 212
246636 47
217636 34
252995 57
280997 35
247041 897
285362 161
246475 27
292218 102
243602 23
229123 36
241173 248
254888 161
207741 87
250750 15
210970 33
281352 773
228131 19
276805 94
220340 2
209226 33
293878 125
295129 8
214216 115
237305 69
252799 272
203522 92
225362 86
214075 50
231849 76
244017 56
287798 107
238516 41
275884 22
278439 29
258468 1
244861 24
269413 58
206887 22
252190 49
296763 54
270888 47
221802 1
282715 275
273333 32
267119 152
242833 774
235215 187
213059 227
245584 67
260481 44
294160 101
273068 89
262672 133
299236 2
243969 33
213813 70
203506 72
264571 696
239676 24
254615 303
239428 66
200220 891
268633 14
264905 31
210540 142
220128 30
278549 49
274983 24
242880 1
283945 5
257268 26
259088 235
296978 31
252729 69
222731 69
290915 328
245900 173
204189 46
277384 50
215431 85
266686 4
263073 26
239178 19
231188 75
219029 46
296386 41
200223 22
298379 78
282899 1
220196 24
280416 184
204018 24
257780 68
296409 1
280731 100
281796 55
222238 235
284204 76
263479 136
221601 95
241118 42
231370 593
228074 185
266172 44
214815 81
250709 30
235639 36
220456 74
223172 6
277090 57
283933 77
259915 26
275674 22
282229 21
221779 48
235090 21
286682 253
253520 65
221187 482
266121 2
252018 33
282034 193
285759 70
267210 52
256101 37
293278 22
233841 21
220995 360
260161 63
242255 41
271231 123
251110 28
257615 24
200861 161
245008 23
248067 58
237902 36
262680 47
295762 55
248952 24
292372 1171
218827 105
218207 187
235960 116
262931 34
211929 1
279370 49
238983 42
240205 28
252598 212
253745 45
210959 850
260244 372
254026 96
298299 114
219009 53
230242 18
251456 192
251083 74
207901 104
297775 22
255968 41
255271 33
281297 45
215884 22
218280 75
273755 24
235200 35
244246 31
231679 29
221357 153
295473 60
279200 54
221526 16
271267 91
203427 40
279787 13
246146 189
249994 3
259024 13
222591 50
210630 76
205135 30
284126 156
226466 35
290290 44
256069 29
218936 586
251033 43
282884 2965
242807 44
209783 75
243570 1
211739 93
247970 54
242507 31
223604 217
298808 15
204227 37
284258 22
254982 173
217315 942
221516 25
222473 17
200071 20
222257 28
294232 79
208356 70
242091 166
236012 9
217175 18
280479 24
261305 119
215392 64
205840 65
244467 143
208151 26
239467 38
263556 1
288587 1
251447 862
219522 660
219530 102
255986 3
203278 24
248058 84
265559 293
215263 34
214013 1
271046 31
227845 30
206400 48
290751 24
222806 1
286198 553
255894 55
214662 461
264777 91
204816 47
244625 244
258949 163
200808 71
246417 22
226543 365
285493 21
275049 43
277526 89
246918 51
271502 197
241246 44
296333 51
242787 53
233195 18
270522 1174
292274 60
295000 65
272415 23
205500 120
255270 112
264330 34
251774 52
267615 1
268895 40
217511 99
231217 37
255084 40
279865 29
253036 51
292511 307
292648 177
227997 72
247207 2
287799 55
255575 2
293962 82
242938 6
230818 48
262320 180
272866 17
246448 59
214862 44
265864 125
290735 52
248782 17
272522 64
287553 27
239824 54
234784 130
204552 113
292374 18
220257 177
251579 369
282069 49
278752 37
220537 40
226175 117
264166 36
259407 147
215961 2
209698 468
256364 64
262940 21
236980 20
281611 192
294047 130
275992 18
212577 44
268682 27
216678 322
251847 70
268612 30
205902 28
265651 1137
254097 26
263935 8
274497 80
208860 1
225742 49
299345 45
250098 25
238477 26
264158 49
289860 49
280613 41
213086 657
212337 40
294616 26
299628 25
208795 156
245080 43
231145 24
241756 180
201043 44
212828 138
260711 32
229203 42
240817 29
282936 547
273253 24
225961 109
208397 230
228224 83
245958 32
221188 71
291180 1255
207677 1
278311 25
259862 23
272028 46
256352 221
240301 23
271757 78
257890 69
274239 16
266219 19
282238 1
212737 7
210921 53
266757 51
251585 81
257666 44
228090 21
200138 46
271864 36
264458 32
296025 20
280877 50
252524 65
242707 40
216081 65
269311 93
219812 34
249012 107
279589 226
241975 46
217965 140
222468 868
259920 12
269067 57
279659 29
219756 18
240900 31
261581 74
286296 31
268158 182
296821 166
255251 78
207005 305
238268 202
203111 198
251279 85
200173 62
227991 47
236309 142
283898 15
225756 360
212775 1
211018 63
264785 70
299128 1
249871 654
271301 31
231335 32
216670 25
281950 93
250063 5
292851 102
204843 21
249744 20
213812 35
214564 20
236120 28
210232 524
269808 21
247259 81
219475 100
224288 16
202735 18
253446 21
200583 111
224238 31
264710 20
278270 3
235526 3
233676 445
211687 3
230613 24
298525 110
271714 154
213806 73
275690 29
208530 56
299773 88
226057 27
246362 1
212767 40
205076 57
288682 1
298239 65
255734 15
283103 22
200124 117
208337 38
278068 2
291361 340
201770 51
299397 28
201480 15
210220 28
262472 90
274712 32
234314 66
247561 130
266187 46
297370 53
216856 124
275402 145
271001 28
245203 34
201656 29
253743 33
293081 23
202096 4
275900 37
242318 42
256944 3
265589 97
213287 138
259179 46
224455 123
209012 74
261519 354
276678 426
258152 18
228960 47
217669 40
286933 25
206913 45
254911 66
231695 100
229908 20
291447 44
245953 7
223158 122
278369 40
273931 52
216631 26
218501 20
299605 76
255603 46
225240 95
211170 21
232754 58
207738 37
274780 47
251395 41
210367 118
202266 35
223186 20
291838 1
214901 23
240226 23
282898 83
257022 422
254755 31
258157 32
237174 43
218755 47
223513 25
254135 211
208346 110
227409 23
277783 76
215795 15
297519 27
242765 64
277601 94
268881 50
267056 36
259990 44
257801 223
233214 29
295885 30
263658 26
256790 228
209688 33
266474 108
251838 1
272462 23
284930 75
266572 30
222165 59
298061 136
277512 24
239073 4
260575 24
271589 127
223759 63
222102 27
289482 46
271688 62
206495 48
220729 4
257764 119
235574 136
284964 112
283905 35
227967 67
277766 52
237983 37
275803 46
221530 52
248030 18
208196 38
204512 69
204958 509
247212 21
270330 29
291057 19
253035 27
271765 28
203541 31
211816 446
230785 3
274874 144
263022 385
208539 164
226977 178
292411 56
270665 105
212908 942
202634 119
239691 24
214355 17
228697 46
239921 51
224028 82
279219 111
238663 2
241864 185
208174 38
228186 48
295116 1
226777 45
271299 31
267175 237
237789 256
204561 29
295323 90
208890 26
245768 32
233367 20
235874 148
272829 36
224610 69
259268 63
247479 7
234129 187
208949 143
249010 103
231694 87
227994 50
247348 104
272132 219
204795 38
253647 41
262085 57
215664 268
246551 20
294018 213
252570 165
212450 76
279090 45
242523 38
264723 40
225419 283
293113 60
238978 54
287771 22
229615 50
250384 27
248206 46
262843 252
228611 32
212509 250
274680 5
275550 25
216095 648
245654 18
225425 13
255622 78
253521 90
239195 47
216770 107
268321 97
259529 44
287125 23
280939 76
296692 214
234118 1
263838 72
271089 54
201683 142
255114 68
262381 24
294776 125
241262 121
233330 27
231072 53
218642 101
203493 87
245497 62
283483 27
292867 71
291295 412
206980 2
217622 43
202270 30
238795 43
290646 1
279358 87
239352 40
217358 12
236273 28
240274 60
257295 34
285291 44
229766 205
298684 37
284545 28
297536 72
200156 100
242510 81
275903 23
274517 107
220063 36
285665 49
271616 3034
299775 105
292233 68
273189 37
285783 35
227705 76
268047 410
294015 8
288554 22
271954 151
268302 47
224847 27
266937 186
291758 1
275342 44
275644 228
281150 31
216226 20
202396 47
268877 72
263557 59
201257 186
231397 1478
273818 48
214838 357
224154 32
296392 249
274052 46
210827 163
290783 24
243705 92
265934 1324
271134 126
201876 41
298327 39
223178 16
219656 662
277584 1680
221780 169
205742 1
251842 21
243800 19
226629 51
263978 3
299589 63
293640 39
297456 98
260888 12
223260 48
232476 78
255630 42
210903 261
242478 135
214331 51
218948 27
206880 229
274906 100
219599 71
229131 43
283768 242
215409 125
281232 1480
239496 142
272847 25
258807 1
222829 63
279587 41
268595 42
224151 1
221086 46
278265 43
223142 22
242541 262
250275 76
284804 11
249119 60
209321 72
251471 225
273654 177
247427 44
269238 76
212965 15
262994 40
266027 87
298610 31
207825 2
271888 646
210291 93
237515 29
213547 25
297955 27
237818 15
299993 67
214682 94
282816 163
224449 43
291781 32
251721 57
200470 77
233749 23
231972 23
285089 104
290553 21
203701 20
225507 548
236429 47
238471 98
256268 128
221174 26
235322 26
202641 44
240462 147
251541 118
266783 362
289880 28
210434 20
226512 244
285051 117
280201 22
264833 155
281022 45
208470 86
208282 20
230040 279
213966 325
231402 60
231783 32
212394 147
247288 1366
243303 53
245447 429
269145 135
288323 75
222480 99
210030 70
216476 87
289248 47
243606 25
264961 16
284645 15
271279 13
227602 50
297624 55
256768 30
217806 19
253917 35
263778 139
223813 59
255597 495
213347 30
275433 22
239708 117
277836 72
281361 23
211261 81
239488 400
224405 25
205544 221
275735 45
201466 50
215915 33
211993 3333
201636 21
292405 105
228250 72
285021 17
244257 27
261682 92
240569 46
227749 73
279937 50
285755 1
273886 132
249885 69
222378 19
250035 159
288369 557
229532 193
250933 1
285400 17
270567 193
250984 218
271918 569
282082 170
248360 34
233946 62
225319 105
245007 3
239033 3
219229 2
289258 54
254881 71
266538 77
259802 44
241260 22
266254 150
237422 142
284757 28
234935 46
202383 47
213569 49
273285 45
244201 102
253830 1490
282479 1
247529 139
269604 54
280588 58
288086 151
232874 739
248778 44
206021 26
258078 102
278658 30
264744 81
204311 26
271974 54
270094 78
280644 77
283088 52
296306 1
250084 17
291613 93
233523 61
212354 23
261747 124
212278 21
278777 45
286544 37
248932 33
278395 14
273633 41
231980 64
259834 48
242196 40
236225 195
221266 28
275834 57
236071 65
279886 17
284212 65
275210 28
268211 261
220255 39
261018 27
230734 22
270295 455
250170 67
236506 66
257550 47
229878 33
270807 840
224257 43
234371 18
225549 273
238053 193
216032 55
242739 384
281053 262
296336 145
263566 13
257743 24
212270 23
221730 31
266322 89
243782 200
208385 14
220212 50
201237 20
280397 51
296755 248
273430 28
220436 65
292676 49
273078 610
279635 54
241145 26
212095 55
236278 30
245520 56
239930 95
231262 286
247969 439
284587 278
296898 42
200665 43
265297 479
281929 52
209264 72
299313 24
233827 21
289628 1
219154 22
207438 125
272482 63
214769 44
212873 38
209035 179
225460 24
254789 65
212771 101
270840 31
217221 64
214968 860
293985 111
283036 120
282680 90
266435 1992
247411 34
249846 23
220451 1
238554 44
273377 184
207332 78
277786 67
242907 29
265688 47
272294 50
247588 1
251782 65
228166 81
274736 56
244211 23
248989 73
283663 24
269574 95
215525 121
271066 1
232855 24
281879 39
255632 29
225402 70
295747 34
238500 40
220149 20
222075 52
244322 34
208227 38
251410 24
297258 21
243750 101
299844 97
212956 23
206563 82
258584 62
244579 266
232107 1
264700 10
212977 99
252138 35
210558 24
289128 70
234571 25
298129 28
212362 23
268080 51
238078 33
239323 75
205939 72
288956 15
225295 13
201614 387
270985 56
274727 482
237498 71
233063 26
298906 39
251868 13
275578 47
201906 47
248847 99
208976 2229
273728 53
225182 1
276603 89
209521 22
299195 2
260630 303
216962 158
248169 28
260047 64
276715 26
225982 34
235921 222
279649 58
240077 47
230267 221
289576 61
206607 71
256385 96
266418 34
212393 22
269006 61
216675 24
217829 159
233527 2
282351 352
230654 52
234414 379
238569 14
282510 72
235967 626
234905 1
261889 355
298183 32
251678 22
264940 2
255225 102
232833 33
292773 46
279014 72
214547 1049
235416 69
216455 33
260065 1
229390 226
209613 23
286414 41
215091 53
254443 21
279730 12
263407 523
200256 91
267971 28
257133 73
292997 1571
285321 72
215051 1
257944 20
218393 23
238040 23
262886 684
251019 4
205479 108
241505 42
273876 498
204301 36
237597 48
251433 291
203978 405
217161 59
209243 1366
263220 108
263645 24
268452 41
231135 42
277756 27
247686 189
210974 17
228619 13
242733 503
258845 34
275908 26
218742 1
269490 421
255011 71
220323 35
241239 175
233886 137
237331 365
240956 79
228065 145
204820 31
259902 119
257030 21
252142 12
264313 39
207710 19
244555 138
208481 48
225072 1
297746 34
231554 14
221073 46
216439 35
250404 66
253810 25
239076 81
267063 33
287568 50
229909 575
277881 20
226521 61
234486 24
271475 2
293576 1
203760 77
239416 211
260226 30
278951 171
241651 62
219431 205
200988 27
204280 50
208088 48
239091 14
276282 211
264684 74
231042 207
203008 210
242090 63
289431 304
221693 16
225334 55
228452 95
290809 295
212703 41
232900 53
209571 193
210162 3
255760 1
295141 14
227775 39
291199 82
273524 2
264181 90
269214 53
235298 51
273151 70
274162 19
206762 46
262723 45
269242 31
271127 15
245192 57
244710 23
279422 37
233682 123
203966 44
287180 24
264059 21
297399 14
268672 54
284608 55
253725 53
261101 1
292556 374
218200 32
263469 221
279569 125
228792 7
228913 101
212419 2
238597 167
261788 7
216589 39
205155 1
214375 40
204292 2
270595 1420
247262 412
278084 98
236788 136
259333 120
295418 164
252516 58
244718 92
200162 33
281088 33
233221 88
297888 72
299637 12
245998 428
200406 94
219841 53
208160 3
257953 134
251072 46
264272 50
299948 80
270585 438
249000 20
231333 279
290084 66
258720 31
283957 50
288791 47
297618 53
200598 30
223461 66
279938 19
202756 49
272435 290
254017 5
274117 44
293347 141
239769 88
249826 29
208743 66
284738 88
272888 148
283066 4
247823 25
204852 24
257155 161
230304 50
224315 76
273124 127
272733 28
235058 48
288266 68
214785 11
230300 1108
254544 64
289622 31
270679 59
233999 27
217945 24
220774 97
207302 146
225820 171
283040 30
212931 39
260173 98
256820 6
241073 48
262967 2
290020 44
269612 1129
214510 47
271333 55
258231 26
276169 48
202933 22
243299 283
296034 48
240381 46
260542 20
292954 39
205494 41
259149 66
220857 34
209103 1102
271592 75
245027 31
253428 48
261301 35
277162 46
202395 40
252841 35
290825 58
259322 71
244390 42
270206 37
238773 407
235357 152
276156 54
206318 133
276396 64
253555 95
273871 35
210569 286
206270 47
263140 20
276165 45
285765 19
206663 158
210202 54
254050 72
221538 5
215417 302
268924 127
263825 140
236465 59
259773 123
272566 27
270261 42
218874 38
223041 22
268435 297
254644 168
218737 435
263433 55
230975 53
251122 49
268150 201
256217 20
262210 30
211407 244
296407 2
234396 2
284027 34
228711 123
254339 51
226383 5
263853 138
256330 64
270553 29
201437 133
249970 72
235467 73
267710 24
289788 75
282424 35
237670 12
215254 177
284326 51
267697 80
251581 145
249222 26
281763 119
299232 34
230513 60
255861 49
232732 94
268204 39
280856 544
213516 26
222863 111
262179 52
297359 129
205302 23
245299 299
279201 21
201424 24
215521 28
274181 18
230083 53
290050 185
270167 35
266449 318
257304 22
246894 27
225504 48
236599 141
262596 48
236100 26
274585 79
223586 24
247873 89
221296 261
222224 35
217386 471
262786 66
222942 72
280892 384
263144 24
203662 28
263471 77
296495 24
262964 39
275430 1
259505 52
229104 77
262419 93
245443 26
200845 22
202108 708
204842 641
234752 13
270171 24
255235 20
245905 22
248966 27
240699 28
203745 22
281164 214
278011 50
298393 404
237632 215
244661 90
210498 37
201009 33
213798 17
203164 992
292442 91
291592 19
260619 181
258961 210
202432 289
233102 114
239653 33
292958 42
237667 46
281420 104
266653 135
233349 204
222006 1
255978 23
261822 66
271242 24
214765 32
231021 10
232945 257
219399 88
286051 2
202058 58
270726 23
230451 27
209512 213
249679 237
219512 1
260667 314
290629 221
260511 101
277240 20
201207 530
268265 67
267957 2
252338 44
281753 24
295607 39
270423 69
234061 97
251335 639
210106 49
213400 179
252444 91
273368 70
226921 30
233086 240
275501 73
292603 53
228315 508
225135 2124
253160 65
290166 18
219769 39
238115 107
220940 69
212600 49
227931 84
260245 1373
279314 1573
239084 42
225009 52
285141 32
201967 1
218508 48
214574 73
231753 18
261076 23
204225 20
253932 44
225490 34
237379 52
297031 77
298464 27
241427 758
212790 58
268131 22
203793 114
238446 167
285518 27
268412 52
284820 34
241238 36
253585 52
259469 64
263270 53
238884 18
249366 166
262238 11
273200 108
209736 258
254496 141
203782 24
255072 103
234582 45
255428 22
247254 79
252468 67
242347 461
296721 64
235846 190
211444 13
293239 376
215824 38
296539 28
248458 1392
223751 72
287304 59
211266 83
243267 35
217075 2
286128 36
247342 50
283626 18
200846 16
269789 30
253856 186
298772 933
266885 48
276740 42
232165 51
218434 21
262909 30
223426 249
239256 232
286788 19
267898 30
211376 30
234280 58
288641 671
271395 65
217752 8
225107 20
242460 50
227965 24
260228 4
264099 329
241586 29
274816 55
218731 43
224614 20
238926 197
267274 112
299741 70
212545 72
238591 77
296299 45
203295 33
271622 73
253183 32
226915 32
237588 48
216807 1
277661 52
229811 51
283076 1
248516 17
264588 25
254404 30
238101 37
278214 105
216863 100
211455 30
223466 25
264155 11
278366 211
282009 72
294527 34
273067 59
279660 87
289317 34
213840 26
257010 2
279756 147
257383 1
256097 18
227512 12
247600 6
219978 142
297320 27
297732 56
247429 21
254098 19
231120 429
268083 91
214032 19
220840 17
295175 66
288392 36
221014 30
225541 154
234994 40
264280 1
255471 1
207703 1
281338 40
279935 18
202852 52
215634 25
296740 36
290286 23
283340 72
245236 32
284857 31
234517 27
270469 54
286741 253
214554 61
261701 19
228808 72
254468 1
299904 59
281508 30
219102 8
245183 251
215493 187
284381 134
295614 25
287858 12
251980 43
213469 243
290701 240
264373 35
248050 365
257836 51
205907 286
273473 63
225755 138
275053 72
269061 46
249173 90
292797 34
244062 98
202791 191
271681 69
253364 52
270956 40
277884 18
216500 19
257921 22
219361 3
215739 7
282846 42
230834 111
282372 58
224994 44
245474 101
215629 25
281856 31
231696 77
223547 72
232978 126
223555 89
226738 549
203403 54
247864 172
252947 158
234877 297
233276 40
208962 76
275233 57
268423 66
264354 19
211833 24
270427 35
240458 27
210221 25
285878 45
242295 23
251366 39
216994 1
200855 264
289530 51
249073 50
251349 174
223560 38
288947 133
204945 1
290404 141
289918 35
291259 17
250954 135
290578 22
225322 28
204253 24
286463 101
243794 54
292812 80
262987 57
240938 212
227285 1
238019 217
208154 30
291715 35
233880 46
248314 22
249080 3
262976 96
228831 55
225746 62
230914 25
282989 627
206162 55
248263 93
245253 23
216104 49
200660 190
255130 152
259503 236
212543 26
289217 47
274230 67
269108 42
211857 203
242566 27
280036 28
212477 17
203719 45
230594 68
283633 24
249542 178
275057 114
269217 53
236869 2
210359 119
251363 66
247678 125
274414 120
240498 50
287361 18
234756 82
299647 1755
264436 31
256291 54
255216 28
245606 21
261649 26
289186 193
235425 319
239435 41
225358 106
241783 412
251323 17
269959 85
284237 55
274102 53
237477 89
258638 2822
267435 2
287515 41
222089 57
282322 61
215356 26
214069 49
282470 393
292088 38
268476 28
219752 6
240054 28
209653 447
271465 47
225391 118
240089 112
248501 44
209090 240
205610 72
231093 17
249781 66
290155 20
247685 50
253323 127
226228 72
286478 91
239565 19
250183 179
296061 77
230653 78
221324 31
264005 887
214065 27
204087 18
298624 235
250482 58
285053 38
286958 2
231506 142
269004 1917
265323 49
239239 697
254515 67
277220 21
264107 20
276166 68
270771 802
215081 23
252399 52
251247 231
290243 100
215803 282
203517 93
276991 36
273266 93
214597 62
251834 32
207932 30
248451 129
279472 58
267306 28
246658 34
269329 239
232218 1
285078 19
203579 50
271141 53
274430 210
241072 81
241832 21
254967 28
262580 28
255115 49
265437 675
247139 11
258174 99
286989 72
209416 2
245973 158
264078 149
263763 21
239298 24
244623 30
250571 71
286640 13
216089 441
220059 27
200569 406
236081 26
274440 65
287967 88
259521 28
287802 62
208493 36
280903 35
249467 1
234723 78
256366 60
238964 157
213340 21
295616 21
284966 33
270943 46
276141 69
280451 389
251255 73
242094 311
249941 265
252378 63
242753 60
235952 102
275251 51
209791 340
284879 39
204533 84
262681 57
275599 30
267519 40
260163 316
292503 30
269187 33
223167 241
272891 86
214746 29
291148 6
284911 169
205457 55
219199 69
266871 117
289369 32
226891 96
228146 271
271492 41
222763 20
293022 46
274647 29
208490 30
246846 1458
256851 58
280576 20
242543 46
225586 99
241099 85
217935 24
251973 7
210883 79
235599 31
200962 99
212626 28
258495 44
205643 28
288991 21
288231 73
298692 51
279838 282
258093 256
260814 48
200267 24
295774 43
285466 519
290217 49
266575 175
232883 540
272283 56
229065 51
275933 22
230605 109
201083 65
228225 266
272133 20
210031 168
224453 107
291862 1
230407 62
258909 48
288502 85
284823 167
262379 420
289993 132
214326 39
238710 5
280277 17
221805 29
224819 48
249078 97
238407 309
206314 43
297146 50
246659 40
212954 39
259741 136
272262 48
279377 2
243944 20
250210 128
213382 26
298956 30
297869 41
210825 123
294844 20
281745 170
226253 4
280787 192
221744 35
283859 78
280170 183
259209 37
214928 55
281446 36
249112 74
220775 123
295233 62
240200 15
290907 36
230699 92
294140 371
235999 65
222727 131
276525 307
266324 121
240946 68
218247 24
220189 77
210079 61
222118 50
298156 33
250798 23
241219 76
263926 17
293950 109
219454 80
255486 61
241090 63
221102 52
286453 265
222476 45
207693 4
277807 72
259562 62
240372 898
254516 102
250350 124
246947 18
278065 65
224650 69
263521 28
237423 568
202662 42
232870 63
222091 52
242444 60
242370 76
249237 165
234356 148
273372 69
295432 44
218635 192
251539 1486
204080 42
202876 2
254280 28
203661 34
275042 14
290716 8
276215 24
276000 39
272416 139
296186 332
297744 70
271364 296
216475 213
276767 27
287245 21
220568 46
282134 1
240203 1
250216 15
255065 966
216284 212
247485 70
254671 37
237040 231
234853 33
290937 43
251754 214
295298 47
297005 22
214177 145
237415 15
276625 132
201504 1312
227204 71
203854 21
235513 1
210159 28
269436 30
290208 104
203408 22
205223 112
287756 329
253438 87
220797 1
270858 67
207813 73
290109 71
240540 3
297611 175
262776 16
221807 76
296065 26
282611 13
289822 2
225573 39
289322 22
289927 12
201948 134
283750 804
278719 79
241743 3
217660 54
275333 148
259464 40
270350 27
278797 28
250470 19
277347 46
267794 3
210236 26
253581 776
241890 74
298787 569
236085 19
243763 3171
298147 93
245816 115
209748 75
290187 176
237163 28
292408 60
264718 258
234193 89
207133 116
201126 1
265187 27
288367 142
268278 17
228219 78
288037 25
206503 50
291979 136
247496 333
249991 52
292259 33
279302 33
252224 311
279299 1048
228388 22
208568 24
243854 18
296780 48
256176 15
202821 397
281788 101
270401 52
265020 227
283654 61
207623 68
265731 70
261050 220
247739 42
261544 1
223351 69
239750 28
223358 157
283627 48
200584 34
217074 3
244207 72
257566 35
221615 104
206183 91
276731 62
283141 195
264133 239
239793 181
267717 69
297272 69
274542 124
248104 27
270914 173
275168 57
203423 20
286196 119
280435 163
251602 29
254027 125
264566 54
218782 26
290650 535
216701 50
273504 11
233853 5
247327 47
219135 40
268459 345
209632 42
282550 2
293471 52
232071 24
262647 40
232156 28
293195 23
208461 31
230760 45
280474 251
288128 57
288653 106
292929 34
238532 42
245692 25
201026 44
244828 18
289486 1
261635 119
215609 69
232667 37
237080 127
248409 177
219283 382
245935 146
229782 220
214669 90
296666 1
280765 582
299973 27
265170 29
244572 29
216604 35
247995 1
245612 103
273573 19
282095 56
288176 37
246973 226
299149 25
228241 1
283827 40
215898 40
249486 26
275974 113
220016 15
280433 41
233642 91
213820 84
202696 45
285035 48
277805 72
262869 49
243560 44
246170 97
264461 343
272506 12
202631 216
271817 124
253570 4
246741 1
220424 94
280890 46
210703 2
227175 39
280859 40
254525 68
239494 424
292400 38
241151 280
245469 33
253703 41
238346 30
283858 245
209159 77
260364 131
242783 203
297770 64
246219 1
222642 514
209060 54
249985 41
280290 4
298433 29
290383 326
225524 16
213348 32
225152 1
265977 100
275700 59
277340 184
227114 20
282252 130
227702 39
235280 18
259328 75
200159 103
248128 394
259592 1
229487 361
265435 36
215181 79
202683 47
277016 29
245020 78
279181 31
207099 1
283984 116
231900 20
249374 26
288315 31
227301 38
234121 1953
209778 14
224871 126
222754 76
205874 23
241986 14
251032 85
279400 21
208004 161
224403 88
204224 75
266050 2
236594 50
211299 48
277186 61
209893 57
250525 99
295962 46
261263 44
210215 127
247568 231
279586 30
234241 1
248288 1
238742 32
267496 40
211008 19
213009 102
282828 40
253174 179
253631 65
295570 540
209471 39
239880 43
278596 24
238094 47
252742 35
213574 31
250505 450
285356 85
251580 30
207962 21
251280 72
273689 46
295273 309
221971 54
234970 151
247301 64
289358 66
255015 13
202777 8
209235 96
202210 24
240615 88
286441 20
267102 96
260333 26
228644 205
260690 141
272584 127
259876 25
211416 15
262207 42
283509 1
205740 29
256954 22
237949 452
276009 50
228916 63
242009 48
281811 96
201397 19
250476 16
252163 69
263195 32
239072 136
299782 45
274280 191
214606 247
217052 21
285699 231
239424 23
205393 1
223510 47
278786 49
210562 25
248272 35
213432 76
296045 19
231556 19
295641 23
236918 20
295960 9
206027 281
216191 17
211275 1
224342 71
284129 17
255146 62
286377 21
276051 58
257580 90
274826 99
217066 88
292147 18
205258 257
269435 46
268136 30
298617 103
280791 34
294600 16
271533 54
293646 72
272461 26
270466 17
240461 25
200265 115
210560 67
246569 66
245569 37
273901 39
290280 6
284833 20
200037 272
218419 22
240728 33
214158 28
242180 51
203362 117
255518 26
230918 31
270205 161
275204 18
227699 1
281733 42
277194 40
276209 43
282302 48
281040 43
232387 31
248006 72
223095 558
260776 57
259805 303
215727 188
282648 256
293258 43
229780 1
221562 164
256664 95
296435 249
280487 26
247880 149
263117 30
233529 412
239776 47
267626 33
259256 31
266823 3
285546 194
266314 20
254472 51
212183 179
223205 74
295419 98
265773 35
295185 375
288208 88
242853 37
286864 44
275616 26
233793 1
271053 53
266997 16
287950 342
200061 49
232038 33
261698 27
235904 303
262694 84
267116 32
289675 29
297394 73
240646 90
223134 47
216195 1
298666 186
243184 35
297039 45
283508 64
256058 73
259344 21
275618 39
256845 32
271540 48
247758 167
202348 11
249757 11
247748 168
290827 38
297204 218
288018 75
217455 47
289847 31
257614 51
276498 2
209085 20
251772 308
219960 3
286618 70
271894 2
201945 36
242591 5
213364 120
297273 220
286532 21
264883 30
233474 110
248189 68
203087 179
278595 164
261591 29
240144 15
248697 120
229560 206
247672 35
217302 12
243281 846
267944 16
273756 122
217270 23
203565 39
222023 248
229039 18
249090 17
279343 68
254695 94
238600 332
223441 334
210529 37
207188 20
257271 39
277318 120
254108 20
237053 73
206939 3
295449 64
275622 51
205059 27
222267 68
293409 84
237929 44
213814 76
272986 27
249779 59
205702 97
295622 31
284338 135
225246 106
214345 67
219545 26
288022 21
247931 11
262932 251
235018 70
290279 4
268428 135
221169 44
261401 1
223457 75
298177 121
269747 35
283130 22
287376 123
282359 62
230258 90
296985 119
247247 23
249910 234
226156 121
201100 1
215989 92
268543 114
223248 49
265521 100
278290 56
274749 43
292123 60
206283 1
224029 17
259164 41
281043 45
231281 93
228464 147
229102 24
266184 67
292677 106
224900 22
276839 366
269913 115
235626 18
271409 25
294379 67
255935 30
276477 48
215765 45
253844 203
288399 69
251485 405
287962 209
218137 29
270945 329
200325 205
212379 26
253340 81
202289 131
248082 55
213888 221
245505 2
269897 99
213331 49
266391 55
234612 251
246528 60
245532 75
283788 31
225366 97
208236 26
226403 1310
234485 160
208509 348
209426 153
238161 68
258347 51
279781 1
220006 65
227940 266
264517 115
276507 24
210464 131
291223 43
272617 24
215910 27
236281 367
268059 45
272401 86
289233 84
284223 91
204150 1216
200163 32
291253 49
202193 45
230788 168
296728 66
274785 39
292075 309
231118 69
204438 24
210593 41
247607 200
218776 23
289215 102
237596 63
210818 1
291149 23
217805 47
236768 30
271802 25
288928 30
205578 81
241441 2
237091 37
255570 281
244107 38
251536 50
279012 38
236515 121
214771 239
248196 43
209351 32
289896 100
277261 191
292666 57
294784 37
282961 42
207312 24
218422 1
228357 105
255461 658
286596 53
281906 22
214797 1
215100 655
219493 26
291016 26
240039 23
218732 316
236878 134
270165 134
266750 63
202299 23
244704 192
216117 120
218295 24
230415 103
215244 16
257252 30
213346 38
283667 1
225066 3
208089 25
218052 66
213880 75
261963 33
281494 282
260329 75
264594 1384
273785 16
285532 98
227946 1115
290648 286
224861 97
246257 29
268458 219
228961 462
293216 37
285207 59
242512 1
246195 27
207940 4
223202 59
269892 73
217299 99
232329 17
211606 34
269474 25
255006 57
265050 28
269470 25
236828 66
213700 259
282560 2
223610 145
206350 62
298569 14
258175 145
238534 30
274604 157
207353 166
286770 123
295593 19
267992 13
234424 25
254864 22
231876 40
237702 42
268862 266
243191 36
217265 1
240636 7
293991 98
221853 2
214721 48
218540 55
243325 24
249164 1
215025 152
254252 286
236501 270
234890 32
294810 54
280771 124
228930 730
209281 46
271176 34
257597 53
255601 265
218678 90
275056 1
216466 104
296192 91
248071 17
299380 113
240482 44
287741 22
223379 46
226147 45
284428 100
252065 66
240882 356
265035 108
281918 28
235139 43
200416 23
292855 33
216274 120
274151 1
258142 39
217595 25
275533 82
205088 33
256562 26
263125 7
200475 111
256169 27
240497 56
200538 56
260986 38
238810 43
219304 105
275255 28
258190 20
211902 34
215736 70
223032 95
252108 46
221919 21
278965 3
254392 42
290565 16
203262 10
264136 197
220805 23
213181 201
238851 23
278624 214
201241 190
259568 116
228980 427
275305 188
298291 44
228035 53
233334 45
211938 155
248748 22
263848 1
249092 436
277726 40
272999 1676
240048 16
269378 74
265085 253
245360 19
290903 29
236863 63
285509 18
252003 53
257770 187
242288 30
236268 48
206042 17
240687 145
213981 649
299655 51
286464 168
292810 29
247831 26
250142 427
240394 62
285919 54
233321 24
268558 74
270472 101
237760 281
262100 72
270383 7
270294 99
294206 68
294499 19
222891 9
268141 391
285750 16
276997 289
281599 161
228117 32
298173 494
273248 95
238062 32
281559 29
271207 19
259054 189
298626 75
215465 500
242840 28
253269 356
203118 25
240367 156
205007 527
239905 43
255720 74
285151 401
201985 98
235986 51
263541 11
213379 169
207314 34
277005 23
273662 17
258596 9
250155 40
245559 99
254054 214
269733 72
247827 881
255906 25
297372 21
223373 96
291524 42
277453 241
226143 20
257918 51
241669 13
224500 62
238410 125
233817 131
291254 1
265842 68
234811 28
292029 19
243144 183
201831 15
237047 48
200946 21
205979 84
285552 74
245254 44
286574 60
294130 51
269973 27
276694 40
290042 47
251481 18
201381 49
255784 62
272000 68
257990 1
276069 712
210843 23
257761 75
217577 33
212860 94
279042 49
205438 23
214532 559
296091 280
243945 69
218102 23
296807 48
225806 124
297282 25
208402 2
225584 42
289230 669
268019 26
271808 36
212060 25
212494 513
250495 890
265095 960
261090 17
299102 55
216579 100
280375 21
246739 121
262117 69
213037 29
252274 21
298349 27
219119 24
220483 119
218450 1
244124 29
229929 26
234136 21
203468 61
249618 49
203828 15
250895 54
239826 2
225919 1
254852 5
211312 2
202587 77
203312 35
203331 170
276958 190
269068 199
295436 652
231289 99
238578 49
207911 192
216893 9
203307 2
229349 30
266242 57
278191 27
272054 63
267975 111
249804 138
258123 19
279425 96
241981 115
273204 29
227724 6
243143 202
294051 22
273941 12
222666 2
229636 2
202516 28
287395 71
253031 167
200067 66
263885 40
278669 141
229030 16
204132 173
253004 92
216215 124
254146 140
205804 22
298878 325
210153 551
207449 93
281777 313
257957 3
208080 42
283919 24
249317 74
205579 64
216738 91
275396 164
229231 30
261786 349
266950 38
253733 236
264827 25
279969 26
270462 124
258718 198
214846 42
299176 1
205962 109
222984 116
204741 54
280270 145
285952 50
249177 39
239036 263
203353 21
269388 207
222354 92
216821 116
274811 93
203432 21
215782 87
259186 25
204535 13
267183 37
225852 108
296586 113
231174 28
211635 35
266647 55
232271 220
299344 125
213425 124
222773 17
293707 74
278506 21
267375 51
220833 1
231299 72
249649 95
280065 45
242355 1
206514 118
290183 3
240935 85
271029 709
286155 43
275600 2
238857 30
233032 23
217904 24
267393 14
214422 48
287739 97
210664 182
283319 86
271184 49
291421 1034
262989 120
291734 548
201387 99
264132 334
236876 213
290536 30
204603 515
234572 2
247280 37
283648 233
265088 121
259567 190
267032 136
274204 92
297760 106
247278 169
211324 175
278975 64
268776 141
257189 63
225332 334
279542 49
285959 506
222846 66
227924 51
286620 121
295349 111
293167 71
259694 12
214222 31
298264 13
250097 23
281544 3
258766 52
285922 10
218607 26
220164 77
265958 42
228775 879
279382 27
255677 40
247859 24
254007 28
299769 31
224663 39
278159 1676
246861 61
248281 123
219533 50
267330 23
283547 17
209198 32
293747 371
239346 192
202198 55
271536 78
220540 48
219856 162
254648 18
227865 16
291832 84
200468 43
263599 88
222741 33
237885 537
232223 40
232281 32
246394 69
236799 25
261771 65
209914 121
285763 51
249876 12
296011 52
239742 419
275216 37
251592 1
217870 320
215921 36
283153 24
218851 121
299419 29
299413 177
230004 111
225913 49
236314 32
273226 9
284102 34
258025 60
269040 541
290118 28
256741 73
229107 427
221628 35
209543 625
212890 120
248667 3
248982 493
206268 838
274244 56
258027 18
210064 4
207909 550
288939 17
225070 83
234082 16
237848 25
272512 68
251364 99
262849 49
238152 6
217513 139
205310 29
201477 58
221384 18
282701 232
240026 81
234695 165
225827 116
268198 406
201128 53
213717 137
269125 26
282027 82
228370 69
255928 293
267312 19
202985 35
289892 57
274138 27
247399 14
272375 129
235045 12
270526 261
225213 23
255663 343
235465 452
254786 44
237354 101
250348 126
257841 30
277580 39
203773 491
294629 4
235812 1394
239645 87
281624 56
298475 60
239093 26
261106 31
265052 20
217366 46
260763 569
240508 80
283907 28
270824 28
204954 155
290292 28
216872 26
254469 18
238509 49
225157 24
225850 178
240759 165
219234 38
214429 39
253867 61
296658 370
272322 45
218066 1
230529 290
248694 96
205894 81
295365 15
292948 606
228659 94
281499 86
246845 3
245670 353
222504 31
266308 151
228325 56
284541 90
271698 17
239630 92
292184 99
232355 17
299463 383
293779 27
230560 64
207357 60
276340 246
244417 917
214691 59
274587 170
222451 33
246068 22
266483 432
200671 46
288508 22
234186 92
252404 48
210793 43
249022 24
220726 408
287675 54
236898 181
270302 33
217470 74
212730 100
222786 24
218443 121
283472 43
254872 53
224554 23
205626 51
237846 73
204989 67
221378 49
200117 33
247780 82
270500 75
260620 79
217548 47
250251 36
298857 55
269190 147
271253 126
224121 61
242432 49
234157 17
222851 49
284171 22
257146 337
203585 28
275720 12
230172 188
244210 1
203482 28
246374 47
224624 146
287081 24
294881 57
265280 155
249049 19
289008 30
223882 157
294014 215
252804 185
291847 81
252924 92
219593 146
268777 1
285799 198
237060 69
287303 82
263665 189
238121 412
258876 70
283879 358
239900 21
265719 48
266452 32
260835 14
278615 101
223576 93
263776 95
243363 26
294742 74
244310 25
207454 34
255506 27
230925 28
286089 19
257517 446
228755 239
282978 5
270942 16
264103 68
237393 9
237018 332
291423 366
272124 25
228740 470
211357 38
211391 24
203687 32
246717 43
288937 28
236699 69
283123 76
273583 605
227696 48
270291 40
291544 327
239960 49
229162 56
251358 23
242755 28
287279 181
207213 12
269236 59
293004 26
233287 37
215686 71
260894 144
282393 22
222406 46
207701 17
250226 84
247446 64
210463 22
201376 26
205650 77
236567 2
218512 245
200608 65
274605 442
215595 551
238803 21
275979 114
257906 326
296882 49
299812 17
294871 34
257426 1
231822 30
288376 107
271328 98
207046 26
224676 133
264116 193
232217 46
220954 41
265556 36
265327 48
262652 50
215486 43
262287 27
274412 30
261803 7
257837 33
263185 124
229498 22
283563 511
285825 26
273655 86
259543 1
257886 20
233906 144
255602 32
222528 148
206688 21
265078 21
280901 39
216049 67
221300 162
297880 45
267505 67
213712 92
299705 54
209146 29
229129 449
279835 161
280329 49
234149 94
244667 21
222175 126
279356 2
206767 201
218966 8
233791 50
277286 18
235145 110
203080 51
263180 18
242875 100
253925 2
223128 1
279677 44
284900 600
217609 112
222646 214
210692 23
244528 417
223852 49
292433 49
264637 98
290052 117
259107 23
290910 36
244995 287
200774 22
296604 250
246953 100
275864 321
250109 45
258162 55
297363 2
205594 15
259590 43
295796 43
275664 42
203274 18
240504 326
273660 70
227735 25
279285 17
269488 26
235675 126
226216 3
207859 41
202571 29
270833 280
279581 51
280402 202
240171 2
220850 129
258391 351
219697 49
263608 98
260411 23
278751 36
216963 76
214175 297
246408 48
253560 79
213905 16
282855 56
291582 65
260553 27
280667 239
213210 23
283286 1
266498 106
236499 28
298698 170
208050 13
265223 51
231746 32
294191 148
287448 88
225279 18
243429 44
289967 14
267149 22
224459 98
210836 80
249582 27
258023 45
268363 99
238521 13
237410 36
249238 1
264256 104
286492 1616
295442 2
280429 126
212705 42
241237 28
272524 16
201090 185
288720 31
268159 680
211981 31
273143 232
295302 38
209037 23
252765 23
274959 43
279098 27
253507 355
202575 547
272964 72
242589 23
241570 150
240517 60
215267 51
225096 9
203187 50
201513 18
280830 1088
218113 56
259336 373
299699 134
264557 37
241641 67
217275 538
296879 165
266134 147
211063 53
290299 1
257863 50
207409 133
223519 375
287471 35
231424 37
222196 24
229326 1
204630 275
279826 57
240955 124
276236 46
218602 134
240165 105
255956 28
284294 16
242424 18
211179 80
238320 7
208981 306
284919 20
272383 34
263663 39
266730 119
213893 20
263643 1
266082 242
297302 54
270823 140
227622 136
286401 35
209303 267
212020 137
209770 1
298562 25
235501 22
221923 217
219371 30
285707 53
242829 35
295753 58
217389 31
276409 45
291872 100
217749 47
203674 48
261518 112
228369 18
218442 23
232997 111
209263 1
222258 15
232337 2
245720 31
216288 20
209003 23
296373 102
265824 200
271538 46
289019 2
246177 153
282741 47
237037 17
252631 41
226588 43
203532 109
217560 43
293006 763
229076 435
278647 23
285335 28
287834 171
248990 16
205769 43
275954 60
250005 45
239357 49
291338 45
244478 23
249117 133
268764 374
261064 29
291886 27
291036 239
284234 415
215121 29
242305 23
251049 23
252145 7
263147 24
219357 35
231543 29
297878 317
250689 34
248392 27
282587 1
234819 162
203755 133
256203 56
225089 57
207424 56
291740 21
292348 134
267171 48
287893 4
244469 159
248898 3
209437 49
206397 51
271422 4
297193 25
246071 91
265765 160
266367 80
279742 1
244922 589
218014 20
225311 80
293892 18
264126 2
235818 30
251453 1
271827 40
282407 14
220681 601
235043 99
207483 137
214551 24
243042 96
251629 27
257400 39
268296 22
294534 134
249821 30
256418 27
225983 2
261524 129
281415 185
236086 47
202600 64
273648 213
297365 44
287609 44
223822 3
234446 16
296191 403
200186 8
274264 44
251882 22
259749 25
229507 19
250548 2
225189 138
271218 25
237122 223
277294 68
257831 3
244906 23
297463 1457
202063 89
212188 41
226302 1237
279475 22
266081 1
212593 73
206560 27
232634 57
251998 229
276378 74
256712 51
236581 60
258992 28
228565 503
269041 20
286882 1
285232 168
235254 8
219923 85
254230 63
219583 88
277408 35
297049 13
285656 1344
226317 52
243160 4
221843 51
290366 121
287749 72
293086 69
223543 146
236221 2189
205118 159
236355 3
281012 35
294962 129
298056 258
229621 31
273604 35
209377 1
200571 93
292908 1
232111 23
242231 71
286063 12
210747 20
205771 173
291492 522
283478 75
297996 238
294402 428
272060 30
297206 67
271893 2117
292398 57
223566 17
225570 16
279133 30
221539 40
227379 52
261253 1
267968 319
239909 106
291619 21
215826 22
236941 50
211586 1
298116 13
230903 2
251125 110
292225 23
235297 4
282506 24
235605 13
238385 45
214338 434
249083 25
222495 50
293731 77
261116 26
287272 228
278089 57
233734 67
296814 95
275481 56
250681 21
218496 55
232588 194
240050 135
275143 1
251051 911
257809 36
215111 30
204468 182
215672 49
256839 25
228262 22
257618 68
208940 8
277953 62
231057 302
220386 27
225032 140
234633 810
247444 110
234128 18
270949 1
242118 1
280835 9
297441 20
209603 18
236889 78
258658 1
256904 34
246139 1
233175 267
285660 313
226609 172
200950 24
231270 75
282358 33
250192 71
236242 151
281473 14
209291 102
258878 22
285396 111
238236 23
262879 57
276029 1
295562 20
235218 133
201589 23
208086 42
217256 30
247987 73
209938 44
236272 21
219569 118
240442 356
210408 46
234936 17
215306 340
260056 25
235757 167
234192 33
228939 81
202724 50
291560 89
246730 106
243921 118
296900 18
293853 20
286721 28
292553 218
296726 160
276888 23
264087 19
224190 34
296158 22
211196 436
232048 95
237861 1519
291133 23
203555 74
259097 27
217324 22
233617 1
206458 24
258709 56
237014 62
259997 183
283486 25
222548 602
225119 117
290252 117
228774 569
238384 55
228881 293
296334 52
265640 31
225325 80
247664 17
202621 52
298952 53
293590 215
281551 1624
290498 83
222941 59
259419 177
261953 4
282965 14
232620 2
249955 32
297557 101
281685 1
202304 18
234250 39
270432 54
210104 129
210060 29
273163 54
263070 1
248995 229
280712 25
247655 49
283385 45
289508 1
260531 1
240112 31
229341 66
267104 45
251058 28
235166 79
244818 109
228430 45
297801 19
206611 1138
227889 7
284484 170
229019 58
270047 20
223528 81
230493 27
234922 1
219961 55
225356 37
281651 39
232300 31
209727 49
245799 105
270566 161
251111 52
203678 44
286033 99
271129 30
284784 283
265590 1
287781 40
242881 156
238596 14
254895 21
214217 19
236823 197
201808 3
220609 66
220816 99
273177 8
289421 76
268712 267
240211 40
214686 24
240355 82
239644 336
212247 32
213716 24
261569 31
284765 139
250955 59
290068 83
219853 393
248630 2
230066 39
224583 54
298737 565
231439 26
232954 27
207277 42
272251 26
249726 38
284011 77
296249 39
294746 105
233851 1
209434 33
240110 155
235809 90
267899 86
298638 153
232745 1
205143 115
244799 20
266806 45
220972 26
299224 189
257436 84
280378 75
219987 353
218033 76
237513 50
229411 18
295453 31
279872 27
261104 53
279487 116
223554 22
248684 89
286963 71
299792 27
227068 81
232007 23
225581 3
239497 26
255765 34
234417 54
261027 78
263605 68
226447 144
214626 26
299633 18
233904 99
222675 42
280717 262
271984 41
226220 39
203436 28
249570 144
254538 183
218924 25
264546 20
287804 32
260391 212
264044 34
282580 26
209994 52
257200 87
220786 82
207421 43
221824 57
213354 99
214898 110
239517 263
296290 26
295736 169
250577 27
239993 23
218820 19
211919 215
253540 58
285191 40
271165 36
218519 20
287249 299
280605 39
297916 31
258694 19
288496 75
279279 138
232143 98
207064 23
261150 207
235134 47
207448 256
210371 24
288960 48
226881 48
210586 26
217744 167
218718 75
263856 39
215450 154
271673 156
238974 24
214068 31
211766 73
245754 916
256232 34
219380 20
245818 39
284080 252
204721 122
204360 50
231432 25
290018 31
246914 56
271814 45
257258 391
202087 121
221215 71
200449 39
223035 1
215700 17
284733 20
212988 27
296005 65
218160 101
259121 83
246869 493
238172 16
271608 340
283590 71
224604 21
274000 211
222855 26
260562 33
208117 103
232921 49
279563 50
294861 32
289492 77
225556 49
280271 26
292715 61
295718 29
289419 41
213156 55
292332 41
234930 27
252173 39
211437 70
220948 147
261930 661
235755 380
267616 44
230764 63
244794 37
254589 223
284034 291
257739 123
264625 202
279788 378
207572 42
266989 115
259014 100
233994 37
250222 21
205105 272
222561 26
296231 82
280551 46
274384 27
264054 1310
268001 26
232056 31
234684 23
227535 125
200017 369
240631 62
295313 23
210141 53
298330 40
236998 46
254912 55
235447 1365
252299 94
290660 73
224942 39
261663 36
206404 525
214327 358
206967 1
263586 28
290899 125
239874 89
297917 34
280024 50
254674 385
214839 7
221800 1
206461 32
256695 64
289200 407
267469 276
238119 75
203673 52
245032 88
274505 41
241681 41
230885 131
290731 56
294224 120
269593 319
254889 23
284093 29
270874 1
263005 52
216137 20
295781 61
219058 103
284987 94
288294 32
296019 25
288035 16
243390 59
274622 48
242332 43
293000 52
297243 138
219532 96
238125 36
218815 20
299365 399
262877 28
261443 36
265728 1
250265 36
231316 104
284014 3
220165 1
246580 26
217059 24
289465 43
236997 24
202491 243
295190 49
255746 752
206588 28
201271 52
276850 102
290555 2
273919 25
232376 35
289594 44
264513 74
226049 1
264927 306
284460 86
260450 52
275113 59
269603 19
215558 44
233479 223
292987 26
218481 33
229060 43
232824 99
220497 49
222843 22
211602 209
295067 24
282411 17
206109 48
255697 139
270321 18
279951 490
268329 47
244077 15
266373 52
273780 44
261408 523
212026 55
260558 135
261274 19
236493 49
240748 97
293016 5
292746 414
286436 40
292445 23
209170 100
201987 1364
272730 21
204239 37
245517 444
206355 57
259675 10
231581 292
245087 71
226556 2
268526 153
214292 25
217508 78
237528 365
263502 136
238157 44
280633 1
255738 97
281086 131
298407 29
233055 70
253758 166
296695 410
256643 29
248159 80
292518 39
296517 145
245225 121
286910 119
231297 26
243542 4
258582 44
246302 133
226299 5
244831 63
298575 92
267034 85
278575 77
262846 27
240659 185
235813 59
266052 74
294050 50
284201 26
231681 42
290788 21
242027 21
228338 1141
247925 44
296083 30
269339 49
283081 39
255252 68
204481 130
275169 47
212660 18
286846 55
263040 72
205283 130
268755 26
283295 768
205793 141
250529 452
206032 151
256628 332
237148 283
283748 47
285890 8
257128 64
246690 35
216281 23
267739 1067
284699 415
215361 45
283561 23
226170 22
222496 30
299386 172
268360 36
283746 42
288478 31
211473 83
251612 20
200313 50
238030 390
259518 104
296405 43
260397 76
235468 1
258014 17
284896 337
208043 26
235485 17
261667 259
296951 108
251945 9
254005 29
252213 21
266065 45
222866 103
227337 36
256302 29
298724 27
210889 283
207410 140
217316 62
248657 3
278756 32
277487 16
206368 112
281223 92
223744 291
223171 21
245570 21
272959 111
247100 329
227407 1
271288 68
207306 50
241692 63
200240 78
269150 240
263324 14
263047 143
225724 21
221637 14
276924 127
258626 45
247924 27
268108 36
258873 15
201923 189
231660 1
237281 19
262789 6
204879 54
240589 89
278676 46
294080 410
225868 140
253888 23
249918 49
213107 20
240995 3
240259 37
245090 137
218721 165
227626 137
245731 49
229885 39
241789 2
276883 338
291260 54
220138 13
262385 95
241684 69
203722 173
298387 374
204556 6
231256 20
255262 24
241627 52
270393 58
261341 280
280577 25
273180 55
250031 163
229381 100
237387 25
237674 56
247078 14
272434 88
214864 35
296241 26
207541 13
224006 65
271518 35
294038 121
294977 105
245993 1
285480 113
262842 23
282466 103
239692 46
237425 92
264325 32
247460 365
243066 50
293735 45
244851 2
214945 1
229619 22
298549 63
280161 29
269415 78
229682 1
266690 92
293299 446
295497 604
205161 28
263576 70
237891 481
295813 3
235800 41
278223 453
213968 59
217447 273
230517 36
268995 14
216412 52
228214 1
238237 35
230106 49
226750 18
201165 1
236047 43
213708 52
207009 1
241025 102
258927 104
298026 44
283178 48
290854 19
213214 167
268520 25
235991 109
262332 8
297991 87
251393 33
245629 75
241848 29
248177 882
239885 3
212578 87
298653 810
261988 32
296702 313
266991 38
258297 25
255422 7
218898 46
257104 8
294238 47
281688 45
283225 44
201330 11
246150 25
229722 23
254521 167
236277 57
268431 25
288558 98
206112 851
230949 58
214366 47
278020 66
234591 24
212688 35
222718 70
221242 1
220421 99
221239 255
247559 19
252538 18
206072 2315
262107 86
293257 4
238310 37
280177 43
212409 183
225380 18
247691 93
282981 131
238459 64
278889 1087
278732 34
219561 32
207524 131
285173 26
289410 46
213817 69
209584 69
243224 55
276181 71
270761 237
255799 27
200966 54
291565 27
279768 12
253182 70
250680 101
257757 68
225154 72
239888 42
216861 88
223505 66
224454 20
278554 115
243955 71
286287 95
275878 74
278934 18
212271 56
206579 70
261655 43
207706 75
215113 36
239478 816
248260 30
293340 150
293483 1
288996 240
214228 33
253057 44
235733 9
275467 63
285054 525
271939 66
291929 42
250669 130
256886 3
275483 2
283612 53
221768 71
207441 18
297556 1
278277 99
284735 75
272754 46
258583 41
272960 1
221438 441
230293 32
211512 24
204924 275
229963 171
218682 41
272304 198
297264 186
290583 26
278044 47
267483 26
220754 51
296327 76
279079 194
271410 49
290573 2
269383 1
218455 62
208195 27
280136 21
214538 20
261164 1
295712 50
223921 146
263169 76
253730 64
231592 10
269115 24
255932 58
219022 165
295897 19
243547 34
237565 60
216768 1
226712 405
223850 76
246244 512
219790 106
208415 21
241993 53
269244 23
288877 23
290198 374
206319 39
253533 176
268552 189
209985 52
253748 9
258479 70
243928 2
203835 142
203732 147
216887 11
243318 170
234290 26
242869 87
245841 3342
221305 60
290784 36
246516 24
260046 64
257160 1
290105 303
241244 52
242728 2
212793 119
229935 634
261629 142
219096 63
263447 35
251162 27
244474 74
240370 1501
245245 117
261316 2
293757 18
235707 239
203266 25
258272 18
237013 31
274351 23
262806 22
271799 140
201142 300
234221 32
275190 42
258424 52
207158 75
269347 22
257991 60
231485 29
267089 51
227864 40
265704 56
219230 74
279883 1270
249962 34
252136 28
233382 22
271899 50
212574 1
235935 45
220126 5
289606 51
285599 148
297407 27
219846 50
241983 36
289600 28
243983 29
219879 27
215820 67
257276 834
203445 31
235573 77
271233 17
234697 291
288621 1031
229100 24
212856 103
224250 578
205262 99
235702 308
215681 58
236144 22
204196 204
230176 18
241798 17
200140 488
270370 52
256626 53
296148 17
257089 20
239146 37
222233 7
234830 28
256039 372
231645 40
209682 115
214258 136
203335 52
229499 1
274877 493
221700 722
228256 306
299882 24
226583 181
280163 2
238366 11
271975 69
233448 23
288043 165
279797 99
211846 28
254850 21
271110 74
276465 152
268585 3
261352 74
232104 46
211055 19
261287 91
287917 16
228344 47
218461 73
260996 21
291032 110
291410 2
296225 121
258344 73
266677 5
244426 15
283784 53
281741 52
293184 402
286369 52
229142 34
219612 143
218633 93
270884 36
283014 2
278202 138
278557 28
279389 66
226773 565
227172 80
218625 61
271636 39
253953 199
257017 28
209148 28
208002 3
249075 186
246108 21
229794 18
289689 70
213388 6
240578 43
219134 82
279336 29
223349 33
257788 626
250075 24
220830 24
257206 53
291721 44
208851 194
275426 47
257515 18
247653 19
298108 54
260565 170
258312 139
280499 10
268003 20
263673 89
288761 991
207856 32
282339 76
290264 7
228676 68
298511 25
233350 18
256522 70
273952 37
220029 664
268374 74
289902 41
235417 44
260849 1671
260731 65
295986 49
232384 25
264445 240
262389 631
248399 38
226316 68
276337 29
218238 25
282637 45
210237 37
263362 313
292189 197
271018 24
200615 90
298555 690
221031 64
274707 45
279233 21
216976 14
263034 327
233556 28
269823 76
255558 22
242812 27
212087 851
263474 85
201460 21
251994 44
209317 24
230081 17
286819 13
218269 44
207037 365
237666 2
219866 248
291109 4
274216 68
240120 41
277259 238
200826 98
295548 106
278140 191
232876 56
227232 2
255952 52
271877 334
265145 28
258844 142
206104 94
231906 131
272781 44
207058 118
251432 74
285631 50
217435 46
271064 51
291815 29
247743 24
230968 75
213678 22
263416 43
239944 70
209861 192
279115 42
250040 232
204122 43
281994 154
245308 141
213071 67
254322 35
243321 45
205034 28
277459 28
291761 50
216335 65
282053 74
266819 39
251418 71
258979 72
276342 239
213303 163
291924 227
294535 51
256734 36
201441 29
216073 1191
249468 30
277505 420
230065 22
218476 1
201268 141
224457 55
281450 45
293486 99
252389 69
201914 24
208630 33
200556 1
271922 35
213074 595
230148 41
243885 32
264664 57
284872 34
248555 69
231447 27
202509 52
231787 635
283125 8
278772 35
261708 148
209260 59
223124 1678
298270 43
242737 114
234230 1
232465 30
285945 1
293115 1
227000 127
273437 51
226812 109
272128 1
289517 9
262352 15
268056 35
257553 28
290755 362
232869 11
271785 120
239131 217
218841 44
228744 49
238948 163
225582 121
235188 186
213965 35
279179 227
248113 37
200432 167
242709 490
212522 47
239125 26
250816 52
248016 10
269271 45
233097 79
219836 63
289776 296
256517 76
202381 57
284620 103
200023 2
282750 74
263365 176
226140 35
229788 94
219347 27
204973 105
265237 33
254678 44
211506 282
289672 71
233370 72
247277 312
201883 193
229859 194
299520 36
235552 134
206103 286
265870 80
266684 90
293526 3
253349 29
261186 201
214058 41
278847 26
234860 44
237962 23
213883 16
242996 100
240605 119
234043 63
227691 16
203591 3
254859 763
284246 96
285350 24
264071 139
237678 83
215335 84
210782 65
242729 72
272645 23
270137 28
215390 1
279755 24
226328 29
233200 15
207959 15
200680 40
273826 44
269433 57
214310 134
238464 64
243240 48
259395 3
256799 46
232948 527
204373 44
208547 1058
249084 22
251315 20
281896 43
295429 371
206961 29
294676 147
277053 50
220801 78
278815 1
204589 1
269270 50
247017 61
208541 97
200870 18
202443 25
209710 34
251399 17
299964 60
277593 54
288649 292
287978 35
215271 92
210172 64
249005 149
215436 22
209367 1
242163 22
266561 739
239407 49
291530 8
277172 162
247243 28
238301 9
216852 259
222467 63
224720 71
265933 57
288555 134
291072 1
273986 256
212538 74
291772 217
274879 24
200539 255
218548 389
241687 38
231758 154
287906 30
241038 123
267885 2
231577 42
259100 51
231263 46
221379 30
214139 42
296932 38
259634 397
211005 150
244475 117
204658 415
253430 2
270415 8
228612 930
282256 19
238925 249
283558 10
207530 53
242220 22
277414 19
221879 22
256541 35
260390 1109
253616 31
208774 79
271042 675
224072 25
294561 364
260871 201
299185 30
225839 68
264968 208
221525 18
247273 51
253259 61
294188 24
266619 71
233015 23
271573 70
238465 42
299199 42
271095 98
290979 38
250285 282
297970 112
222674 72
259511 76
204817 251
217284 32
259430 37
247307 304
267132 17
226107 57
290502 72
278939 53
272585 37
279488 107
239656 2
290554 277
242297 44
240727 23
222313 93
249602 25
256426 463
290006 150
273466 94
268683 2
287317 22
206641 28
291315 38
216348 22
259457 85
281537 29
214103 200
294528 177
248283 35
273431 104
210969 101
230253 30
213878 52
248085 27
237522 619
249670 50
268334 23
294716 62
223704 15
285655 381
246591 91
203151 451
282458 111
254679 67
248372 3
293555 15
207650 136
271048 36
229252 127
257299 86
295132 35
265089 74
213528 115
222631 56
216233 18
212022 63
275696 75
280893 47
270357 137
260959 44
286314 58
205126 267
251904 72
268325 74
268245 10
201752 20
277579 54
222701 98
212561 59
294710 178
205820 117
232246 23
287525 106
211259 71
278404 82
275965 192
247407 72
233555 2
225682 25
263740 393
282108 2
291294 1258
271390 55
213466 237
277977 46
274706 493
253784 42
255927 31
229684 20
273138 19
201667 279
297060 148
213435 559
261892 50
213608 10
244553 32
218299 104
246585 58
217578 45
217477 21
241801 43
231379 130
221067 99
239038 1
217057 769
257026 23
240456 27
266650 199
287156 214
294385 388
255203 14
239333 14
251943 27
254962 196
271800 126
250288 40
257096 34
260418 31
215682 1
299665 32
204692 27
234333 27
218768 37
248481 38
232637 111
287555 17
256701 76
257677 534
241476 67
214424 56
242775 16
228658 43
275518 113
297993 141
299866 77
274172 571
237735 27
292003 28
278133 43
207691 339
227898 50
243898 19
264764 266
235439 95
237471 28
230895 96
257527 127
258090 37
279438 90
207733 70
272672 48
246247 64
234600 37
233062 70
245209 4
257940 58
292708 17
224395 134
277470 48
299877 34
242293 23
245949 34
204798 17
232072 161
217128 54
248890 1
282650 107
272330 66
285380 49
245143 20
294671 23
265730 59
226428 600
250434 29
270631 16
249721 107
239360 308
231290 25
207582 174
272423 87
246944 46
237944 14
285739 4
204412 11
219894 18
297325 30
218835 19
242334 96
296168 22
220032 55
204167 307
284074 206
248089 45
296404 94
232302 43
204288 20
225481 28
210247 17
209661 39
261338 1
216598 24
207090 10
215219 39
236335 80
285643 45
204548 25
278511 30
254144 66
249699 24
256498 22
213645 26
275093 200
219226 45
201726 28
295079 53
212659 399
257461 45
276097 20
283415 200
239977 24
228114 373
280911 352
296317 32
276872 41
276397 15
219828 118
221255 14
236039 52
245249 34
264973 74
263747 53
211472 128
271337 20
213739 156
208125 4
255810 24
273098 117
255719 45
268389 139
264691 87
202913 13
265753 88
211712 76
224986 85
271237 2
252751 20
272933 100
205704 62
202242 58
209513 46
279678 940
269596 46
256175 65
215538 44
246621 73
206013 11
211840 166
280332 146
219964 332
287687 106
267322 19
284860 49
206871 209
275272 49
219883 1
268914 97
209091 75
245742 1
218789 117
222790 22
255491 23
271104 31
267305 24
293455 19
239450 127
246421 215
282800 17
243821 27
218038 52
286328 1299
234850 81
228615 51
242178 255
297012 66
226334 35
271339 59
243032 34
279900 55
246357 97
263832 21
276128 107
214801 5
255695 34
279405 50
273710 15
276779 87
293269 97
283309 28
257119 287
242209 39
239331 41
244575 409
261384 33
251417 75
243916 139
209565 268
272786 155
261585 48
299121 41
254556 82
294265 44
277276 17
217861 22
265028 20
207835 70
276251 29
238825 283
254504 214
272913 23
209901 27
295651 38
266497 31
227021 101
233271 478
296578 86
272563 660
237753 59
221518 30
289988 4
229645 24
227461 27
224508 141
208340 34
223014 22
205768 785
284405 105
276721 38
238573 2
214601 7
214542 27
224988 17
214635 103
267506 2
230728 45
270052 30
243537 25
286900 114
245528 48
217095 1
284135 79
247081 37
277911 51
236994 18
208378 30
202741 29
204594 1
222550 2
298874 69
244657 2
227305 30
201180 121
218715 117
249680 92
273336 45
210248 116
258284 29
292742 3
200603 18
225199 134
252077 16
203464 58
255502 432
277017 77
224756 251
202667 92
226671 30
278406 1
281671 20
243775 144
238859 87
253287 40
279458 265
290711 48
245259 26
200579 75
299513 29
258229 134
214254 23
228455 23
221814 48
233648 64
226190 65
253301 57
219889 536
246502 117
238969 17
211770 76
228099 51
250746 52
244393 72
297767 314
288759 14
234340 47
220133 30
240333 33
243014 29
260054 10
241344 103
207869 17
273998 54
243500 26
219166 32
258560 47
214725 118
280265 44
297129 2
222822 588
275611 49
244651 36
200792 319
254541 152
263845 39
260334 352
251919 69
273497 18
297845 355
270803 40
284805 26
254165 29
241941 123
261245 42
268475 22
269664 1
228688 76
273879 50
255273 144
275623 367
231164 87
249865 14
202464 112
211035 31
246466 262
233210 24
299209 32
244013 24
290749 74
284037 267
251938 116
268303 28
253653 48
209926 53
284450 113
240571 23
230751 104
211977 25
286796 48
210370 156
278362 814
242117 22
235397 19
216844 31
285709 104
275944 1
251094 31
294645 20
276961 72
275329 18
270689 2
240598 60
266334 1
225521 146
248589 68
206327 32
218774 58
200174 90
250863 98
252039 79
219252 16
214569 85
285677 43
248255 126
235691 24
252852 36
290791 49
287743 146
232890 51
299312 34
257390 220
269218 38
230230 3
212714 21
293959 149
247735 206
286775 71
254264 162
210726 27
219472 75
247736 22
255657 393
217344 41
211958 2
233614 187
230822 32
235505 66
210517 71
228439 24
223918 112
289627 161
232274 43
285910 48
256719 108
261343 58
285536 21
211484 74
228778 633
243995 43
291601 27
221655 3
257696 96
245902 65
270593 53
272739 59
277243 152
254490 169
247643 400
246508 1
265750 75
258916 21
278325 23
274144 15
244396 37
253094 154
221873 94
258842 72
263325 46
240257 55
245392 46
240137 47
260467 25
205173 344
265956 79
256405 33
209969 40
250267 165
282778 95
211208 111
246395 63
263579 42
244671 47
201645 29
283074 1
241779 290
268531 43
270584 71
264420 16
219880 219
236073 195
268916 32
258433 141
273211 1133
209951 45
264409 63
208376 63
234742 73
202114 51
222835 20
279655 41
283465 30
214904 32
275392 113
202202 32
246310 51
211669 1
203734 16
226214 35
272801 17
215932 161
271496 17
209662 71
272034 71
267747 28
216075 40
248170 27
255092 61
227149 26
209495 209
292649 1
259036 19
247252 1
286255 24
279785 36
204907 13
203394 36
270682 299
240125 29
229920 55
273565 24
252649 499
267773 14
293054 76
289536 1
239359 526
262711 95
220961 78
226866 43
203150 73
291759 73
261772 31
209598 16
224501 1
221497 47
212516 3
241153 115
238027 33
278138 1
224149 45
239694 77
248307 4
289340 21
207109 41
296858 33
271076 138
244422 28
280853 71
282507 75
267051 40
298374 2
263242 72
229555 44
281780 54
280243 44
251648 26
297181 22
208121 23
277271 25
250742 28
281413 62
284216 31
292713 451
294325 30
298912 21
236051 59
212576 160
232553 36
296997 157
232226 29
289736 310
252807 35
223250 1
235588 46
210193 25
230696 134
271435 22
250553 63
216929 45
293891 49
239744 22
280621 77
262325 102
285611 46
284176 502
285347 23
240012 26
202136 183
225396 112
243422 15
294061 81
222853 33
290505 35
286218 74
246935 41
221933 72
204693 28
265690 15
225909 209
212619 409
234912 15
227728 139
225475 17
250021 242
242456 91
245250 25
236158 145
231872 1536
231159 17
245622 30
295287 1
237549 25
231613 64
288807 23
211148 24
271732 74
274646 445
211066 63
204815 81
261740 58
247824 50
262654 32
277981 26
247767 26
212809 39
225081 54
219989 75
240912 52
264912 12
225001 141
267287 25
238073 9
200047 2
258392 102
240965 30
245806 70
281124 23
239023 39
216527 15
287595 7
273134 318
235144 45
257332 284
222869 24
204923 437
240404 289
247642 133
293248 35
256398 26
227975 55
282918 45
258707 67
209172 128
273216 49
258900 15
288910 72
265338 91
234527 1
236948 160
219884 24
208671 32
207726 28
251362 43
271268 24
257596 27
286937 363
290518 20
270806 56
267908 26
243902 21
279490 78
250862 16
286919 73
246644 24
265620 71
265025 37
285100 65
252537 58
298365 66
206608 159
223854 21
275292 128
247484 23
254822 1
297326 5
260895 216
233761 117
281284 51
288251 51
222962 332
261965 105
289691 33
227374 11
295173 371
236696 24
288764 23
267552 76
250057 1
230279 23
222530 325
221788 24
279296 25
257015 692
263081 13
252586 13
238379 1
264497 89
278431 76
279131 52
269443 46
212397 40
272974 28
294466 22
243158 64
220625 89
249995 36
228886 64
229135 68
276208 64
280356 68
263497 15
252040 321
228298 26
263862 24
212505 35
256141 86
254293 166
231215 42
274618 1
272762 228
278728 79
279045 43
291956 64
280719 63
267544 36
244350 24
284104 314
214043 2
267627 147
257901 73
205764 186
222369 163
239830 121
267921 38
234412 34
226116 18
233757 3
252737 25
221340 15
227019 414
234089 49
214902 94
253586 27
261426 26
214578 38
228134 140
293565 285
226982 98
225548 1
215241 17
250086 29
241450 12
282178 2
285215 2
240668 16
239976 38
205525 8
259979 300
228537 440
216062 49
241551 133
271468 19
232669 181
237479 13
222771 3
215694 684
239158 52
241648 40
236460 65
237166 86
237086 28
222971 6
227089 39
253021 2
265983 73
264401 54
299183 48
224498 149
268128 117
228947 153
203868 34
215671 1
277923 19
298883 94
236891 83
264702 18
212029 53
232861 18
224093 65
296371 31
255792 69
295552 336
257418 50
221115 48
256372 23
256847 43
203371 34
227497 15
244517 15
204964 52
220169 30
257344 11
238621 76
233514 50
228823 90
299366 30
285202 79
278301 41
289830 49
296708 2
235365 57
250136 120
263263 172
251915 52
241443 129
205621 54
213557 45
207175 20
250512 974
201240 97
232178 742
259710 32
278970 880
239935 101
257539 38
276263 164
292052 305
263398 762
219621 300
245502 28
217186 230
226848 118
267458 50
288707 29
231411 180
266273 41
217872 171
227736 70
204983 200
201170 40
233476 2014
247412 44
216048 290
236064 27
230248 154
256451 31
234163 28
270430 40
242960 283
200343 88
290847 55
283978 39
231712 31
252603 52
266973 167
268178 44
264238 20
287173 25
280547 1
288355 174
267754 67
239770 181
292282 185
269667 355
207316 32
276279 43
217424 40
276093 16
279832 448
247891 21
203739 23
296956 63
231628 1082
261784 112
219753 46
234552 56
255805 49
219825 54
243710 44
299083 74
202279 29
257554 42
286029 139
201534 1
290064 32
253422 26
263630 49
234184 29
278146 85
228205 73
202798 269
217657 49
233837 40
203369 61
211252 46
209385 99
206749 92
226371 404
233209 278
296273 70
206334 28
273281 29
257377 53
206786 1
202865 2286
269324 43
231953 1
283757 36
277510 33
251201 56
263354 196
249499 105
256475 23
227562 64
299356 112
269841 71
255885 24
247940 127
260360 44
292416 43
227455 151
285572 42
206034 69
262844 38
221204 30
263181 19
252798 42
244878 236
215238 90
299643 82
240852 22
260584 84
245043 1
297613 18
230943 35
237919 60
225981 2
274021 127
237888 25
293417 533
233052 34
271356 27
215298 27
270236 71
244593 43
225843 65
276536 1
271658 315
271236 43
253339 50
224983 51
244355 7
248259 11
289427 44
263064 163
253878 157
230378 41
250868 1
258381 1
223864 28
208099 42
219710 131
254718 22
294917 30
226660 24
262046 87
288703 96
268784 1
203859 40
218155 162
287241 118
217169 99
213867 16
205136 214
212949 73
230587 213
220941 29
290767 130
209840 19
246262 46
266837 37
232721 25
293835 148
290152 41
209764 342
263770 64
246391 2
220465 1
205763 165
287520 106
207451 47
236365 28
268226 113
231237 27
213625 236
243094 49
263751 6
281261 2
289157 150
286003 1
246527 901
285120 43
290201 283
207065 27
225988 46
241274 46
249417 53
213016 164
246652 46
285896 137
225310 70
207629 114
229222 29
253967 129
224601 19
228987 51
267515 25
253168 24
218589 29
269304 25
235689 23
243559 2
248188 37
239226 16
241926 24
290267 17
279849 13
270934 85
293879 1
287540 35
270885 66
203290 114
271824 66
274105 37
257270 60
262804 101
229501 250
295547 21
223802 2
240799 37
245440 69
293075 35
221142 28
260588 166
292031 45
298694 76
275684 75
219332 38
236635 226
203972 114
226439 12
210900 70
288488 21
290025 20
235186 44
265008 64
219484 21
236624 24
251589 34
250361 77
268290 131
211784 59
249107 219
238722 1
286295 138
216910 27
224181 21
204571 150
279089 641
222407 69
263157 175
227408 29
221519 31
251076 41
225597 45
209718 20
208939 38
250801 116
268298 22
242639 51
298418 31
297553 20
207406 114
264215 71
293809 72
205013 26
236150 1
267165 76
298110 1
206878 94
263487 42
222699 45
273838 39
269132 22
270633 194
264465 170
250003 119
226696 128
299702 24
234042 23
297697 48
235165 109
235012 1
246470 24
233138 214
221982 372
200481 32
258855 52
291401 94
272600 45
278725 25
293821 48
220316 40
286707 39
218510 1
246684 26
249466 22
218756 43
244369 23
258390 152
224878 20
266654 34
271423 41
223057 8
247681 47
244918 33
211782 60
238045 157
278107 71
203133 29
205873 215
297480 251
222645 59
206506 886
246819 27
245880 40
295211 74
294994 46
249339 45
245717 32
299867 430
255512 87
234882 45
235923 71
216766 263
270081 33
217531 188
294332 30
222317 21
252072 1
260060 168
295026 3
252773 28
231456 55
265231 49
208197 77
245283 32
260818 77
279836 58
272854 29
263174 26
225616 54
259221 26
217171 25
268225 27
241970 49
257298 10
212827 50
272205 18
203507 66
257548 32
224267 96
282867 32
240475 11
275757 114
215920 60
227078 48
241261 186
250407 49
275537 76
245728 25
277519 13
248444 168
283536 2
237889 124
264775 38
230951 37
261208 11
230213 16
298470 26
230996 23
231567 31
239534 49
255802 16
269632 258
254914 87
296218 42
265568 46
267998 87
216880 1963
247172 27
213480 22
275528 18
253318 17
244308 119
213361 50
263518 2
293677 67
286871 43
200761 211
242598 62
230177 194
263539 50
235559 17
249145 43
215401 308
211336 173
260256 58
296469 1
277668 23
284089 28
217158 119
242353 16
210285 64
242575 3
270920 17
288702 288
274420 37
237042 94
261778 20
234562 208
282299 116
220228 11
259352 193
239189 60
250427 63
225577 30
268021 334
286987 53
269919 44
271645 32
281072 24
282296 43
219031 413
229369 40
227596 142
253367 52
223687 45
281406 8
240745 512
297615 50
269092 61
282987 596
240463 24
279264 52
237650 37
211241 1
281497 41
269487 35
269506 240
238708 143
260850 18
250995 13
215850 66
285704 225
213537 4
284576 211
257635 312
260915 63
205580 19
207736 21
289102 107
275393 68
288042 24
282623 30
296690 379
289725 92
268238 40
238288 42
260095 25
200719 549
260202 56
202823 48
271642 36
244589 2
215813 192
252535 14
294361 250
206851 976
208294 29
241134 51
284295 31
205954 29
211615 30
255635 51
242549 28
228106 50
255250 3
269885 39
273090 25
274147 1943
257578 36
229642 348
253990 89
266876 47
279557 122
206464 21
276614 167
252216 28
285659 37
245697 64
213976 28
264074 75
269575 165
274818 17
232624 10
297300 60
213391 99
232481 75
213292 21
227492 54
295763 2
224956 65
216833 43
279517 41
247316 418
230960 24
220508 1
296884 72
228290 31
266315 118
264172 120
281740 18
276904 57
206504 23
276987 97
204916 57
290804 47
212243 32
258475 1
292330 3
240531 49
216816 109
285904 54
283849 18
245863 133
239904 3
244880 93
270724 94
235868 158
223493 173
241939 51
231890 54
253779 28
207796 46
228790 1355
248610 390
239998 105
214795 23
294708 324
294302 44
272325 30
217863 122
287537 19
299571 102
297079 261
265002 28
284941 56
211200 164
228749 323
266319 2
229620 47
282597 100
239686 53
215643 2
237828 93
236079 1107
222292 22
270285 85
231583 54
266518 23
272655 370
283533 51
296657 43
255198 12
277634 20
208272 64
287281 500
238174 6
259000 31
268541 22
252699 52
212150 126
208725 72
230527 418
242434 52
244556 90
210223 81
290977 72
241167 26
269801 20
293247 17
268525 90
262227 24
216382 140
282760 68
206291 45
219245 7
210931 66
292304 1
252696 20
268219 584
235931 30
241379 46
291833 171
260569 674
203273 30
262225 127
215984 36
284937 70
292142 91
273989 45
267865 217
248944 31
287342 31
278388 111
268739 165
285596 19
258074 14
203825 19
246419 87
295809 18
227108 24
281588 42
296824 50
265641 96
263550 49
211542 113
286920 61
296424 25
298908 59
254217 73
210128 43
240336 42
218889 65
238200 2
231618 68
263617 264
289304 116
276657 33
230724 88
241680 452
282179 43
241179 170
232074 3
247403 36
293686 129
219634 1
277199 29
263150 1
203207 59
217986 33
276199 42
226370 28
222882 45
279964 26
231078 34
276744 19
220883 321
231667 4
289336 29
273564 2
226936 382
269458 33
206536 98
269895 228
239040 22
215453 30
239584 35
266173 21
201125 29
257422 86
212807 31
274799 53
243868 63
204900 456
220664 69
201050 399
236317 31
235609 54
281837 39
231207 107
209609 72
220418 97
251372 263
291396 37
212611 91
260461 24
218665 38
283653 59
298036 43
256374 34
258306 37
273926 174
217427 1990
260863 31
288906 96
274036 708
279979 71
279680 362
200684 78
231243 21
283140 41
284292 497
221593 44
236641 132
207512 29
268899 55
261854 39
237463 63
264823 90
256471 21
239057 76
292313 26
296963 64
216360 67
243677 41
241994 35
290567 23
224225 498
285018 19
283321 41
286999 34
289165 324
244881 44
248343 48
291794 8
291778 229
270460 1331
296653 66
278988 68
231973 528
283098 4
254796 137
280446 62
269708 40
281441 10
283532 2
220767 37
286445 429
235059 38
209823 21
270036 20
201113 26
274222 233
257019 31
270120 153
226251 25
234780 2
286830 23
200385 98
269966 58
230275 33
290862 67
218463 29
299017 1
287150 24
271372 50
259868 23
211461 15
247101 1
228544 143
232291 351
228627 52
242564 20
225146 790
286486 26
264835 371
267295 2
255509 39
278758 90
202781 214
242325 37
297156 15
244890 52
265079 121
272055 320
239114 27
223719 21
299960 45
235332 144
227732 67
281690 828
275841 25
253877 39
271677 44
210891 23
225857 92
247579 101
237540 164
230403 84
264567 1
208505 88
206997 119
246270 71
230429 34
290524 31
277873 56
270053 28
289491 127
278886 134
275907 25
282338 40
238442 47
226277 1
254934 38
215570 52
265763 171
289055 35
250782 84
208681 42
299221 34
282153 74
243793 34
289564 2
293952 288
258042 36
254728 123
218991 1
289668 72
256833 61
274603 42
252571 95
262787 47
271810 50
201086 64
267619 31
291430 45
262631 22
240923 72
288517 1
227951 18
206089 14
202298 26
286754 67
216425 68
283953 1
241957 103
242749 143
262164 479
284665 78
298043 58
288678 29
202195 28
202134 15
271656 439
299756 50
234279 171
250536 46
286047 52
256895 195
266080 1
293591 61
214803 43
226059 70
288732 50
299526 117
236222 25
264387 22
266394 3
238514 144
281914 116
220274 2
291630 87
254545 52
296459 22
299008 570
241621 37
221970 63
262501 53
228884 186
288498 3
282263 75
273085 130
222638 311
242138 42
274343 37
212474 21
255463 9
265305 1
224361 406
250557 27
283263 29
255082 29
274301 71
267933 88
259550 27
293337 181
256547 65
281010 112
265516 102
273882 66
218311 70
202135 91
230944 116
261507 40
293412 74
222676 1
262853 30
225994 103
278942 20
219707 162
268984 129
235584 20
244347 24
257106 84
218921 73
233224 151
212311 85
276827 97
293745 61
219643 1
234826 27
200718 110
286045 541
288354 862
246215 26
283245 21
233936 130
239116 43
278848 114
259840 29
281445 26
269143 15
253623 30
265385 3
284642 112
255688 59
247721 43
253469 44
270173 20
210660 61
290061 61
250013 89
265827 23
229611 14
224844 30
261989 17
220204 31
277918 30
288809 1
271605 65
274387 56
223969 73
277464 165
238144 59
280091 66
248819 41
221830 28
201110 22
278471 293
276986 1
256240 177
247591 23
256095 3
269020 9
273197 551
269411 49
216703 40
217412 22
211417 34
213005 12
218338 29
222492 2280
296173 46
276660 70
260262 82
295481 93
228078 122
202645 227
245682 238
237069 122
212879 9
265547 90
299133 197
207062 14
284743 27
226952 128
246273 80
261730 41
220963 27
230496 98
294479 416
282915 291
259094 47
205328 172
220530 174
279982 186
249206 56
203381 31
220991 217
243877 47
210502 52
242771 3
275749 157
226573 52
285581 127
243133 124
226618 80
266271 26
279593 447
260772 75
269457 50
256911 485
297203 172
236333 16
201109 37
267167 28
297826 108
231022 29
253310 45
294722 239
242001 1
289443 147
234471 292
212881 20
214920 3
263982 130
214629 65
298091 49
279050 49
220296 21
201061 538
291905 86
258430 231
288595 66
228653 47
281112 186
264364 178
291203 44
243255 136
203536 100
221556 26
248922 174
234132 79
281901 19
214445 45
227868 2
223514 24
247469 29
294168 48
289701 41
248574 24
219163 74
218001 55
216416 41
287764 45
211173 1
224813 272
232370 249
257769 92
219288 189
239651 102
243971 55
265502 27
221164 19
270061 59
264250 87
209128 110
292153 148
212452 28
214607 3
202255 16
243380 46
297131 59
218902 447
225005 117
219739 1
220880 123
284127 67
240108 38
294253 139
256860 283
284441 30
298452 57
275958 119
213315 101
205752 30
258164 81
282163 19
208290 28
249065 27
255667 44
215169 122
242803 26
262991 65
242528 26
256020 20
256144 53
289408 21
208973 167
251047 291
218012 72
256080 525
268781 5
216250 46
292476 23
295317 23
267978 150
220455 104
238937 28
201578 227
268049 71
206157 146
286904 21
206857 27
261034 243
224636 213
202028 609
228243 71
212829 27
254282 11
205418 50
224220 733
261547 174
258343 1275
296712 46
256112 2
249786 102
285274 65
259924 24
217259 54
252655 113
217325 28
229820 48
220553 44
253081 43
289749 5
285520 11
242412 616
226104 182
286940 21
267606 55
259884 351
250181 173
282035 96
235314 44
231839 73
289237 359
278609 38
212265 66
263462 48
254837 76
261710 24
298323 46
212235 206
287273 84
248742 39
227957 25
252692 211
200737 47
237560 87
298363 81
289938 207
204100 147
262496 78
275195 1
280471 15
281792 121
273102 24
210089 43
266646 36
285986 80
205653 66
228037 72
298504 26
223233 26
247834 98
291112 38
284621 22
298917 39
299793 2
223151 26
274562 68
214401 35
269513 46
295030 14
271136 56
251310 47
269858 47
249922 70
219379 35
238550 57
253597 65
271153 87
279062 84
288164 18
298665 44
246040 18
285674 158
200765 2
299972 107
289995 79
232652 568
233930 29
280279 27
210433 11
200429 37
271389 22
258114 106
200339 245
212157 26
256846 25
204187 360
246242 29
280274 160
236393 48
250878 3
242844 1
234500 1006
226774 45
207397 20
263305 903
266010 65
219161 412
254088 630
254137 30
213942 114
219128 23
248428 96
286224 10
276896 3
253958 24
288416 58
221861 64
256510 28
204668 118
249165 251
286384 57
228863 226
214566 259
226571 583
272965 619
249139 35
214913 49
252493 45
212245 40
259904 26
216756 26
297733 2
295068 9
228362 26
233269 66
272458 51
258533 44
289542 192
251803 84
216787 24
280520 25
207899 127
219103 50
270501 6
227013 100
273321 69
270549 165
280239 72
277296 181
203219 1
227707 20
225701 25
263948 279
223742 41
208594 1
205510 34
253646 153
210255 18
251023 40
259182 21
209130 47
291708 138
258744 219
223602 218
284653 74
280788 330
208645 75
227797 65
209405 62
261926 20
247841 27
227449 28
239133 52
289570 2
276727 102
243996 82
263511 60
235934 13
237407 210
281270 95
236596 40
272257 26
295354 14
259670 18
281716 90
252000 66
216945 103
220337 75
239603 67
234865 66
204325 21
241161 236
281324 23
275952 132
220015 117
274463 25
214241 24
284876 19
256702 47
249007 22
245999 11
270442 74
273943 1
228596 414
232472 97
283046 132
249077 62
252335 41
284095 287
236432 23
268039 193
221207 2
247070 58
212620 428
229772 132
254993 125
258005 98
216791 29
268606 29
253711 112
274893 16
258008 2
239654 21
233966 21
205644 46
227573 56
214444 61
276383 78
236714 1
224101 40
238440 9
260841 17
259995 25
275479 1
229205 26
249154 34
284772 49
284186 400
218784 1
259058 115
247119 175
249056 50
273297 28
227664 52
244486 158
268894 26
238914 29
204013 171
255129 46
202386 116
214995 53
280500 69
296430 52
209429 23
294752 1
267336 27
272538 81
201882 55
274567 14
279525 9
294151 46
291197 55
239882 23
241820 25
231046 39
235066 38
294181 52
241323 23
267658 69
264814 86
200883 8
214373 27
221474 94
261857 40
277891 23
225668 116
215206 35
231499 28
231415 112
284455 528
279728 111
255261 44
296366 24
223830 27
246614 26
297305 13
209633 133
264563 18
283058 22
294474 56
246941 18
214370 57
263133 21
237798 26
291274 609
248333 280
286784 46
209349 25
204055 199
250157 12
244649 22
251609 189
269191 43
227377 300
241062 26
225694 469
233386 79
247313 41
276981 115
293119 12
259653 62
251746 146
289474 25
293802 42
273425 2
274067 24
203085 25
285873 659
208824 42
280454 117
273865 27
290763 202
247740 3
204431 110
274453 18
211307 2
280485 19
265109 80
249715 28
214097 56
222221 458
239343 253
252010 16
247332 214
230631 32
204457 76
205824 78
252871 47
253924 31
214540 23
209040 66
227541 40
289385 26
280395 92
274930 70
271868 10
239687 46
214220 109
224141 49
234556 188
276584 27
282371 47
221630 49
298308 110
261416 25
257336 2435
210720 42
291604 173
249438 59
245790 141
264176 4
295845 14
203889 897
203968 17
273810 40
232413 53
253048 119
200764 141
242457 2
249163 24
243815 26
217224 52
265935 39
238762 16
248547 78
293830 222
278702 29
202309 39
221985 22
213602 48
221149 18
234025 63
211384 277
285036 21
253866 59
225314 4
252266 119
245024 55
262712 25
231786 11
232701 29
213974 251
274797 26
247659 214
238819 14
221663 115
262747 308
219037 279
261083 248
252215 49
254910 715
231562 49
271539 42
277900 39
278010 452
237884 355
234419 60
234969 74
250574 1
251084 455
218309 173
256639 50
288080 101
200085 70
253838 150
208982 99
299340 57
293381 32
238274 35
290537 415
206796 219
263877 26
219462 209
235386 50
224581 63
258522 27
281880 22
299338 96
241326 26
207592 114
280365 70
217466 17
279961 24
207089 20
235210 231
210657 65
294992 1
287797 28
254990 135
210748 936
266385 1
289281 23
215769 54
294095 121
228679 54
241339 4
242694 1
235902 17
267269 10
231784 68
266722 152
228127 22
231974 77
239734 39
239048 152
228404 33
257628 125
252373 101
265426 71
210068 28
230616 48
278646 104
207797 31
218057 19
287413 11
233168 28
299745 4
256035 22
292079 51
234148 39
257322 23
232642 40
269554 17
229727 18
261232 56
242339 141
253578 22
287400 8
259879 361
269689 19
272983 3
253498 47
239429 84
278835 51
284766 2
240629 21
238671 75
229000 64
263059 124
243566 23
241699 22
279808 49
223580 92
202403 52
288771 71
229425 1
272370 72
285221 72
240324 26
250019 35
217279 39
293986 131
298968 40
296464 39
297406 67
296762 117
271421 49
286185 32
200526 26
219898 91
246020 58
248664 42
252326 32
299033 59
289324 29
273761 42
232024 64
295228 13
245615 22
213732 58
235181 52
231629 28
216133 37
263089 23
252950 46
242801 211
224146 162
213912 162
219761 27
241318 201
286095 184
282904 27
268796 42
227004 77
252013 224
258279 73
266738 45
225090 73
261715 27
205788 30
223573 102
227015 2820
287625 36
237801 24
206795 239
276551 32
281174 50
203082 287
282826 7
254176 235
209313 17
228242 90
258215 72
289107 34
233652 55
274432 50
298510 30
224759 36
258769 82
293971 38
203308 23
236953 40
280747 47
250658 46
213692 7
262005 13
252634 124
201653 110
243440 97
213991 45
238522 426
236409 1
251800 144
286835 13
282928 1
215225 1
207908 1266
218777 294
248363 465
296217 106
266224 51
252082 66
276855 113
289643 1127
274863 84
207116 16
268082 295
274715 119
205765 53
202714 22
284944 44
270899 28
261197 411
258072 23
200752 434
207216 38
227116 1
218987 21
296774 20
242904 23
218344 24
259899 26
224324 25
205537 67
285475 101
298570 59
229984 24
246518 320
225508 173
294227 2101
289231 59
252906 1041
227277 113
214435 25
265537 52
219516 13
254757 583
209831 224
217725 124
232949 37
291273 63
290877 24
237310 50
256011 69
218754 38
209697 52
238416 17
220755 21
288419 4
249806 377
212277 54
216293 17
231364 413
279346 24
283122 68
213017 54
263650 137
267582 98
263252 27
212644 102
260982 271
251999 33
233971 23
213014 16
241416 50
256370 48
272080 84
263693 67
255464 102
215991 2
265527 468
291693 156
291376 51
270505 71
255829 16
279571 173
288410 165
241119 146
246386 1
279848 237
220262 19
272981 113
271260 649
203459 29
234050 58
281423 611
262892 183
269088 89
238021 30
214556 130
218913 112
215085 12
285085 164
269365 50
278560 90
220867 160
266473 1
280531 106
251653 21
237188 35
296353 249
274481 90
231565 61
288017 30
243886 73
227308 18
295021 30
240007 63
231251 48
282360 14
203553 19
292401 74
245247 19
276172 41
237127 66
286899 4
256032 157
269226 56
202771 96
292683 54
231030 558
270413 27
235279 168
292351 372
252504 467
277244 67
221909 75
249183 98
246795 53
283903 734
292604 493
222395 330
299940 25
212638 13
205196 48
280325 284
296206 1
253403 16
275186 1580
265264 143
224812 85
293153 70
270991 23
223218 44
217684 127
260445 54
291623 425
251984 33
254289 40
221897 48
260779 24
228758 27
271202 44
278909 1172
219177 55
265163 53
205063 117
236738 140
247547 452
238940 335
235742 45
213497 54
292744 64
201533 47
295055 124
233080 38
256624 240
242085 38
253457 75
273856 105
208656 244
262002 17
221343 54
231955 42
206323 116
232357 51
246433 22
244403 67
258816 103
267078 21
212996 150
234057 1
216468 188
216091 29
291822 21
225456 435
215758 235
243691 23
205027 121
254052 126
236895 331
242802 3
236951 27
267923 17
240819 111
216814 28
221183 19
261198 59
259289 88
291458 1
237832 60
221836 81
258966 167
223490 95
240910 165
222422 391
202529 29
233311 36
261216 1
208582 164
203258 44
297358 29
230141 9
294851 29
253596 41
288032 60
235947 174
219318 31
202836 20
243222 21
206173 28
212613 294
262468 118
299293 290
229723 80
283867 30
210006 102
290410 45
244660 2
249343 24
243326 1
205547 37
282663 24
294704 95
202069 48
241209 20
215587 71
236766 19
240891 43
299738 190
208504 41
219232 56
211544 31
252746 564
200283 1
279402 95
274953 306
269607 31
218131 15
221148 24
264281 155
204976 92
269471 33
227582 20
218176 187
298263 9
226842 33
264012 90
275493 125
210342 70
256637 1
220441 89
245081 54
240737 124
242023 21
283260 251
253102 70
260426 52
259964 25
273018 289
291326 25
208948 17
246645 71
249422 27
219204 25
277210 117
255000 38
215717 64
274323 99
232458 26
235316 484
240567 32
294553 46
246185 58
260537 94
244684 73
204366 33
203176 16
277815 84
251829 76
215005 348
269494 160
265334 80
256152 82
230339 27
245808 1
201743 53
240831 40
287207 65
292426 886
249524 236
292975 1
257037 4
289025 79
213182 1
264427 102
288922 177
238426 56
200740 166
252043 396
294621 23
280483 8
277851 552
288451 48
228560 32
232575 30
231821 98
278169 105
269930 25
271697 98
207487 32
269065 62
202178 51
205597 34
279237 42
213060 1352
291453 100
272068 84
207186 32
248746 65
227633 98
232168 128
237165 440
230139 67
272032 112
208011 42
222749 153
278845 1
231654 21
262920 79
229605 32
293913 29
214330 43
214632 24
253316 66
209262 71
237219 46
280951 43
258843 25
234653 66
218793 294
270478 78
272046 22
267584 36
200852 1
276925 96
228440 67
298732 62
275854 251
231596 49
277559 30
290458 53
254417 88
275996 39
270280 562
220073 49
211132 17
274389 33
227016 28
238738 21
291056 56
276922 25
258581 27
221878 227
201094 20
243505 20
201768 52
208708 268
245897 21
216265 190
224292 101
223289 44
297294 10
284296 66
227788 26
215502 146
227404 118
251967 23
256307 96
209189 22
292162 27
285470 17
237653 71
233066 33
264212 122
241626 119
278790 32
238190 34
295696 223
298820 123
209870 74
234495 89
288606 23
228445 28
207106 25
239751 36
270279 92
226407 72
289519 28
296473 44
286655 37
262429 17
209016 571
276057 522
267725 92
208198 46
274884 124
226083 55
234343 95
256951 181
270474 43
298225 121
285766 104
208188 92
263271 66
281038 48
266909 877
274347 111
223696 23
214786 47
200312 95
247023 29
297926 152
225350 3
223939 22
228208 91
228437 39
242177 204
219409 2
216199 7
253362 33
298837 43
256132 1345
200294 281
291672 28
270953 77
212837 1
289632 10
286467 38
220698 231
263742 19
299524 63
202510 110
299617 447
236480 23
208961 37
226657 318
288333 1
286577 87
289009 52
210457 19
286872 21
231303 54
285754 31
212004 121
209679 95
232843 46
237909 59
222894 51
292735 46
232502 20
223584 22
287773 41
255925 56
230503 34
283461 48
263315 105
234115 171
279339 38
290470 22
252638 50
298603 158
232691 116
251814 110
234133 38
228748 138
235870 24
238849 69
206977 77
201342 283
282176 99
297097 56
203900 71
224017 26
276315 31
289571 74
281778 52
293914 64
266954 2238
215315 22
206598 21
246010 21
269880 71
274261 77
249516 73
220969 67
218585 6
232299 41
276264 77
205518 23
247861 42
231964 12
250783 218
274129 24
270643 1
214675 95
210003 29
210602 308
262370 78
238472 58
241771 1
215460 43
251604 288
279326 24
288820 12
266086 117
297084 43
217640 79
221157 101
244533 81
252913 31
226400 51
229246 49
213896 1209
242768 1
240684 543
286346 69
276693 164
202016 55
255395 67
279480 154
233806 67
214234 24
290031 22
206049 2
225766 23
238381 16
202711 29
213189 165
276530 53
255413 46
286268 85
208033 30
210204 133
271524 70
293166 50
212581 26
207968 20
254720 1
296087 31
282566 54
245166 37
218972 19
248402 24
245537 67
279732 28
272796 24
222018 28
208181 133
238451 90
225765 622
273426 1564
251026 21
231570 15
257646 40
211038 52
270618 114
290834 19
202391 81
247997 4
214737 874
279124 57
264446 60
269844 92
212043 42
219383 204
220357 50
213245 947
214743 24
268477 44
279353 653
298285 27
289308 20
260651 31
278225 1
295195 112
287702 66
293586 46
291606 72
203650 127
210196 46
272342 84
252031 82
250260 101
270811 27
293501 140
229343 203
290000 46
288898 20
278178 22
288236 80
274308 60
285340 58
224931 58
288483 1671
288494 13
277635 43
228521 34
270274 54
222928 231
216916 21
284560 39
200387 234
246078 19
290150 67
219772 20
275513 41
214640 63
255455 63
214834 49
284658 56
218938 68
249903 38
257176 1
268008 19
263721 42
288448 18
270159 35
207713 27
210506 45
260024 41
245785 153
282171 50
255418 56
207506 102
295508 39
269878 633
235993 139
279765 58
213782 48
239779 34
261189 39
265670 52
275076 21
279110 120
262551 198
292678 54
298859 337
251263 30
285549 99
206735 74
299064 53
256962 1
201642 48
217433 31
215376 75
231162 1393
266785 56
215509 169
208012 948
294699 2
201309 20
227117 46
231126 144
274177 49
250108 63
273375 117
280488 50
220191 168
205725 25
206361 72
271719 75
237899 71
241199 40
248880 57
297167 26
217121 355
216396 118
270269 161
225705 21
245061 782
277966 55
212410 103
266564 36
201930 27
221043 131
238046 52
234937 28
223471 41
239232 45
298797 42
261943 74
251601 264
291494 56
267311 115
262617 41
293117 32
279661 23
248424 2
203637 30
202808 125
259893 32
257063 45
283298 201
234123 33
294136 57
275746 53
226366 29
273149 32
259232 38
240686 26
214644 26
282106 75
235187 48
276044 228
282600 106
276529 39
254344 133
223895 119
262203 148
238180 42
270375 230
264751 166
216340 42
269585 26
227250 14
232506 364
202487 102
286041 20
215173 69
280108 1
264745 15
265430 71
250012 73
290085 97
213932 55
247034 23
297284 126
276783 28
292202 70
222024 1648
273794 9
282284 885
227925 55
230384 19
242129 35
269288 54
241809 1
209483 28
241609 43
299894 26
228484 28
251492 21
268786 2
208697 51
262902 37
268466 265
222483 76
278800 94
230677 176
248910 607
277522 115
200003 141
284830 2
269694 1
232368 63
220932 76
257735 125
268844 18
203954 42
264370 96
216139 50
245779 25
265198 48
223816 23
262613 502
263907 115
231235 24
254922 2145
276682 198
287093 2
265535 2
287352 101
244034 29
202543 52
249534 54
222988 20
221415 298
297376 38
237253 11
213572 266
224034 130
224491 189
254319 21
296270 27
249226 1
243964 27
294093 2231
285057 58
206031 116
269079 3
264741 56
221902 66
247896 20
218961 1
214939 25
230465 72
256523 59
215245 270
247279 155
295422 53
216938 2
243680 20
227137 200
265261 30
272421 67
244143 51
295127 109
225986 41
232173 52
213358 44
239785 22
284688 62
275154 67
225495 414
253821 282
272483 13
256030 50
299776 45
296738 40
247590 19
296377 160
240290 52
205530 33
217501 44
281545 53
245057 162
209858 80
299674 214
231742 123
296147 68
205883 102
269369 197
252905 97
228780 63
247130 22
265408 35
203813 28
272905 1
250945 136
285410 56
220943 1
291725 221
278527 49
291017 19
275640 62
240665 119
283402 58
296235 217
288804 27
264937 189
261385 96
261424 68
219537 174
276866 80
254927 94
259267 3
232964 440
288469 48
293790 57
216181 11
268088 689
230003 62
282666 71
231648 2
279597 32
249825 54
289205 34
214832 26
265446 24
209807 78
290032 27
272151 452
272445 38
223448 199
201793 23
243712 24
267850 102
232068 342
268634 3
238875 167
289581 45
234734 20
272356 52
244591 145
238095 18
200201 3
207074 18
271087 115
297584 1051
200657 45
277364 2
203718 40
242452 117
261551 17
211693 234
227171 51
226886 42
277135 19
234782 170
263115 25
278958 20
209957 31
262433 43
216659 27
250393 860
298456 233
255764 76
289620 1
210402 81
272785 19
270786 19
235810 226
204734 21
276078 82
222285 364
203461 34
263369 22
250890 88
294396 89
299484 116
234607 33
250069 51
292382 109
294388 168
216885 27
229460 21
255875 1878
292277 1
285477 17
257734 108
202034 447
207559 332
282038 633
253931 260
224106 269
225731 63
235507 27
259580 42
210695 206
231223 163
275679 22
247629 20
258356 174
255381 16
202256 380
208327 57
280360 388
206635 47
200188 58
239320 42
286212 23
254928 20
221399 743
253141 50
225000 77
286907 250
219172 69
237101 96
237269 685
291927 381
276497 18
278128 58
223536 52
202155 59
240183 1235
215648 317
221358 43
262301 52
294082 33
226820 47
240382 140
274649 40
218630 81
246168 62
232931 30
236930 49
289082 23
282245 26
283961 551
297065 45
272460 4
212287 29
272799 48
246520 87
272529 8
272211 303
257006 1
240435 269
200545 1006
201939 75
215009 48
255547 1
215969 3
255942 20
236678 71
233073 24
211253 74
250793 290
223160 31
266238 30
284641 53
207586 21
242393 99
287131 69
215144 1273
282133 87
289816 794
209894 1
208592 169
213607 40
234390 32
298652 23
289459 93
215178 32
294193 293
225058 80
298934 602
217567 61
236833 23
285257 63
211860 21
280107 27
227520 15
278608 31
298845 58
268686 158
209940 1
290437 26
205605 169
225706 84
296314 372
272917 100
217456 18
248875 51
269454 162
222823 443
281458 35
267789 34
229161 68
255341 436
293834 367
225800 227
253771 21
294043 58
286009 52
230443 267
261396 51
211153 92
217639 63
201063 22
271464 1
213522 71
262753 18
240803 103
235622 18
219566 26
248131 117
253307 26
297396 29
259458 191
238831 79
245542 230
269960 79
247379 49
275615 117
256223 2
223746 44
250737 94
287267 164
205449 264
227096 22
261878 61
283439 44
251895 23
206370 66
211389 3
215519 52
205217 26
212028 26
214219 72
271365 50
298593 83
248821 22
295215 54
282118 24
254406 40
214039 122
224271 63
211466 15
293150 120
264460 96
247893 26
205206 207
278901 210
218598 18
237465 27
298044 68
253504 29
250693 53
207057 118
229308 214
202677 25
265790 61
245564 192
239353 21
279995 356
286037 190
275318 280
247456 181
249574 2
230390 47
224321 51
288270 37
206893 1
210081 23
247240 88
273235 716
214104 26
267092 30
238806 41
245243 257
279857 50
283576 121
268733 90
267518 101
237758 8
209078 72
254030 195
250263 71
232844 28
254542 47
290901 32
215743 72
248213 48
272953 249
230563 187
217120 723
266833 64
202539 41
291099 35
204604 75
241036 66
282730 1
260898 3
207947 25
225040 32
283165 1018
204939 48
288368 43
202301 50
207145 34
264523 14
279976 355
258774 290
203148 18
275139 145
229798 20
247528 18
251260 360
251739 45
233499 57
262156 105
215023 501
294109 1
224840 26
243261 446
231096 26
258052 44
258108 22
233116 27
228360 61
244833 58
207417 196
210466 254
205533 71
285913 67
280254 99
215406 33
249397 449
229333 17
298233 43
253208 5
238873 301
245288 42
226379 98
208796 95
286350 28
221196 90
250429 72
243112 34
294594 9
285864 84
217787 54
215784 494
246833 348
281001 45
250904 19
269421 19
272426 228
268390 51
287919 162
207197 61
222365 50
296040 1
240172 45
200065 329
213953 99
231068 27
289569 26
269528 71
248777 51
268486 61
230833 212
218258 40
202502 28
215034 193
271650 1
262480 2
299461 32
240593 91
284768 25
290238 13
287707 69
281597 258
254464 69
292030 86
285328 81
222186 40
227988 53
235913 3
204205 32
286154 60
275213 12
298386 32
295392 30
287624 2
268582 45
299531 25
298580 63
208716 118
216256 45
290486 910
288695 200
229430 4
281873 25
201896 69
215338 19
286079 48
252170 47
285528 83
235577 72
203959 206
296085 25
275678 34
284457 3
200130 21
201363 47
214529 47
265185 52
268869 42
272469 862
208872 23
289825 325
279553 304
241372 45
209339 20
234360 46
254454 4
263969 140
283783 96
222324 22
271629 7
255417 52
283361 248
248381 70
295783 49
250178 32
226483 25
232498 319
207654 24
259650 32
278856 51
223273 117
213311 47
238604 148
235102 532
250976 136
206413 47
271993 16
275894 64
249815 3
279196 28
251320 30
286875 115
255508 38
257425 169
250174 2
246841 20
289437 72
228523 136
250039 17
216495 22
260899 30
267013 95
284276 128
255492 80
250328 16
245749 47
296458 74
256652 23
243283 74
281840 39
216667 41
268197 45
298011 50
276967 100
290943 32
206211 33
208988 23
285302 73
206317 41
289167 71
233686 211
208863 154
283714 26
238331 68
288709 103
205745 581
206302 1
233406 268
233475 27
245845 10
285179 151
209277 66
230732 82
245711 18
263223 2419
242015 67
242356 30
213995 25
220030 5
220687 27
205272 1
221833 43
264088 238
250722 34
290707 18
278690 23
243708 55
241165 13
299070 42
213399 60
268484 38
236724 21
266752 26
242994 49
232738 19
277827 303
235389 2
207252 21
280610 44
281323 65
214579 255
236053 48
267574 1
284010 33
207950 83
202859 19
270367 283
296315 87
227403 41
253765 592
243009 18
250090 34
213083 53
222761 135
286475 20
274769 24
263353 103
227109 378
252401 166
266754 17
242409 24
295218 66
269468 104
213333 21
212832 186
207961 67
227507 282
243349 102
249450 36
251199 54
256334 226
205186 49
261290 12
276492 79
238413 93
237744 11
260923 69
203947 23
233643 634
238229 2
245227 107
234119 54
230223 121
238306 103
249897 22
297233 375
218394 114
240653 258
220980 15
230775 159
278412 45
219575 1
263945 25
214657 22
240892 36
288361 96
210601 79
202803 209
232912 5
278102 21
229466 27
218751 26
276852 728
215930 243
223509 90
245040 361
223028 22
200376 2
244919 5
253483 148
200704 194
279130 22
228512 165
206850 166
235770 30
227608 170
263706 27
217555 30
230688 28
273112 49
202800 22
207272 5
278632 108
294549 121
297999 16
237406 23
226796 251
288357 24
201916 125
264998 5
283244 47
204337 38
274626 52
223777 19
298445 45
255458 75
283811 148
247572 105
221624 452
262921 42
292451 207
235048 32
267897 238
268398 1104
240398 2
246426 118
242038 412
232443 1
282224 71
204988 465
275538 64
200252 24
216007 24
226658 43
256167 1
227819 29
280565 23
293176 32
200463 239
222818 549
289863 134
286163 119
220351 75
267755 47
235135 19
206966 133
230588 2
281362 24
200473 1
253686 21
240460 25
215494 256
210119 91
220035 32
246445 58
218076 25
238579 234
236130 30
278541 287
211402 45
280181 21
214477 87
217948 94
268693 29
250077 123
211113 10
299448 79
237533 88
284814 164
265504 107
271664 46
241603 24
250604 379
224881 20
289862 164
264879 52
245753 1
294446 81
241642 123
201246 33
233941 51
241164 73
284055 18
271710 49
223880 106
216533 18
268501 58
243513 21
282445 104
259913 66
216895 42
248538 36
231124 47
200304 2
214841 328
234940 315
218061 60
266733 26
241033 2
279380 671
221865 20
233139 128
230963 933
294366 51
289195 68
209152 115
268307 182
236760 26
272412 34
277551 28
201622 2
232829 821
218196 86
263793 102
217170 165
251314 26
279166 49
287282 25
243207 85
274142 17
266113 21
252502 78
219023 60
226638 47
200399 91
273128 33
232113 27
224289 21
262252 92
298030 25
290852 126
277000 109
268256 84
244952 371
266743 85
263467 43
247694 83
295510 23
218288 1233
250591 8
212684 26
265143 96
236896 48
291937 2
274871 23
266979 60
247133 25
219088 204
243757 53
229458 22
279056 37
210655 288
200899 17
206825 22
295041 54
232944 71
223695 49
293202 123
217929 33
231296 49
215055 32
249614 59
235802 20
203988 108
299013 435
248068 19
266088 42
285845 91
229194 18
292610 186
201933 59
291300 67
248494 45
209789 366
229822 42
220820 27
286261 45
261390 35
208589 42
248117 25
210485 4
226627 28
215233 117
243858 132
285402 2
206500 59
246046 48
285212 72
299058 41
246726 161
286710 362
246366 370
207669 27
230481 25
219540 76
267562 266
242052 46
224470 70
203075 32
213099 67
215515 70
255919 2
247069 91
231035 27
286447 49
239967 147
215543 50
210072 24
287592 26
297068 51
290684 31
241831 28
271968 67
236103 129
286428 85
237673 24
223495 29
258511 60
299272 3
200654 33
250387 114
215327 24
278250 92
264389 121
271662 1
216183 27
253248 79
268754 123
235995 24
218649 144
250008 147
257816 17
273279 281
280698 11
224138 2
247514 498
208835 67
205916 207
241934 28
213483 55
225064 27
253701 53
295097 73
203260 32
214287 77
203975 14
251942 1
213651 23
262213 21
213687 77
201277 23
216259 151
216381 345
232404 80
202209 102
233992 1
233264 52
222093 35
261662 114
271400 39
257861 79
210364 96
209821 77
226179 45
221041 125
249954 20
255981 21
288537 52
233534 129
251543 43
247205 42
253112 701
269498 29
248939 180
259806 412
276083 181
273463 18
268503 2
252304 55
211809 50
220034 22
229327 453
295833 29
298836 86
291200 114
205880 44
285139 5
221734 20
211783 226
252996 25
232585 28
254067 97
287944 21
228874 25
289277 53
242899 78
226955 34
251159 12
288374 26
207338 112
261161 28
277201 53
239207 92
254337 10
237099 72
260140 35
283355 47
268120 34
205508 209
217029 36
297623 23
207944 44
277173 1509
272241 34
215334 27
211646 28
279345 46
269810 175
256216 195
211933 19
294703 71
243837 843
284053 66
271852 52
207029 107
224859 24
202938 48
280838 27
276802 54
205169 82
202338 77
226904 64
222627 86
291441 32
279061 6
240131 142
257057 70
252289 47
273671 267
217204 267
255308 36
275582 120
206942 5
204487 28
264485 22
274801 7
230946 141
278113 47
251166 50
263011 238
219152 38
283441 20
208777 233
249349 439
261438 18
273790 30
258536 14
273507 25
272940 24
269263 246
272101 1
204686 767
278874 15
214845 201
249371 28
209848 52
265727 6
244362 28
247064 80
278086 568
222096 99
207540 26
241992 42
261694 71
254386 31
296731 354
217291 145
203563 20
269229 302
290931 1348
240471 80
256317 1079
210391 64
208453 12
271928 58
236261 52
205730 16
243587 44
285217 104
220093 77
207008 44
225712 65
235930 54
264145 85
231958 189
217372 107
206228 60
285440 312
276389 556
234160 31
279940 28
299039 22
225355 239
224414 19
292598 65
254308 74
299482 506
269685 34
222217 47
224185 78
293933 30
214912 108
290096 21
265801 256
279954 43
298259 74
228821 408
218283 35
268771 108
285872 38
288467 197
261373 38
246053 22
248797 293
249070 33
213200 2
208353 829
219410 96
230344 110
281977 39
266119 49
262174 28
241301 375
260121 46
243589 1
285379 76
202422 40
235064 121
281385 33
219198 21
260488 123
205091 101
290994 26
268097 291
222083 50
244845 116
227844 209
252918 20
259310 625
233735 216
232187 39
295912 42
230796 118
274937 1
209161 23
258026 21
244527 25
239663 53
299834 257
256536 69
294573 167
210953 533
291793 69
259949 78
213280 92
218925 64
239074 91
245369 103
292825 62
250241 48
292148 21
229677 15
279004 13
299546 45
283522 588
210449 202
234276 9
210958 107
210436 329
267164 42
286187 28
261903 69
289752 165
215839 85
235633 69
255190 191
226364 47
263217 58
281944 133
259944 59
274677 34
201594 30
227779 25
293215 32
210322 78
213969 16
210933 2547
229103 117
273107 39
221934 157
285827 50
243592 25
209816 3
252966 84
295684 511
252073 107
273339 68
271801 52
232398 72
290808 20
245215 100
233909 3
227454 80
238680 88
203777 144
236549 50
277871 26
294946 63
261153 106
201322 135
293673 106
204242 24
265913 60
268230 157
220635 19
250865 183
221528 153
240130 79
255526 236
244266 199
201866 76
267840 66
260922 40
211212 84
293313 45
236096 11
243264 4
217030 26
201828 30
209684 76
202097 136
251922 23
258257 88
279804 798
260905 46
209185 38
223768 51
274729 244
200001 72
271570 28
242054 83
207341 50
223066 257
275869 86
202365 138
217042 73
235250 52
279421 19
290242 37
274488 134
296446 20
296202 31
281981 352
241412 22
267838 60
241488 22
249972 54
228475 39
294471 392
289318 18
279913 88
291335 26
287793 189
269448 158
268873 86
282712 18
295680 53
296962 23
234601 53
222896 11
265906 2
290844 9
248137 22
264394 1
295765 74
246956 117
262835 101
201143 67
290883 22
228083 83
215287 26
283819 1456
221553 26
223086 41
290622 98
201353 109
218574 191
202291 47
291534 44
215610 56
211582 46
289610 46
235302 73
247022 1169
247620 36
241349 145
206055 168
200060 509
243154 3
243695 1223
240114 88
211268 47
244655 350
290007 37
268090 84
248820 976
223851 113
234342 331
265011 2
249938 49
270306 26
295364 67
231490 733
296809 33
270175 169
277095 70
270959 14
257570 26
230144 699
295012 158
263375 59
201451 32
292249 25
263420 73
254416 76
263618 178
244079 17
243289 54
236390 1116
222161 730
257845 55
260944 106
258194 60
248855 180
214253 19
288752 24
273946 32
290666 2
241781 69
285357 39
234598 41
212717 57
228320 100
291385 11
297205 49
220740 25
211274 22
277151 53
207359 35
201833 29
247443 56
241855 27
279251 100
253092 26
247346 74
291724 120
238752 23
236378 1
275037 88
238485 74
240266 20
245922 57
233417 126
245712 60
223837 69
211892 84
282711 138
246618 38
238269 25
219310 24
231387 136
204870 16
290099 57
299311 36
219010 29
262585 24
200999 36
206812 7
262581 142
212943 207
295629 25
256198 74
220381 16
245205 49
207692 78
207405 16
209430 43
243545 23
274518 33
207051 49
250948 134
232804 33
281692 130
266092 53
213481 43
242453 76
289000 61
259531 15
251588 325
292015 68
273517 360
288714 1942
283196 72
207161 18
291460 165
234515 124
293819 278
273868 1137
289086 47
223443 363
253974 30
241720 64
289989 5
249694 624
233543 13
244810 34
217172 124
207219 28
201605 40
269868 25
253145 761
288623 26
251715 765
226934 53
206471 36
222716 3
246506 1
239208 24
219341 53
281282 477
226690 62
222301 107
218529 105
277616 19
200028 69
231181 49
253388 74
246101 22
282864 67
235938 39
282398 64
281843 12
227809 76
286746 6
273444 55
295316 78
221221 72
219211 51
245835 418
254003 23
244624 25
234891 71
260550 120
296284 54
296719 216
205950 27
224573 144
233105 176
298966 66
292253 18
222479 385
267822 134
225305 70
246610 111
269563 71
256213 150
290106 94
278239 146
252766 22
280064 46
259942 74
280457 69
266883 82
297096 433
277423 21
220691 18
237061 1737
237524 37
283337 25
292034 44
232309 104
257319 333
200232 43
205554 345
259194 122
245091 54
291210 225
255586 99
205815 1
229647 22
240811 37
238178 202
240272 342
216285 46
233891 1
236211 75
296947 40
296163 38
289882 55
246756 71
218452 27
213517 1
268919 47
286400 1
281991 44
212360 40
270420 22
287378 23
271794 154
295046 59
246823 21
294201 19
267605 111
255071 22
286232 74
215752 38
230589 19
236312 14
205844 50
284332 33
229812 309
267966 70
203577 163
258782 288
205655 27
283164 143
288404 44
258431 9
211611 67
243563 18
269246 45
273748 26
290948 56
222724 13
291306 19
228743 48
205707 21
299530 34
234829 15
212764 17
253933 148
299171 8
248925 20
218615 89
241092 22
285327 4
231722 105
267488 113
218643 37
295258 18
266307 39
258971 22
239381 18
225452 76
239080 19
257369 49
228694 434
225448 39
207478 1
249195 25
227522 17
251195 25
257887 23
268065 26
278639 46
284290 107
265838 18
243252 181
229714 69
252352 22
271550 45
251495 235
299662 116
234657 35
279863 25
223678 156
218554 83
261969 29
236297 384
237772 112
281056 38
277806 55
277746 72
276703 66
264211 76
281354 2
229998 33
288776 48
247507 102
258166 146
288044 125
268674 52
223569 71
286811 193
219183 29
280340 73
246606 39
294392 156
209486 27
213621 218
243047 191
284167 27
263126 58
220564 26
241705 30
261571 2916
216524 1
223393 118
244658 1
210042 52
251299 253
240246 153
247481 70
273720 301
247031 30
239698 25
247883 29
206602 501
284271 41
213903 90
231375 41
238856 34
248725 1415
249752 95
273002 45
262025 135
279917 31
281601 40
287760 4
227806 161
201919 1
217856 13
244365 609
299627 27
296488 132
245058 34
221527 136
280083 70
270045 46
217554 89
266454 34
200848 1
219143 51
281050 17
226841 122
235692 222
280497 306
256595 58
212395 247
280552 46
218719 68
246704 317
224165 19
208246 21
224695 41
226584 1
204971 24
200454 51
261086 33
202434 135
246311 194
222898 25
204001 88
248949 25
271865 152
272808 61
238681 296
265041 19
235585 126
283943 55
293241 351
294369 64
215759 194
210114 19
280102 189
232551 101
237238 21
226827 46
243742 156
287477 24
230977 40
207460 99
278370 48
208597 52
202536 30
269610 63
211439 69
216101 190
210851 43
201546 305
245962 421
282307 51
251906 1
260629 74
287320 122
290670 176
271840 24
222954 26
255456 53
296111 51
253675 19
266028 17
214273 83
285250 25
213162 525
257581 1
252118 30
214517 29
205352 123
264712 102
242985 253
273458 154
251063 33
284578 33
242053 223
222875 309
247092 26
206398 26
216632 85
281702 26
215471 136
212573 25
224972 47
202511 19
257872 29
230173 69
298314 102
202486 50
207349 157
272876 2
268324 152
276753 118
284682 120
230655 93
233525 4
237193 23
216145 272
242306 65
263807 9
264636 29
270360 29
273899 1
214808 78
255595 124
275810 17
234053 3
284849 51
216000 77
262081 177
204970 22
292127 73
262494 18
230686 200
293682 254
225410 759
244612 67
257348 184
271445 38
280513 68
210861 218
251409 14
274191 191
221591 280
263631 39
209649 53
261825 18
262244 573
255245 113
267227 63
246080 54
292093 12
237817 102
257794 274
203119 21
213884 127
286008 14
276283 25
256670 44
220623 43
299651 33
279985 3
250618 327
298702 45
288351 1
229063 326
276932 79
208554 225
241347 2
298753 120
210763 4
246966 23
295958 52
217573 22
270135 586
261882 40
261375 124
203452 587
229635 127
246540 18
298022 23
293383 24
208693 14
295528 29
227862 97
210395 176
243930 16
233732 3
226430 54
248721 64
269495 2
240483 62
205701 130
249503 45
254186 60
275658 54
254070 23
254854 265
274548 54
266661 2
202650 58
292242 114
252779 239
287589 23
288629 73
266058 5
237732 27
276032 105
267819 116
295816 311
286563 68
229986 30
271855 189
299460 29
291038 47
239150 24
206704 126
290382 71
213496 195
295006 22
248369 159
217860 197
282676 891
239484 140
283599 68
261472 170
203197 279
250867 48
298711 102
260186 24
240535 23
256399 2
256024 70
252309 230
201382 88
214480 52
255588 33
299889 241
231850 61
265709 33
285818 124
283202 192
299398 51
269653 1
258200 1
220776 19
294310 60
224547 111
263445 47
285586 1
279440 48
243621 48
214307 19
220406 198
250175 130
221483 48
268961 34
262463 29
213580 140
272916 32
243948 25
205199 20
232510 41
255611 20
233739 14
204694 24
224897 18
264185 64
263208 349
289111 48
292662 43
234945 30
296567 53
227879 52
253806 253
231714 168
266123 66
273104 1
231572 10
250734 26
296529 282
262539 22
289012 39
292055 158
256528 104
273407 27
299226 16
233122 7
246152 66
271862 468
286170 55
238051 164
275910 3
232124 28
261783 31
295979 28
283836 30
256382 404
249458 46
221230 82
233877 54
252903 48
221171 167
224737 164
206084 44
249949 106
258813 64
267487 19
226274 111
287182 65
269486 38
290402 122
207472 19
214798 68
223912 33
229286 52
263595 122
200753 23
222852 121
280755 18
253809 41
212229 27
251514 97
273609 171
227842 16
268408 94
291819 7715
294858 21
273317 43
241507 31
285686 44
277697 66
217638 28
285823 172
274252 1006
222025 27
238947 305
288901 33
283251 129
214458 1
261543 1
278075 228
201924 93
264329 63
255280 44
283487 28
264091 69
244332 23
291777 178
253185 63
256261 180
292688 63
228218 35
286892 41
230013 119
298072 495
264510 68
241936 27
291012 173
273682 39
261792 403
289225 318
266032 15
261257 104
264807 183
265499 42
204022 22
295158 42
200031 17
251898 43
203963 21
221831 51
265081 70
247098 148
285525 23
246881 979
229848 46
280100 67
256456 27
202333 81
245635 24
287185 200
293949 46
260703 123
266648 297
201399 40
239329 48
281669 27
237283 127
216484 19
247703 67
212217 34
216552 165
294679 24
201014 77
214388 1237
207431 89
218112 27
297921 67
268362 34
260109 61
281026 3041
227712 25
216383 72
282793 43
240202 18
297756 51
231084 48
235982 7
282878 19
285756 23
282706 21
283345 79
263114 59
272696 51
289090 20
204390 81
223932 178
273127 78
297178 7
247194 1115
240738 30
262559 75
243426 78
209415 17
272890 34
251107 24
260442 113
226119 58
213592 719
246721 48
201306 780
284182 78
209809 172
229220 197
252665 68
249607 2
239547 9
207946 160
286118 43
251461 53
234352 1
266928 52
252670 45
274337 25
257949 281
220046 155
243195 53
246781 423
297017 75
298105 51
285698 32
243846 49
270112 20
219396 37
295220 47
270097 32
225242 19
250968 54
208829 3
234518 20
268864 18
263490 18
288412 414
270376 78
294627 85
243069 1
286080 53
207539 219
280284 67
286199 45
220301 72
280155 111
246251 120
220315 46
272857 9
240585 46
243899 44
236868 149
215712 25
287735 165
242604 65
201264 97
237233 24
206815 40
263984 101
251342 27
223226 765
220229 278
215440 1
262235 159
287130 48
294640 34
284066 48
250639 23
235158 98
216601 50
291102 90
227225 198
216573 29
214019 5
223198 27
269666 52
262611 22
259077 127
220050 7
299914 18
208249 47
212776 83
281641 17
234554 40
231168 63
238724 193
221052 18
231917 1
261087 65
244977 25
267450 304
265570 33
224661 18
204994 7
246418 27
226739 50
211552 144
231743 27
201360 362
234578 41
227329 23
264438 48
287384 105
205529 38
252764 65
297232 52
241037 192
277121 1216
239526 102
241517 431
252185 344
225174 12
243476 253
273893 29
293823 51
229064 21
276750 9
217091 51
225466 1
237853 99
208833 72
205858 156
267317 21
253595 31
244860 193
222009 168
278308 134
241254 75
217022 322
202576 17
296632 80
296749 59
224314 30
293509 88
228761 252
273996 31
257174 49
288589 54
238145 166
240485 32
294198 433
261787 93
286014 1
247112 376
293359 22
297632 50
263928 22
297297 21
226442 17
272111 79
222958 16
203310 2415
255489 562
263179 179
208895 26
227930 106
210243 114
247895 33
255577 4
294661 50
267890 54
279654 23
200450 46
277385 44
222776 86
206965 117
227992 199
218955 30
217601 31
284269 35
255328 19
277273 7
218282 38
245614 116
280358 330
254216 28
223119 502
220308 55
235278 32
268828 21
296743 95
209240 75
295914 3
220878 337
206260 20
271043 104
218128 46
230094 83
235865 25
214990 56
292152 25
237708 113
283882 62
271775 63
241235 59
203883 71
285236 123
298435 1
293165 72
250475 33
234458 11
273491 77
287252 67
223276 35
210062 48
207355 37
267476 18
219384 74
251690 44
275108 43
231757 14
251035 211
225997 33
244482 302
235282 1
280840 26
239870 343
213952 28
250901 512
234411 46
222977 4
258258 351
236043 421
241283 100
206348 47
271725 46
216943 45
270797 87
237521 274
204687 37
284834 13
298927 44
265402 17
270746 66
282262 48
265463 51
265744 6
212021 93
251138 27
209110 41
223517 26
293791 31
259604 48
253447 154
244991 39
272778 21
246826 29
226409 75
248507 72
216956 51
233903 267
218522 2
241869 909
255782 59
207022 50
293815 36
220477 9
263001 33
274739 116
235374 42
240006 31
270151 1302
202895 46
285363 74
297824 79
243867 107
269884 358
200913 69
243455 52
222578 23
215250 24
256940 56
270464 62
271916 214
204002 23
258567 39
294195 30
253737 70
273762 235
271115 110
223311 16
208396 53
221287 47
241085 22
276543 30
228953 58
272970 25
244046 59
289414 45
255917 33
250240 24
242750 21
260090 77
264788 65
263833 23
262568 25
295092 90
249427 26
228435 54
252604 26
218149 115
256657 47
231994 14
289321 17
252646 20
220853 308
262805 23
261505 35
260529 31
262637 18
299421 69
275818 1
230970 35
279621 23
224199 50
241225 73
228048 74
243869 61
288693 78
298454 128
249386 44
223720 34
277574 97
249196 47
236573 115
231314 100
296720 167
218636 17
250987 28
295702 10
211641 89
284250 27
275745 1
214082 38
249860 45
260378 506
225121 574
200618 93
272025 121
281562 120
255140 61
245638 120
260961 48
295124 1
286928 27
204044 38
244738 50
248489 21
267254 8
267007 815
213829 568
236321 43
203683 43
212855 51
249248 35
242284 19
282695 292
208525 16
291081 63
213337 67
207155 18
260846 18
207184 92
277545 88
217858 76
210944 102
265871 39
237976 27
265536 21
246979 45
230556 53
292377 19
249734 35
276310 150
263977 24
294987 28
256959 50
268276 5
236837 71
268957 26
278289 150
273916 10
291363 390
246239 3
252763 49
207281 39
214196 37
274779 362
214865 76
250906 37
233932 53
236666 47
297313 33
234312 370
232993 17
263417 313
224308 124
226893 41
239511 21
234825 20
247217 67
235860 139
232326 537
260253 24
299028 126
240678 46
228936 27
296486 33
242671 116
242799 33
257900 206
218183 274
253432 44
200116 31
292870 1011
223071 39
236445 33
240735 44
255898 26
296566 19
264663 42
289479 461
286395 40
239314 1
291618 135
219165 31
235423 261
287254 26
242691 96
251966 221
287225 45
256454 64
269509 393
220022 23
227201 288
272010 26
274022 23
222933 87
263341 12
270305 349
224742 300
269671 87
200735 66
231851 53
247383 31
252816 21
222348 38
276411 203
246725 19
201195 2
208085 22
219207 55
239238 31
283975 24
212102 50
263212 183
296685 51
226193 25
252257 3384
218578 50
252915 3
284535 36
292306 184
238970 165
254238 25
271718 94
255362 48
241858 17
285433 39
234903 49
253442 131
261007 24
291656 189
276121 32
235721 145
253822 171
266756 40
235028 48
258833 19
237104 108
258898 25
241512 33
202499 58
241322 45
276374 51
271144 28
285786 205
269594 2
200474 109
263202 171
203874 119
239341 78
253387 32
271844 89
210745 18
267058 1344
264502 84
271702 32
250115 41
269815 2
239218 28
286248 202
242212 31
224497 243
212382 53
278103 121
245411 45
232779 607
201217 24
202589 56
225347 27
291339 150
229626 24
277903 17
201339 161
259487 82
263225 113
252780 554
258724 46
278739 409
279699 30
222005 267
263436 247
256002 28
262598 185
290950 3
216206 28
278948 31
229488 47
271885 63
222343 215
232660 410
272612 44
264096 45
226360 36
200172 191
224391 432
225889 50
217648 66
206359 77
282209 102
250876 29
273441 141
260847 1
238393 204
294615 1
220485 117
255472 19
251473 16
295825 315
209489 18
269313 496
219388 23
279885 117
228389 26
286208 23
204466 70
269873 22
223247 401
296375 23
272805 42
246059 81
202167 23
276962 290
205697 48
209889 41
249476 8
217179 146
260363 228
208134 73
264032 45
249271 18
217432 30
224173 530
273571 382
215711 87
209799 75
234272 645
288950 24
219700 19
262313 53
233970 286
207469 21
292157 55
207544 56
231422 19
295326 138
214680 13
243922 158
260943 94
223561 55
244749 3
231603 25
215613 29
243555 43
204935 305
260386 18
275754 335
232323 132
266346 59
256655 48
283471 40
290703 63
281244 27
299372 66
241439 64
255832 365
274241 71
274424 1121
290865 333
277586 64
277949 20
209419 46
299392 22
200563 117
295801 24
229627 202
256234 5
271768 35
277427 1
258348 89
283967 22
251265 529
298537 65
283582 81
270729 55
286590 88
282113 155
223360 17
217294 365
214447 50
280854 161
253312 33
201031 16
299093 55
220249 34
262969 72
284103 138
260464 6
267235 65
228156 58
236164 43
283212 39
232259 55
214924 23
232417 21
206256 49
210319 149
287478 212
292355 39
253200 48
202717 78
254839 245
226775 71
241841 102
242790 46
206894 32
248018 13
229558 52
235070 94
275353 23
260858 19
204025 23
297050 72
220811 131
250900 72
226479 15
292220 50
246813 372
219311 65
201735 90
262856 32
266305 84
253600 1
242407 95
204882 545
200729 60
221411 35
206525 95
256692 97
244758 35
269204 709
253717 105
261811 95
298827 21
250297 96
236215 24
229323 26
282062 25
293034 20
297056 44
251092 177
225670 18
299923 7
220142 216
261213 45
201275 25
224419 105
287660 2
270670 262
200345 445
241776 433
276719 73
205236 3
284094 260
212368 42
245069 27
206631 2
241907 49
293311 39
232542 86
219927 28
231503 268
210863 51
298678 186
206299 51
270056 12
284651 95
224047 894
217774 25
287564 48
283491 983
257967 76
240858 105
290737 1
285657 827
243475 306
248673 82
204678 19
247794 207
246313 50
238998 92
236350 27
287023 53
216859 184
279303 503
215632 7
268243 19
247723 67
261006 95
278997 48
206417 21
270387 208
297843 49
217391 100
255531 61
228483 45
259515 330
271703 20
211945 21
279956 3
255892 35
237698 39
298383 94
228967 15
222815 47
231928 158
279801 87
299202 48
214867 76
285907 25
272143 1167
288814 119
227445 262
278763 25
226601 90
241528 50
271547 137
239899 75
253327 19
275744 246
260082 68
272384 21
221835 24
241044 53
263758 190
271753 84
279044 39
224490 23
240961 31
254592 729
216359 191
242901 346
224764 62
284124 20
245964 234
204248 149
257586 76
231339 337
227327 40
240559 1
260383 42
229686 133
277217 213
296752 2
205415 50
298615 2
215255 3
266604 101
271401 35
273038 60
223093 81
222218 116
281221 23
259938 28
253697 143
266746 39
253433 395
270282 43
286072 255
256381 44
274936 80
222227 270
236021 47
270128 24
238771 42
258507 28
288336 29
269792 756
294555 30
272267 62
211560 110
230007 1
203392 42
281625 46
256474 8
282660 503
286034 27
285622 56
232953 139
296907 52
275862 7
259062 139
254380 81
288783 41
239731 22
216472 4
270149 27
241292 798
254558 1
221791 19
285229 69
294736 21
270198 266
256290 25
297159 44
273801 26
258665 480
222541 40
267879 204
226501 291
283597 64
225774 23
281627 1
245982 55
288598 106
276223 1
243259 118
204270 154
261187 77
205021 205
261769 68
265769 34
274972 45
239513 27
292699 113
237651 60
279088 130
278258 28
231996 18
295909 76
288358 28
234551 13
206345 40
295338 21
204486 30
249069 330
201018 31
274433 82
290308 69
233912 1
225815 114
256057 24
286762 11
284178 51
285909 32
201545 570
291360 45
203026 44
291176 44
278546 20
207395 15
283214 29
227077 101
217605 125
233259 43
208387 30
276989 22
253677 81
273768 25
240587 92
206805 691
215766 91
285106 87
256869 31
237764 186
213818 238
240393 147
204586 55
205977 147
201380 25
241813 116
277134 20
249921 118
267243 2
211703 52
261856 22
263366 21
277225 4
295217 168
246844 1
227593 1
211453 77
241850 205
226101 29
298778 34
232516 46
231393 53
241673 1448
248903 608
229888 3
254873 62
215210 64
296889 119
257070 89
204098 55
262374 82
288808 22
232036 42
281432 801
237453 25
291545 30
272534 204
207139 76
277554 88
227952 30
229672 27
291855 27
287689 240
280805 50
247024 8
208438 131
236960 37
201305 297
240176 70
228991 122
290525 20
225543 331
235331 48
204644 109
258269 28
200711 69
287572 76
202132 66
266558 59
249676 47
206779 43
275038 521
227852 96
281586 51
284604 32
217318 494
272393 595
265525 3
250105 39
265111 84
235779 5
204004 58
249685 2
244975 22
296909 65
299853 58
233847 75
299370 24
240196 51
283764 37
292323 27
270733 43
232523 12
296367 27
258721 97
244842 44
235612 19
211347 96
223832 53
254834 2
252410 172
223411 32
286902 37
248618 5
274245 32
241515 47
299791 102
221302 28
244518 184
207153 68
227354 46
271125 90
221959 145
291945 107
226256 168
233456 112
213573 4
262525 30
272831 30
261707 66
243882 177
275350 64
283495 73
295408 28
208165 17
223409 16
228692 366
296318 163
249428 231
262020 27
286662 336
297923 91
213191 19
208868 195
220813 27
234794 72
223264 69
276712 99
206529 74
291232 18
293309 103
292429 20
276006 64
219225 140
258835 112
233564 25
290508 51
229814 89
205190 73
280341 97
230549 34
201002 3
233885 24
286936 121
252287 64
259177 78
294613 12
203716 26
249589 206
271173 38
299981 58
295788 37
298396 63
264504 42
290864 36
267976 100
290623 35
248724 37
289288 54
217347 43
264366 42
287835 104
230674 25
225601 18
296399 2
299535 54
291788 118
200975 21
216775 5
264977 45
225361 14
214653 73
282920 1060
211918 42
271949 81
283142 61
227795 114
244446 22
269963 3
296433 116
234171 217
219066 894
271613 14
204814 80
232884 35
228651 24
266183 486
268249 289
226849 40
226081 37
219295 372
284363 89
204649 858
258664 23
223310 111
288512 66
207975 179
223826 297
220234 40
225435 2
262236 13
243832 36
261143 25
249609 869
250960 451
217027 1
253682 68
239368 40
298547 2
226860 421
204016 914
218043 27
286638 159
281397 175
298526 25
246216 22
299395 455
295821 103
218392 177
274265 46
219394 48
278879 36
235591 248
203590 90
220849 86
258867 18
298519 64
231931 40
294467 28
298450 2
249696 684
295223 22
259413 33
203165 650
265407 243
213666 48
246727 615
250670 44
287960 26
241418 107
293017 36
299190 24
234692 18
218304 7
227006 18
290953 124
263993 53
210139 75
234917 18
286714 1
245111 11
244747 25
204634 10
222704 21
276746 46
229646 21
232411 49
212357 29
261180 92
265854 29
276671 32
296568 246
242701 24
267070 124
269078 50
293021 1
260893 23
225561 43
270963 321
285684 2124
202336 1762
213826 47
236139 22
247458 37
277079 249
257007 49
202190 26
210766 69
226494 39
214817 44
284368 45
261938 143
275267 17
202597 331
275627 73
262865 51
203341 67
245696 111
266401 1
299851 53
212925 23
261529 36
238191 119
208967 100
220563 115
280072 47
218650 49
251098 540
214088 39
257955 55
218451 392
262181 69
295806 45
279240 2
283901 20
275860 27
288180 54
256497 505
272091 1313
213604 44
281730 81
231587 65
294386 41
200045 480
273009 10
267721 24
223675 28
267098 174
274392 23
236117 71
218658 1
259510 23
273749 184
276900 93
208421 29
220061 39
206990 26
269807 66
212698 22
262041 27
236723 1
280173 65
254071 17
223914 31
259771 31
256257 25
290448 203
269645 9
240407 110
276808 43
240193 67
268467 25
297255 99
260138 173
280967 231
290587 22
263215 31
250535 19
208620 465
225717 364
262614 1000
293440 64
282791 368
295101 51
246990 23
276522 1846
298685 319
267071 76
290310 53
214618 181
253459 77
271192 341
232906 23
297268 44
209137 274
236958 20
244243 123
202349 40
258417 43
254281 198
286066 86
284004 64
203497 24
266270 28
267955 422
252990 67
266300 81
217388 15
290322 2
203252 56
282520 665
278586 52
273137 911
293548 31
244018 67
284110 266
234644 14
271484 120
268384 289
282157 85
259137 133
247783 214
201223 778
241156 27
294978 2095
255219 27
214134 71
271284 20
211720 69
284090 125
247181 225
232497 94
245001 201
230919 69
223434 225
255399 47
283824 28
272938 46
262299 26
294213 212
245967 8
291483 807
208527 1
293944 70
282889 124
248124 246
218120 24
276939 80
207641 24
215463 106
277956 62
264655 21
264253 45
291024 261
282514 30
275197 1563
294743 314
273439 26
211309 344
257557 1
257800 269
225073 33
284696 107
221841 129
222148 108
206098 112
263095 18
227180 197
242862 21
217026 163
227959 89
210725 12
275278 41
203766 148
259594 96
232317 673
214892 29
294513 41
259426 143
234051 62
261985 139
282577 33
216409 25
223847 56
288532 2
215329 18
289252 1529
253511 53
277675 115
217223 33
245709 22
205588 167
273857 46
292217 93
267351 670
268208 24
275930 151
251104 73
242489 22
235412 62
204937 74
297106 49
248854 277
211030 66
246184 40
201160 25
257489 47
294971 12
240970 1959
228532 25
212497 80
202855 45
264813 80
207794 61
281858 40
273103 166
259850 1
284414 46
245540 29
220766 106
299779 23
258234 60
229955 27
293023 56
289120 279
287884 20
294970 57
286046 68
259446 75
215549 179
250905 28
277980 3
245952 66
291230 95
280051 761
238344 67
203453 71
215846 1129
263782 19
287511 93
289999 125
275692 24
251974 838
222697 66
254125 30
236577 49
245260 46
239589 31
216112 53
244908 50
243417 47
273556 46
244604 27
228517 195
231144 55
202839 16
201274 22
278747 48
226729 43
261558 34
294562 1
291071 22
264554 1094
257640 111
279195 85
250309 117
276335 21
279362 596
278594 19
213891 56
230940 143
231550 567
231115 74
223460 73
265554 120
261234 29
243569 45
200378 232
246873 8
255451 29
285366 25
206856 996
210177 116
252005 127
293869 80
272553 21
262128 79
205695 30
227506 227
235632 19
286935 210
275936 128
219072 1
202451 153
291069 19
265649 65
225551 173
246867 88
291187 248
229140 34
295803 8
260115 74
229907 54
279535 1035
267666 119
208135 21
237901 210
222465 105
249491 68
253159 106
275634 6
255052 142
295337 11
202074 46
276240 29
253645 36
204237 19
275659 45
275877 22
257358 29
236283 1
296776 541
231705 61
263800 790
269306 52
265752 1
268176 25
205661 47
232433 43
224423 59
224475 47
256727 55
253423 53
258293 26
274132 55
222518 1
282602 197
201119 22
227531 48
216998 1
208846 53
263449 300
259063 230
210001 8
264574 31
295344 329
273316 305
209867 22
211012 27
212904 24
220313 31
258380 94
264986 45
203540 54
217795 47
277336 20
294920 490
249906 54
280240 29
201117 120
201311 197
249836 19
248512 70
237385 63
208250 16
222630 126
264271 419
276524 99
247890 19
242043 113
280710 55
231785 171
296048 34
238764 37
288007 85
263006 29
256500 140
232034 23
230618 5
292806 229
285235 23
248656 90
235245 22
234034 42
224750 42
293571 53
266426 20
244264 64
294280 35
251064 231
291723 49
211648 249
256226 275
214184 42
237893 77
214168 239
231177 209
279795 72
231840 169
217146 54
229195 29
242999 105
286160 88
217707 31
214027 76
226405 32
216884 26
203526 326
212669 97
243408 22
217627 114
223533 72
251611 5
257747 181
261283 23
259425 134
265183 1
273819 2
210450 2
201272 50
278651 625
235933 23
256202 20
273393 26
268313 50
259046 49
291495 102
207855 119
284266 35
266851 887
205674 55
257653 754
221704 4
242677 188
259206 71
205496 2
283577 62
276434 473
211331 45
256926 113
289072 48
253579 21
222502 4
298220 297
237842 34
276070 57
244481 36
273442 19
247526 34
207891 55
298945 52
235610 89
284719 263
289030 75
210179 38
222998 40
246096 67
285989 119
280579 1
225797 19
215750 79
212732 29
277138 44
261311 410
277694 155
273185 15
230061 65
286597 69
254258 31
254841 123
238720 42
219749 53
242124 97
222321 87
247193 235
253913 51
263461 42
204628 26
271219 44
283727 19
257644 49
261464 96
286222 44
232548 18
251909 58
217599 29
236873 901
258897 45
249981 66
287896 139
282402 113
245484 71
297360 22
205207 6
207939 31
291707 2
269052 939
230978 2
263621 71
258445 84
246333 113
233098 397
221451 1
234995 28
222435 40
229419 13
252117 2
219078 83
279673 335
292654 68
265546 33
203177 203
292894 154
275206 207
210727 45
207882 1
279580 39
225799 106
296080 63
268154 95
266514 18
205151 102
222938 12
264083 1
287556 44
281770 70
223414 38
236102 20
239923 21
282785 41
279912 192
253117 48
291383 93
231762 280
252340 27
288525 28
214210 177
289399 81
265117 9
292860 560
270704 67
254271 50
247563 22
243237 50
205047 71
277724 434
293254 8
298667 92
286617 20
237984 510
257555 39
273839 100
223539 275
260240 3
207636 50
266138 325
283863 29
213085 69
254779 14
234501 36
262635 89
257838 59
259459 98
237525 16
225153 27
202152 112
209378 25
207293 69
205717 132
224795 19
265831 28
255655 148
297945 1389
267362 154
222019 19
249943 21
271559 23
269207 28
210982 75
227196 136
277075 58
291482 227
282183 23
246431 29
294177 46
208993 49
236803 36
299586 48
267759 267
230843 40
217790 143
209904 691
263829 53
292614 144
258943 757
244100 20
277722 3
254552 59
209488 43
259005 48
221193 12
272623 20
289098 38
275046 48
292237 102
237373 209
272777 183
235781 18
241629 3
293824 105
269904 31
240751 20
295948 10
226464 31
206306 52
297638 7
202594 39
289525 2
230116 24
228690 133
203203 166
263583 36
286364 29
248282 30
242211 33
241497 19
236952 117
244677 3
279605 41
272717 32
247916 77
207239 78
255197 436
246365 18
285507 40
284268 29
221352 94
203355 45
242158 43
277735 60
251018 49
213546 25
278870 79
223984 46
276418 13
210683 180
233881 47
274573 29
278673 30
274354 8
280979 224
280372 167
233553 24
215374 26
274891 2794
238009 51
257802 145
225975 426
256870 153
296460 93
224186 57
247509 2
277896 25
286348 166
218659 404
275912 57
221143 34
202889 32
228838 772
238616 20
259777 47
205497 52
207477 37
238362 31
293476 43
271458 51
240545 219
240691 46
286070 115
257619 61
268580 321
258860 31
207793 51
278846 23
260957 30
239550 49
230961 2
233187 381
212945 496
207890 20
201979 155
220859 36
268353 46
253019 5
287922 84
237072 43
253017 1
267746 120
281487 41
227587 2
235143 49
277826 14
295320 22
232947 57
234273 1
219418 31
216016 96
229081 118
269116 23
246735 149
245231 94
237903 24
255893 29
287371 85
298645 28
213668 1029
219084 1
272246 824
281250 44
284452 43
255739 206
249378 24
282232 339
237539 19
208964 64
254178 31
220049 44
230408 39
286193 26
290255 26
241463 12
295203 110
241780 48
271781 14
203226 26
281257 42
212253 76
250099 17
200183 32
214165 13
242111 624
248080 18
276470 26
270186 46
276231 68
240711 161
235517 24
222906 35
270998 98
225989 1
244986 2390
220207 159
284215 95
295704 28
222860 103
263281 23
226783 50
217988 68
209923 30
263253 54
297104 144
223800 1
289933 65
275507 114
229949 23
255277 27
218967 137
231635 361
220074 52
238280 183
218761 32
201266 46
298744 123
279178 51
244398 6
287610 47
214888 49
236391 3582
216937 1
231885 402
278952 22
282731 2
270456 20
267674 163
252098 52
248843 139
286925 77
277248 691
277250 52
206792 19
203885 58
225782 56
206720 48
251128 32
261641 56
289400 28
260825 27
278721 83
263329 17
292778 63
213801 3
258112 200
290920 24
297216 61
257285 25
241600 463
284538 70
244827 19
268753 27
228541 40
240132 469
275812 1
255309 21
292789 28
242059 65
226224 2813
272398 27
223249 47
238334 44
288313 25
237462 3
207013 48
280413 34
253173 25
203246 41
243803 16
245876 33
229356 34
277021 58
211420 41
231992 8
252712 36
251423 34
269499 97
263524 88
231815 14
269280 9
222659 2
284623 118
278195 48
237227 59
212342 24
228116 54
249209 33
242509 1
260744 175
216556 32
259734 1
282617 37
267015 26
235264 98
268575 26
267412 71
216362 172
224166 64
210546 19
294604 1
231086 70
287060 31
282696 181
257231 6
224307 208
210210 28
265350 14
268479 84
295522 18
266070 348
204841 1010
237250 171
221173 26
215459 218
299913 63
294796 26
252264 90
265326 47
212859 15
230360 20
278018 28
250269 61
273415 15
290086 14
235293 15
286636 32
229887 51
200625 104
217624 121
222375 55
213240 99
215663 44
260197 234
283640 4
223645 16
296208 89
245429 70
206711 53
203625 56
207896 53
272355 31
284862 27
280691 94
268925 2
240927 42
220394 52
255195 2
293729 23
243119 680
219314 224
239805 23
208142 61
200391 512
231209 279
217891 238
212800 39
289602 60
219548 344
267591 20
215000 12
234196 338
228008 378
208321 115
282659 109
269502 40
220383 59
214056 148
259996 78
238527 18
297715 28
235667 163
200380 1
226622 114
263386 60
200781 22
240092 35
240747 22
221582 82
285319 50
224634 49
250509 73
290090 52
260301 475
241773 32
298634 82
213253 102
248199 618
286851 63
253926 22
221108 2
252568 478
276261 38
270779 285
284701 501
210135 38
250974 24
245783 112
221520 92
245676 24
282689 4
250989 314
206837 17
229699 24
299256 610
233960 24
270349 61
221205 9
297855 64
206614 25
243746 36
242439 51
208347 1
241232 20
294060 19
263636 45
228442 37
226292 93
299225 49
244320 33
277436 19
279727 126
259391 98
245988 27
265374 17
295768 79
257932 24
243515 473
278021 23
249988 38
285654 46
210578 47
262623 28
228873 292
242959 66
246292 8
283127 17
255177 124
232067 326
281593 172
230336 256
269795 72
297457 34
226526 4
205992 436
268191 46
234016 41
213199 99
208248 45
245374 88
269615 35
217054 39
232558 82
270067 56
241340 196
264241 58
265594 173
233162 99
209079 20
260372 10
281080 25
264970 31
209125 53
246913 7
204566 53
259923 216
296528 289
212694 40
231769 507
274403 75
217307 147
289766 46
224129 43
219557 64
245241 35
219093 240
250692 22
210617 115
224762 54
212290 22
212079 37
267718 96
251114 28
292535 13
259243 102
200984 218
283191 68
272127 209
234478 139
221979 29
216321 424
277147 15
230557 288
283531 25
244636 141
251379 54
247376 143
259975 1
205687 352
255866 30
208828 1
208349 47
282255 40
206402 5
228454 25
258454 94
214417 23
275200 24
252770 4
262265 37
208230 31
241050 25
248560 50
226597 91
216219 468
231109 29
295394 36
223733 29
289556 15
244009 73
227884 83
205012 50
222380 267
215070 73
220277 59
218611 374
299875 74
277052 72
289979 21
276974 31
229561 43
237881 525
250892 61
211263 30
262832 70
274335 150
260375 81
219609 54
221071 26
218260 53
228754 9
210775 45
292409 95
290997 37
221414 32
213064 254
268680 23
242362 23
201092 45
260312 1
243739 1
214152 15
241520 40
276481 51
294966 23
287402 72
236790 86
260870 110
243676 214
287354 1
268411 24
274059 92
207047 38
281092 43
202972 1
247404 44
221386 38
258366 73
246588 78
214802 25
266096 72
280815 40
285354 153
228251 17
287189 9
242487 59
289879 834
218261 3
258225 52
212078 743
222174 118
227417 27
292622 64
250417 145
276728 152
275596 35
224568 439
236956 28
223256 96
277607 35
287699 228
265369 228
253832 69
215922 1
204675 1
236809 32
230282 572
296101 73
215676 30
225890 60
276189 121
249232 38
232037 1089
278877 26
274456 124
284787 51
291457 19
232150 81
247932 236
228471 206
256668 233
271230 185
241518 30
240857 163
285787 32
216905 23
256663 42
274339 195
207863 1
291141 66
206029 35
211526 24
292341 22
264619 229
293295 37
217764 162
277641 21
251451 114
267996 65
254356 315
232654 77
243626 394
299305 41
225188 18
231232 150
288285 74
259998 128
257820 26
247688 46
247929 71
240184 1
250506 1660
214198 48
231731 18
207289 24
235212 69
226681 338
225863 1
263712 63
270575 37
224940 140
250608 198
250712 137
229753 1
222355 43
293872 10
258851 197
223458 2
271860 25
217738 224
232534 95
254879 44
261004 31
289326 44
223499 1059
234382 1916
282616 25
243324 34
285247 36
299951 67
239324 42
292010 31
242664 261
207547 53
275625 2
248639 24
209737 284
298158 89
296548 86
212083 2
253221 37
234107 13
292593 69
246230 51
282423 22
297356 27
260365 30
273092 111
249155 48
262679 168
252278 32
261586 50
255740 1853
224837 1
266487 57
237784 1
265332 96
291419 29
219973 31
231203 169
224092 17
209114 152
234125 11
287880 1417
208567 15
227187 1
208206 63
219578 54
294292 90
274843 1
294429 58
288327 280
298554 3
239220 19
219716 15
297237 43
271250 72
257934 41
247337 557
202460 30
220051 187
279874 45
238023 668
246348 216
234783 321
225789 75
283647 21
274253 171
293438 103
219572 175
220704 53
237314 23
298258 22
214544 57
206946 39
210616 24
261623 22
291052 25
234977 49
290764 110
231459 141
217887 31
252204 50
241976 132
274314 24
275619 139
240939 46
224216 200
287971 162
257086 155
278537 74
232494 71
218916 26
242546 1
244228 37
264809 25
234063 1
239838 94
260015 104
211237 57
259219 1544
233262 49
239378 138
223859 45
296895 39
292414 283
270088 36
241696 44
276087 27
295991 1
247947 203
222555 46
293552 18
238548 51
284750 58
249290 49
213011 27
217380 50
272145 1
207707 14
267256 58
292942 41
245239 3
221631 115
234033 167
290053 166
288849 71
294808 26
272731 28
210124 33
237914 40
234822 66
299540 383
232605 15
261625 272
224671 36
228414 16
283271 15
289236 45
264508 141
289406 234
255876 747
201001 71
204222 23
279764 29
203603 33
263777 69
244643 111
272880 31
263061 48
294355 6
289965 200
296753 73
219948 42
203564 62
289475 47
214505 861
240233 30
299539 137
287178 641
252252 172
204975 15
223815 68
213367 103
273759 2
250528 97
223681 125
211792 231
234173 90
271344 1
251096 1
255312 145
262571 16
298032 113
247537 289
201442 63
275170 28
277984 46
213234 587
210972 1
212571 77
236037 54
210341 271
206576 29
263055 94
210949 22
294972 98
267232 24
231248 31
260352 7
260191 91
290296 23
291644 32
225431 31
240775 65
256194 2
213770 48
216116 27
215693 44
250372 52
233332 12
229633 52
202678 612
297298 2
236853 28
233923 73
293628 168
200242 678
244418 96
216891 39
209644 74
205744 23
214872 51
259044 331
235700 23
250635 376
223170 71
250496 20
266040 261
277590 2
215466 17
270440 63
299534 89
287836 91
258137 20
254126 21
207333 38
292025 105
216198 294
275231 85
226343 18
201841 162
249733 45
285186 30
207832 27
242110 25
255248 53
237551 75
275088 71
288644 26
296782 175
208084 358
246922 38
276644 21
240264 468
234256 76
224347 18
201435 32
238085 70
204377 49
200736 97
288423 71
287559 54
254239 24
286566 1
273059 41
288981 19
220425 21
232807 44
283644 1121
219706 1505
296870 17
232437 52
259288 37
239452 29
257300 39
227876 14
257141 120
221391 207
244434 15
230894 1
239198 22
291897 39
280399 27
225258 56
228168 74
275642 41
206985 25
248252 69
257079 74
254649 272
203610 110
273552 4
247152 260
206585 3
287585 60
285214 4
244796 119
230388 20
202994 60
202911 34
249531 26
212222 196
291116 46
248979 76
205397 20
253716 302
278598 40
213767 19
204666 48
247569 38
286956 27
290069 216
277739 71
270070 277
283023 8
213415 28
244744 1
261020 1
227489 11
288460 164
286399 311
206451 39
256575 19
290375 16
279025 17
268643 29
297479 1
213561 23
260675 36
212487 39
215599 46
203192 107
247132 13
206912 22
226859 42
214021 303
226394 147
205447 89
200292 27
204371 247
278215 537
267047 26
248688 259
263654 47
260729 57
248278 110
295530 87
228495 62
276391 217
275158 17
280650 1
221431 69
295871 23
253509 45
298377 12
231360 334
276764 57
213922 27
231861 47
256289 1204
244910 47
285645 22
295168 29
262165 30
213980 116
219686 44
226138 215
205098 25
270734 66
253156 118
299206 467
230536 121
227985 44
278738 16
243071 216
207990 87
219680 100
289998 226
274611 37
276849 52
268368 179
279315 247
265017 29
201870 215
201098 351
219061 24
260642 56
275767 41
256805 101
287118 48
276290 25
225227 64
238943 540
261268 40
207774 7
273101 27
202944 51
218121 67
286103 41
281710 56
268671 26
273367 14
236945 43
224018 95
285973 106
218294 91
284677 32
268147 22
252320 52
279743 518
263719 21
243269 22
241950 65
221580 3
273418 54
296878 19
245775 20
256549 32
286758 96
231817 157
287406 29
267935 30
287606 603
292841 270
262760 31
280379 152
227376 256
204762 41
297055 145
210039 167
266361 46
259283 21
249085 30
203785 41
297807 135
248786 496
224133 47
275889 54
260591 33
241180 97
242058 32
252124 32
278167 21
264846 259
210385 31
269114 120
221111 1927
283275 71
205042 128
215798 48
271201 97
266348 57
268293 90
252297 46
205812 34
224665 125
279537 22
264421 252
294026 29
219189 202
261361 51
252506 4
210668 13
255521 43
205951 250
259199 245
289711 25
288626 173
298167 1
277283 5
230392 127
211240 71
296120 75
244080 30
277300 47
283873 24
248066 67
277889 84
203995 47
255175 140
264298 17
235744 66
261808 101
262215 50
217912 40
280191 19
294569 37
202503 78
227835 76
274947 157
273910 367
296854 49
214996 52
239924 43
288974 40
262455 500
219213 340
222883 64
286901 9
273423 27
285028 44
213455 20
278201 24
217826 167
257708 35
262557 316
221109 129
215115 70
247385 27
224697 2
275880 53
277136 294
231398 4
246284 97
294908 93
290337 60
246472 136
232539 170
276495 24
221885 193
298473 102
269084 25
211134 144
252885 141
282246 2
276629 22
281743 24
284231 17
215029 62
240601 2
211682 678
263162 41
214693 149
237110 25
215998 97
202280 111
278213 59
272789 33
217549 24
236301 34
296220 25
224724 72
297782 6
298815 30
210059 30
279491 19
235482 80
217562 1
221966 166
227022 146
235160 62
214492 30
288390 42
279437 41
227913 19
296259 75
238979 22
275341 57
213424 140
262482 75
265436 65
285094 32
217232 60
220861 15
244557 28
289950 37
273161 184
281461 211
263116 307
288353 560
229972 67
230064 39
245743 83
242499 517
262563 21
237956 18
287381 107
270789 620
201081 52
207256 158
220888 57
216969 112
232866 48
210846 288
221224 167
216754 48
238538 126
247282 9
227248 365
252100 633
294099 23
244145 318
269889 26
246719 140
240635 393
212632 96
275504 123
260332 31
284586 43
205280 37
290742 66
214360 20
242590 73
214848 15
264596 73
250797 63
289424 42
270816 39
209282 20
288476 289
284708 26
292459 245
288087 477
284412 51
271419 64
292297 685
204128 93
268949 32
272139 43
215171 44
218075 119
229781 325
206123 74
216143 1
252181 475
239961 77
222026 28
252272 294
231362 129
237169 65
210325 136
292364 63
223966 30
246828 107
260098 60
298991 46
281414 261
264831 608
207299 139
281675 113
229146 14
294406 26
226700 78
248945 412
265969 97
269517 141
273190 347
243474 119
275092 28
233088 90
245872 273
207101 35
201881 60
206336 114
218856 99
235099 28
284777 66
264210 47
276028 39
202166 141
292300 74
250732 567
214037 44
238181 19
230936 76
228207 84
290189 1298
255474 27
247621 89
278376 69
299608 366
257765 391
299275 256
290442 24
264269 77
245273 1
228899 127
244960 92
263701 56
214046 72
212535 27
204335 24
284117 93
227601 1
281523 25
254342 102
288167 25
221263 59
213657 34
278683 22
256776 81
265207 23
219360 15
218015 29
241017 236
222893 25
221222 35
207808 21
215176 280
268426 59
237036 1
225723 183
201824 719
247506 108
246025 56
277448 348
282897 88
285178 20
229886 2
262771 33
266719 120
291472 1
274830 254
252239 72
201080 83
254849 77
239765 52
203480 35
271867 78
245082 88
203002 97
237905 18
213320 375
224723 26
291980 19
212333 134
291205 45
287462 2
215484 49
234164 37
287645 20
254701 71
253689 22
264138 257
200759 52
267527 29
261335 67
227875 50
212283 68
262621 22
245322 482
291220 110
227242 46
290652 500
203315 41
274229 31
205739 46
221962 21
287489 49
279071 5
281492 27
276110 55
263523 17
235337 453
223365 95
259009 20
282690 49
236231 41
248284 1045
205847 64
277830 214
275695 19
228535 23
287379 52
227139 47
236598 42
262930 40
209818 27
235743 60
242464 39
275035 100
244507 63
212687 36
264590 491
298079 100
203365 1
200973 39
287443 37
213010 56
212865 67
286122 47
264516 53
220041 1
219506 9
270255 49
271625 29
234209 38
292694 178
269767 524
299342 30
249367 42
272934 14
287078 20
221007 144
229578 51
276467 50
202065 91
269909 440
249648 65
237972 49
245778 178
264273 247
251750 274
205164 223
285158 25
269826 59
274334 44
259695 260
291999 55
248588 27
229418 24
245658 43
233778 74
229166 94
241494 66
204030 50
217762 133
249989 2
280938 148
275630 79
253381 308
292457 358
266069 60
252912 5
255544 27
208240 154
212978 207
213015 52
247093 227
209784 72
229704 40
289727 46
236602 41
201352 37
249262 22
280231 57
299681 40
296645 51
264559 135
292308 138
247709 137
231910 468
262102 141
283585 53
226989 44
218881 23
287809 365
235724 20
234641 287
274267 47
224985 18
231773 22
203829 176
220410 381
205229 1
272605 10
227920 14
214498 35
278019 156
211795 95
257264 65
299301 98
275226 4
244520 71
201487 495
248356 17
270534 1174
268468 113
243804 267
282678 321
262014 1
202441 7
241971 113
273676 624
250365 90
238876 691
225439 16
281515 63
267000 843
258153 103
294780 26
295405 24
256574 49
298016 51
212818 129
258661 21
231549 167
291932 107
239813 208
249686 1
263816 83
294567 23
274808 28
271585 88
228588 69
246343 1
278058 695
215847 19
280149 143
289635 1
208244 17
273597 43
213192 22
218134 198
252809 1
212787 95
205758 45
219515 54
293620 72
291375 1
210032 159
274180 307
289110 15
244927 99
279531 29
210259 21
255783 34
222314 438
237863 40
288564 626
254407 48
296276 183
207938 879
245268 45
227999 588
230436 204
295889 1
201959 24
278663 26
207214 323
207450 23
294941 78
239249 82
290249 69
232282 106
296498 17
220141 24
204344 157
299595 47
209844 31
234643 1
250612 1
294397 137
209536 109
221250 1
207970 154
258341 59
266969 37
254523 1
233741 48
262400 163
238704 21
224317 20
207567 173
267411 135
299393 53
228252 65
259666 585
205885 50
238008 97
299657 52
228331 35
247583 70
232875 129
234824 23
293706 245
234707 24
282767 26
245971 25
217254 43
283211 972
247521 20
210765 101
272648 69
258493 68
286227 36
207920 26
231941 24
245387 38
268617 24
268354 5
225082 1583
219241 43
249868 4
282472 20
267932 390
268599 73
234511 14
246383 130
245056 378
258179 47
234791 95
266413 209
260475 44
270299 26
240658 63
227380 28
298154 20
293895 26
210383 23
260720 37
209815 370
220334 60
216906 18
214997 142
285369 20
245060 365
202481 56
215853 48
235367 29
200298 17
263413 30
226606 80
257448 243
233491 105
244176 1098
275367 1995
267823 96
205595 25
231003 56
227412 19
240022 53
241181 80
278313 68
283518 442
210309 67
207377 45
222614 17
252477 108
284199 39
226310 45
249017 25
203298 22
201823 47
280195 214
228142 26
261246 267
233776 65
204490 21
251949 68
240197 7
220983 119
284746 13
255797 55
293400 2
210554 28
234632 97
230648 36
200337 28
218843 188
233248 26
251801 49
248462 60
298740 1968
245354 29
220957 72
282709 23
280521 49
253897 75
209550 77
264221 28
248116 177
278070 16
207531 57
207655 26
285421 790
262350 62
267341 48
233963 31
210643 95
281340 42
286334 1
298769 14
233038 4
296597 1
242350 459
242095 2
217269 85
290969 49
294085 43
246732 78
241816 69
200591 20
258896 44
239265 74
278908 17
285899 92
237220 2
299222 100
247919 2
211609 72
250671 81
295714 30
203009 80
278829 51
279959 140
237116 76
211353 39
227339 26
283820 84
293294 48
265172 94
290030 68
256899 42
286894 25
252407 32
215370 25
234351 317
246594 60
226014 31
259335 459
258351 27
240164 20
286466 33
227814 204
295808 229
228089 25
224354 76
259160 184
203750 28
233667 59
212773 2
253290 39
200715 24
209124 45
265767 26
263269 78
220923 142
258703 129
226130 25
281742 325
287519 67
247231 62
263930 2
283825 36
225592 125
227532 390
265806 281
233233 47
255033 28
225869 46
271394 53
287502 64
263791 2
212180 50
215941 41
292625 46
270074 31
293988 33
264826 48
263688 28
298058 50
206557 31
216558 56
251719 37
243764 236
229396 235
267503 87
221208 85
235976 30
254857 17
204769 22
270168 26
259716 233
255044 27
206629 137
282516 22
223279 54
296238 73
213599 44
299679 93
212273 31
264904 48
202660 22
259748 26
257591 27
294013 33
299666 122
299248 22
278930 28
261818 6
233558 23
266466 5
292219 256
272852 30
202506 28
264693 144
220175 39
258648 121
205818 50
200824 37
286661 17
299561 20
283554 92
289439 68
279387 20
203937 33
218462 82
297418 62
203998 42
214006 163
238677 71
207866 60
213433 51
285272 62
216921 65
296996 36
221662 126
286152 31
227223 26
204445 43
288066 27
208856 25
272112 1
219428 53
260396 32
200125 111
232734 26
215836 52
282540 25
294829 24
237489 104
202022 110
216736 23
260867 872
280988 6
258088 56
284189 25
224964 95
208757 9
299781 1
201483 146
224640 105
204502 20
214024 24
259547 32
224550 139
281574 86
261523 31
255897 164
258187 54
233812 498
209716 49
214831 20
278208 328
245710 49
241007 22
238877 96
274999 67
245655 24
215520 117
265603 61
270262 24
263230 165
287246 102
257697 53
247295 115
255228 219
215719 199
289261 78
263551 1
274690 1
230558 21
268827 1
254886 69
288553 58
254305 54
258496 506
205511 613
257215 876
224569 2
264359 117
262685 62
274885 214
266727 131
297668 369
228746 41
234428 50
279757 25
211986 23
257506 202
268985 50
262258 22
221398 1
266331 23
271890 53
280880 8
231533 26
275882 45
285422 138
291543 23
291642 75
274768 544
229446 106
265336 17
256947 3
217105 65
280259 1
280973 24
231912 66
256082 1
255152 265
206425 446
262251 1
287552 53
227065 44
283072 250
246412 31
228593 49
222924 21
222681 32
206513 42
260077 38
289802 49
294918 36
272680 50
287894 1
272030 20
208658 53
277150 52
219751 386
233753 34
256414 88
285846 18
208247 50
207228 36
256946 29
294033 46
209972 433
268523 48
276506 387
250950 20
215260 82
248243 102
232566 112
205189 529
284592 23
229141 338
226354 198
292310 144
271067 276
283018 2
210002 40
232627 87
283772 50
215024 32
227644 13
204303 30
208932 53
257156 421
261993 23
247005 145
208503 2
229448 149
258338 23
211851 10
253205 46
214080 26
293703 67
262639 45
290490 327
238610 12
296032 119
225941 16
237370 407
208753 1288
231307 79
224599 66
272346 38
298591 255
298479 4
243412 347
228473 1
223320 77
291733 21
255540 2
228305 42
201121 37
241532 100
265724 336
200141 49
287952 44
289380 6
225583 53
288655 131
253471 26
291950 21
217708 2409
265355 87
298346 30
244288 44
244105 255
276459 59
295073 519
208907 23
231011 128
265501 59
247860 69
204673 90
214954 111
256919 19
237657 38
265672 1
292749 92
261067 51
221307 25
289083 250
298093 11
294522 51
272616 29
203642 168
234788 1
233009 54
273837 32
227303 71
233692 54
288384 221
245022 43
277520 484
292876 123
226191 388
250595 129
224858 1
275535 356
283620 42
275133 55
250877 42
239627 150
209407 69
241903 26
238682 53
287654 253
267193 1
249261 73
234803 2
257082 18
254430 30
238312 39
295387 122
216056 88
291850 64
210640 19
257521 26
271841 23
283574 63
249997 636
250232 256
213488 56
243017 21
238457 68
241968 235
217645 17
271198 33
223890 609
297458 43
236289 14
283540 22
292329 608
261753 167
242064 36
259174 46
256481 58
274217 23
239922 175
284205 251
234124 195
297976 25
247253 262
268110 21
265063 1
254963 207
271495 19
254983 21
217606 40
233824 162
268216 155
211043 180
272586 73
272884 182
292883 1
266347 69
210198 34
201161 25
293865 267
274074 84
285876 19
234188 115
284994 293
260840 112
229735 122
256708 36
225095 16
224642 46
260027 29
205360 34
206305 66
270337 117
296104 13
233134 31
295802 2
267541 25
276260 10
230228 24
204464 24
249202 22
277040 66
240671 43
298034 39
217205 213
216866 16
278139 42
222155 83
266013 38
234431 47
280028 60
230070 27
227717 296
213638 71
210156 55
269140 20
294686 2790
281462 82
283844 15
231699 45
226770 17
252964 80
276973 281
263042 106
259399 136
236241 141
246768 214
243339 89
299971 22
295488 120
231036 14
255525 71
294197 1196
254670 24
238555 45
299030 19
270490 4
256936 180
268839 37
283758 101
259261 92
204170 47
205054 15
241315 33
278954 14
299488 59
286858 40
260134 1
274188 89
297168 311
280640 106
294963 27
291343 217
284985 25
297213 42
296537 54
227473 60
217000 60
230469 242
268351 1
217127 70
232155 102
261614 50
286561 21
256018 31
276442 399
287701 26
270932 138
261512 34
205822 101
248735 19
268529 28
260484 55
219205 291
221485 27
270614 301
272753 34
241046 58
238335 23
261562 83
217593 22
273985 346
242337 205
200637 50
228776 2
296562 23
286821 51
285325 36
258010 1
296030 26
228319 3
261333 99
275144 24
286459 27
274020 1
203208 181
202537 27
224855 206
237189 77
286192 232
297343 1
264310 31
212858 66
237059 25
284132 152
268920 106
219930 61
255781 23
226336 27
295598 17
211310 54
246895 113
280070 49
282196 26
250561 26
209347 46
285652 182
231558 106
216834 472
299408 11
226384 30
216772 11
274887 3
268997 106
271334 43
229942 20
255295 257
256689 49
232793 42
284058 24
282988 338
224179 134
278300 679
236905 70
287213 56
256430 44
257364 223
266623 63
213945 42
229075 98
283313 106
249934 97
247321 32
294314 15
243290 60
261535 27
233024 97
284511 23
295290 163
235511 207
296819 302
208157 226
268012 67
285829 35
272341 20
224589 78
247436 126
265580 44
204271 2
284603 502
261580 2
294603 170
255651 201
239390 191
290771 47
285014 33
237709 64
269805 105
273511 420
258675 30
208434 263
259433 1806
214245 187
246571 1
208123 49
247162 28
290127 64
272063 21
240480 85
291309 270
201197 68
296356 42
293941 32
224673 190
297349 17
212146 28
203498 1
253669 61
215159 1063
252451 7
288782 23
229508 43
238159 20
262785 32
295612 192
265441 4
252951 163
291379 51
233446 460
227184 154
254639 51
231386 18
288592 74
266982 20
292453 68
236614 22
282719 76
277106 57
292263 47
238343 31
218627 45
223760 238
203528 90
242850 159
223769 77
285409 79
248208 2
248848 79
278054 36
284561 1
277531 82
224754 22
268808 31
283102 156
267246 206
246939 24
251953 283
217390 11
237058 236
215041 758
285737 25
242815 18
260435 168
235341 55
265343 3
257321 123
275798 26
237834 63
272085 331
297404 124
210591 267
215563 49
250151 526
270286 30
227558 824
212937 169
269761 604
277181 42
266874 39
239609 103
253214 47
257411 49
246330 20
299416 25
222922 1567
254809 89
229616 58
276441 36
200426 18
241899 43
261686 155
202783 471
211323 288
291124 276
270691 92
242421 805
203379 1990
277334 36
215380 1
293249 441
256461 14
274089 17
258370 407
254956 73
284064 30
209463 44
200674 27
234020 51
207033 22
282503 134
235926 24
238905 234
260379 81
274164 37
286293 281
279000 3
280273 13
224066 146
290893 1
234004 62
216361 30
296361 639
261174 15
249796 81
206916 174
213698 297
203550 33
233623 31
209454 33
240000 17
232006 68
212304 12
251821 132
200300 67
210281 552
222742 26
201689 45
254949 2
281888 109
297769 168
272464 136
268803 11
243420 47
285365 44
285747 59
260637 39
272070 23
220339 30
207647 674
251258 13
224407 26
293328 2
273354 314
262589 90
245587 86
250975 16
260285 353
201131 154
292099 169
231468 219
289877 55
204247 25
227657 89
203041 37
219754 70
274925 28
204551 371
224041 31
280600 113
283559 24
277824 68
216413 35
289899 219
201362 57
245796 1
280212 46
201657 37
256008 1427
214437 26
229441 35
293138 199
213264 39
250513 36
258883 66
258672 171
213843 1262
256977 77
294584 81
256487 22
238167 62
225138 85
272437 148
205868 40
268794 91
280914 65
279104 13
235263 38
203401 1494
278854 94
223500 33
239620 572
281465 13
244147 27
224409 21
206119 99
252016 98
248889 142
225267 156
205709 26
267679 136
299724 27
248154 34
271584 563
277137 14
273981 143
269294 241
266389 361
246175 64
212907 249
279820 109
231353 46
221201 238
203201 29
223444 68
243109 19
298760 122
283735 50
258951 21
299780 214
249051 47
267843 94
204406 26
220604 202
212689 26
238234 160
206948 239
239336 61
269400 24
290625 52
262553 15
278720 38
228933 21
272004 196
231766 51
255766 16
221213 23
200745 226
207104 17
218644 150
235893 22
257305 2
260760 88
260170 41
254930 79
252175 262
273650 55
293336 244
258037 289
226481 190
207858 671
288945 343
244172 35
203096 47
240121 37
208845 102
222129 9
255481 63
219494 84
295369 58
202413 200
286690 13
216025 25
283541 444
242011 81
201682 37
268438 37
239012 450
230205 169
217581 41
203799 51
249328 16
295169 33
260881 60
211250 32
289079 42
264894 49
283477 126
206304 469
243092 25
218951 270
244203 105
226954 43
207849 154
257050 33
239577 48
214760 25
231140 128
259011 12
222170 93
247010 20
208182 67
244132 896
290964 1937
212621 22
286538 206
255839 23
266773 72
200557 25
228057 35
201559 71
200811 1
232612 48
225656 2
227421 239
203313 106
213656 18
219313 21
261506 1
208261 116
219042 85
222911 1
223450 85
208888 18
299743 30
284550 89
233355 2
290163 244
206218 25
205747 73
217174 62
250295 818
237721 44
281435 20
274691 10
264068 55
293063 14
205995 283
273825 1
287404 98
277458 24
292175 428
298930 28
279132 34
205919 69
284349 156
258120 47
238345 292
294202 60
278605 88
258561 38
233111 224
252144 55
276972 42
294246 38
299749 116
292507 38
243562 26
247392 25
260780 63
294892 81
254808 53
240645 22
256700 157
232504 102
247533 30
207238 180
206726 28
221611 47
294185 79
260727 18
238533 28
257361 116
209359 29
246517 25
245617 72
245319 61
278496 192
244265 49
297127 78
271847 92
211757 92
213456 41
266285 65
270037 2
220574 109
229600 43
253731 73
253582 135
279679 151
213012 76
204699 54
226031 165
263309 9
284469 161
232431 21
266166 29
254877 77
276789 1
240833 12
213135 3
229270 56
226095 75
230334 60
240147 47
230802 52
284300 147
267494 81
222500 79
230196 443
297545 27
295355 3
212007 26
272750 22
255285 20
203640 50
219671 19
239354 32
261829 1
279456 30
273142 29
206278 25
224709 32
238488 207
228753 2
208992 12
241061 1
241491 31
285494 43
268429 74
220240 47
293889 39
291760 25
224219 45
282341 3
296477 1
211962 112
272811 92
214718 18
212361 57
276210 104
295555 561
260750 44
259770 64
299671 92
277419 83
276278 30
266670 42
249229 2
288328 76
237994 69
231862 42
220517 8
219112 26
228490 235
216230 23
232484 25
299286 1
292999 19
203098 65
220009 93
258989 49
239190 16
259276 1
203867 22
286210 54
276370 54
251480 158
295271 28
216717 39
296184 1
242895 36
253552 6
202540 4
263058 13
214966 78
266415 65
283237 391
215056 48
249488 39
282627 35
277496 482
221560 78
209705 29
255402 67
258237 119
228540 98
244540 1
203920 279
278418 74
245076 519
251212 145
242858 200
264810 21
293189 1027
239159 38
252361 57
250541 27
230600 218
264220 27
204300 31
270848 126
257460 4
234003 142
235414 68
236944 153
276635 127
255002 101
213297 38
260783 111
218465 19
277964 49
266995 25
253994 105
254287 52
210078 32
290148 37
259072 72
289589 70
298848 25
290328 18
250503 51
283463 15
282959 34
279084 292
262923 69
280757 132
204922 21
252134 259
214419 66
228839 23
269401 22
296137 80
204010 25
269912 46
205646 51
252330 1
281774 21
294940 3
210358 35
243951 2
290349 1051
278900 13
268629 122
234510 59
225884 183
255343 71
210419 76
245404 45
256253 39
250856 17
218943 75
274157 93
204806 21
293997 51
250988 26
256299 47
256550 25
271752 576
213111 70
254221 68
220052 328
275775 99
230992 55
266442 339
248110 49
251950 43
261657 75
283936 49
208969 23
214942 66
296901 703
277144 1
255593 30
293651 30
294786 225
264920 26
204707 151
273348 277
210910 49
297735 9
259475 30
285045 52
272264 107
208604 24
282734 23
265450 23
249986 92
206650 1
294218 73
264217 131
258404 35
282764 173
225667 21
275728 38
234310 13
219994 44
275778 44
259155 24
257689 161
202523 120
201171 41
273366 93
289868 56
251037 47
230592 21
254285 34
252293 24
248740 66
298244 132
249933 106
289679 311
267151 33
205975 19
200559 26
257474 51
287711 828
261030 1
225219 76
280684 241
205127 101
223546 378
269410 5
214428 2
215251 34
278876 47
221665 104
273492 65
285159 139
277608 228
280624 22
231946 163
280042 23
208241 227
261085 30
204415 18
262751 38
215166 693
264948 8
232391 31
214405 30
272571 22
290558 15
261972 49
265519 260
234010 133
275840 91
214552 47
219414 26
243986 43
265846 20
212554 167
283398 75
298679 92
223431 26
251600 41
202374 9
216824 25
272898 207
265329 100
284706 74
299969 33
283519 58
208136 136
289616 24
257627 78
235308 38
216799 160
204929 1
254455 21
284424 92
263283 46
237375 52
264854 626
212421 31
243848 23
217552 28
201102 26
278257 43
291087 19
280909 17
205075 41
248561 668
251466 44
280390 31
244993 20
291845 176
271263 531
205241 1
235378 76
262546 23
273033 475
223048 224
215381 25
268075 46
225949 33
232320 30
284821 49
266402 498
286567 69
284894 494
291949 40
207966 64
227420 83
289139 78
276493 22
254871 259
227317 24
252781 49
205987 51
286828 42
298463 38
237946 160
293095 69
292577 352
201611 1843
295121 28
248150 16
299716 324
239130 26
277695 1
274516 46
204894 158
295066 96
201585 22
245136 76
247360 1042
266162 24
261874 47
276562 826
269349 70
212321 42
262552 17
202958 18
201573 22
257629 312
297543 26
212558 82
234613 178
220233 47
279076 24
229362 57
280734 16
240909 45
241894 235
285150 19
275052 95
239729 21
292291 34
277499 36
238107 2
218425 76
285237 103
265859 24
262288 103
203926 31
272002 18
210742 91
246572 42
201326 44
253956 49
252943 75
252454 10
238232 154
238837 19
270106 33
216168 20
269303 49
237403 85
283306 119
226654 122
266468 46
233858 23
208826 28
219584 47
245837 27
291026 71
295556 1
215240 171
269856 546
245152 53
217494 66
255599 5
201512 17
271391 40
240714 192
233892 16
273172 115
284664 25
212104 75
233303 167
220241 41
297247 40
290168 8
245433 35
282008 120
295040 123
284619 55
200249 324
298664 13
224749 31
277808 54
246962 17
251554 44
219916 137
288862 424
263534 30
267603 25
231728 31
291799 61
229719 67
204234 212
292002 61
268107 18
285979 48
262154 301
239872 38
233524 23
272806 32
252034 639
289894 29
246452 42
279769 27
278833 43
238885 452
235433 51
228174 49
205589 48
207910 17
238300 29
251204 19
208891 93
215324 83
208389 77
279529 59
210590 354
267593 12
204202 64
240251 50
246747 16
285508 27
298122 91
225173 135
243080 76
207802 121
284156 130
257041 1
259225 211
244295 29
251413 185
214630 33
211916 94
298310 78
242336 43
253914 65
288207 1
282061 619
267169 462
239058 136
241188 5
221577 424
290159 2
259639 1
257806 65
240247 108
229283 26
240096 24
263484 58
210662 30
232849 45
257484 133
297645 503
264521 31
205785 1
200686 179
238254 32
292428 107
214011 192
239485 41
239655 46
272374 74
254374 22
227295 54
248798 701
202182 134
282013 28
235522 56
210789 55
259826 1
266867 30
297314 67
242611 693
204691 22
251287 22
294674 40
255528 2
240992 118
211474 22
279967 25
274038 383
296387 25
278979 164
294575 50
204805 26
265406 22
286203 39
214107 294
232488 179
275646 16
240523 41
204285 39
276708 42
202879 71
222580 122
264355 25
281513 451
247862 1337
283391 340
255299 158
278380 86
232210 76
238757 148
226979 21
267550 64
234762 75
250822 77
206484 197
260506 101
220018 74
202407 40
262656 12
244312 100
222833 50
229678 64
248454 30
243913 40
289850 23
201045 95
218759 115
259227 148
221880 57
258540 45
243317 25
204229 36
234197 26
224312 60
290065 21
279908 74
258940 40
227018 135
203019 22
297541 16
221469 130
225028 46
239296 6
206604 232
231911 33
272738 171
281507 75
208082 1
237782 21
215948 48
230193 94
262778 89
269212 550
295037 181
235665 15
238205 44
261176 50
296141 30
279368 40
296066 30
274003 259
287141 177
203587 45
238444 24
249755 34
288444 39
205153 18
205133 22
244634 17
242708 30
244372 21
216992 219
237257 84
255913 26
291935 18
289471 38
221308 22
275645 1
269016 63
269899 6
224112 695
268718 93
293024 87
269704 44
280512 11
251082 43
285658 370
212849 25
237106 356
212047 2
233486 27
203071 44
232886 41
280620 48
228590 98
299921 31
280679 3
243915 79
206884 18
270034 96
202829 22
247717 31
251889 99
205256 117
270225 32
243528 339
213987 200
283386 47
265660 80
241940 106
206534 58
258097 1
208223 107
205115 109
212286 50
286951 22
299640 33
299387 151
291887 97
218437 23
200206 183
244311 262
223303 32
248020 61
268723 32
214017 56
296834 16
216521 280
214026 29
247718 13
266290 97
291512 80
277207 644
237400 694
284663 89
263869 41
262375 239
251907 47
216649 15
200815 21
262521 19
205149 99
202414 41
258959 28
230710 25
270446 26
267607 70
289787 43
283896 69
275499 435
272020 54
271667 44
262126 21
270060 22
270213 182
259788 50
244920 4
224790 77
275397 144
247395 175
224285 1
239366 52
213706 74
277050 101
264676 64
255479 47
265042 25
227709 28
267216 24
235266 80
223407 114
234139 46
295288 26
293734 69
212882 133
280501 98
203621 32
254010 63
247318 326
212715 19
257978 115
266852 153
290772 17
219944 62
230161 1
259332 55
243840 29
201763 103
239647 24
273162 34
215589 170
217107 692
276271 42
273984 104
295785 81
269942 44
238796 19
205780 431
285190 30
293271 2351
273680 11
235267 68
207505 112
278614 43
299105 44
291663 41
230860 81
247135 33
207455 206
284366 22
217141 122
249953 50
296212 26
299721 50
293194 14
224792 28
203195 293
246921 23
244675 165
217044 28
203440 484
214636 66
234812 78
208840 1833
230224 2
296302 43
244175 75
286916 54
252778 35
207620 207
207566 522
221039 59
224767 144
297402 32
267516 2
240294 250
220223 42
291982 24
239563 65
207130 64
263908 84
222692 145
268813 27
226121 11
227424 28
287247 31
239289 99
283958 48
232955 17
287047 145
249130 95
237706 200
297577 25
292113 1
249415 63
211115 42
269008 46
297495 114
233482 16
212035 214
297499 9
296494 90
295396 396
297747 243
237249 99
289982 42
221625 22
273885 29
228159 6
223888 155
286692 70
245293 136
242822 231
249563 32
225785 29
203431 53
218797 28
290162 100
263496 38
297257 44
218669 49
235260 136
216424 98
264079 170
265916 63
280232 83
203210 204
288726 53
293871 48
284375 30
239634 45
208903 267
298287 75
223452 46
211033 23
230849 280
294919 113
216699 50
260080 25
267881 687
278004 27
237777 162
272779 96
235479 46
253860 67
298630 67
283253 84
278222 715
200281 21
210530 19
243878 71
295659 9
282755 45
294574 39
277578 2
289081 48
260455 25
200597 27
252588 37
287298 194
227312 79
223428 18
267790 974
204290 1009
254920 28
277592 26
254250 82
209450 22
218515 232
295398 238
258024 40
298254 52
271041 34
201280 25
212438 53
237907 1093
285163 1
215212 23
291007 86
220048 21
284356 95
224080 47
245664 141
281151 35
282753 443
274137 28
299987 21
228432 28
209432 58
258251 75
218931 25
289783 102
277899 729
251398 32
247632 69
260963 288
283413 53
250236 190
208104 130
236456 146
239716 46
204540 19
273095 225
245627 3
205910 28
290985 73
240980 24
205801 90
272090 65
254104 48
297871 21
234764 68
224115 222
265179 41
295969 23
259891 50
243411 116
282991 77
294824 266
200859 107
242134 291
237437 29
292493 24
243381 27
289404 20
239344 71
251367 47
253664 61
257130 69
253110 52
297137 56
285278 25
278436 150
298750 137
273666 76
236664 23
289505 1
294975 15
221738 30
227886 114
246900 31
263400 193
242972 143
225280 49
204724 38
221413 76
292349 18
236377 20
220400 79
260114 232
250357 17
282425 23
250032 116
255284 185
237531 63
280926 45
274096 33
265278 37
267222 11
230406 15
236028 1
296730 34
267196 11
254804 17
249199 212
235766 14
262182 77
271869 75
219655 25
202835 3
220011 68
285666 23
282925 31
292417 953
291954 32
220279 25
239844 29
272130 52
203857 49
275211 3
257599 22
246683 158
229813 310
206572 26
204611 141
233277 35
250198 667
250312 1
202036 428
266573 46
235091 346
203892 20
247013 93
242559 25
213853 57
293286 40
237696 334
258282 1
290186 77
264487 77
278976 80
213684 66
295458 52
281695 12
203089 2
261037 205
276692 3
217459 29
267340 34
284242 1
267292 67
284397 38
263686 55
221531 52
264680 22
295722 49
281657 28
264714 52
227043 3
254684 95
249612 51
288846 47
224706 27
202614 50
255409 87
250062 20
243484 24
200440 1
201902 77
270077 36
218906 19
284557 52
288869 149
209365 286
262867 124
260627 121
250300 147
258421 108
204038 166
216555 103
226176 170
231421 28
283842 75
213542 135
222455 356
239617 85
206520 34
281976 154
252449 14
253155 597
297141 188
211777 11
293740 73
267702 687
249246 10
261833 22
222604 24
250721 79
248229 23
214513 1
214883 44
271724 470
217626 52
229253 79
287349 98
232813 24
292461 75
253895 93
278315 25
202247 51
293825 1
207278 130
221484 26
272994 25
297771 126
273331 55
283494 160
252685 81
214900 45
263043 169
212722 44
205175 32
282745 24
280543 62
273432 25
239415 161
252673 93
229690 32
286978 80
228525 380
277784 482
214605 119
267466 46
274880 265
225364 18
262230 27
277117 39
213286 172
204549 109
282048 151
247121 22
291374 115
234785 1
292125 61
276360 919
292307 21
291468 79
234385 44
279410 24
287214 30
212469 620
225068 3
215253 8
289900 11
220650 37
275058 16
274262 75
278459 2
206035 74
270815 363
253233 43
200522 14
296977 22
207697 57
239841 64
243585 77
250193 30
271274 92
208540 74
249354 17
265533 531
294086 25
232172 17
282476 50
280305 55
231828 66
247250 23
289682 32
274783 134
292251 22
216467 13
241533 55
229493 158
268287 120
226908 202
254448 119
242572 47
231593 20
254812 16
226743 3
246382 40
286927 223
260270 110
228594 22
281073 65
247438 112
200408 97
282749 45
270626 27
244241 1
248434 92
274385 56
249858 138
255358 2
297455 52
231927 24
238636 281
220327 110
269987 81
255163 67
239042 34
263087 25
207777 59
273541 961
245313 24
208562 24
213368 19
270283 3
237767 26
269790 34
224574 76
202793 23
211292 55
213667 250
250768 22
203911 127
268380 327
275336 526
220970 32
225299 94
256155 84
282277 18
262795 29
231273 29
274752 48
256527 18
207370 61
282606 70
236704 22
276923 46
221892 2
275829 38
282086 24
224104 63
283979 108
231845 1
206071 74
279255 20
202350 119
250349 21
216779 232
284153 86
214700 198
248651 91
208257 528
222222 19
242171 44
298672 24
235486 406
239756 1
291242 19
299052 100
251426 111
202437 92
243664 1537
260658 21
226288 71
293364 228
212798 27
272843 67
247006 146
207073 120
206406 1
293849 18
208311 34
214953 105
287133 100
211590 59
236134 128
204837 81
258673 2
229744 230
229965 206
278038 116
212539 13
241185 336
293099 46
253699 47
261500 30
249390 48
269210 49
280664 24
208855 30
284773 51
229046 1
237179 24
298482 28
289848 49
283128 171
241804 36
218792 149
261131 48
221545 43
205854 19
296784 31
211968 182
215147 276
282342 123
238401 51
203770 15
202673 29
296467 23
240269 2153
265671 478
237034 47
245693 67
270666 3
226106 77
244868 24
268673 1
250299 23
260662 240
236336 93
284730 57
216480 23
215057 21
275153 72
290941 2
296470 16
223698 64
213050 64
205406 61
271672 67
260924 124
277077 19
267937 1
237964 36
216858 66
266125 51
286706 165
282286 93
211433 337
295382 129
231775 16
292983 210
224025 61
269830 63
247206 11
208570 50
201600 62
265878 35
235368 511
281672 24
249900 31
252292 62
275259 103
209100 75
259974 114
274421 54
298012 43
209618 306
298842 95
240037 27
262894 48
234321 52
283198 50
225540 319
202899 20
207018 673
221079 55
212071 21
290601 31
214468 75
290933 226
293348 94
295486 14
208281 34
206068 49
218021 51
222517 182
293517 3
264226 28
212983 159
218796 3
228827 58
251810 177
289038 42
296297 118
254682 197
299165 37
282862 39
217184 4
283420 51
290990 52
276401 28
290715 56
214325 46
292529 35
264039 136
275525 40
254166 48
271363 93
241689 103
258355 79
217093 71
284444 1
223111 23
226930 70
232138 119
262411 23
265051 43
263787 2
277644 139
240122 72
267714 33
214312 74
234652 29
261574 21
225686 68
217062 69
250879 21
229553 93
259946 41
224418 113
241579 17
286664 69
274844 102
203903 47
253961 157
251010 222
278522 25
241638 26
280021 20
285156 28
273379 20
269728 37
223290 58
299580 51
278875 25
224532 48
288743 73
220847 144
289163 75
244662 265
247889 248
232727 2
229828 1
286946 32
236645 64
294425 139
261100 51
206421 24
271965 84
284394 510
207847 93
256781 20
246627 167
232556 66
229279 176
238935 44
260237 45
201891 34
202433 284
280391 33
204276 237
208831 39
263440 310
254584 68
265232 46
262689 355
297487 41
276685 262
298355 27
262017 14
270544 93
206922 315
265951 26
239276 55
283234 217
290635 42
217760 13
228931 45
237587 54
230889 145
289991 4
227887 3
256049 257
236267 4
290241 382
244360 20
289014 37
278712 110
219039 108
298970 85
208738 121
240963 95
270447 13
293737 40
275067 23
214948 39
243102 58
227440 22
235939 40
264230 2
213115 66
212223 158
261097 373
244459 670
269251 50
207495 43
237495 59
241137 38
297466 24
268070 52
230498 522
231878 21
221632 240
268166 31
214251 51
252143 35
229819 20
212976 24
221478 93
209221 624
280322 174
247624 180
249615 187
299430 93
266297 243
260350 17
285279 26
236367 98
211040 23
290440 112
278881 27
215886 66
211908 19
286018 44
262478 136
264530 1
201357 76
270983 97
260669 196
217289 26
250113 347
218968 24
233763 48
214893 261
273723 1
276302 249
231801 4
299886 128
248267 20
278852 57
276090 95
200570 71
253625 20
275520 27
270467 73
296514 102
282941 20
226005 189
207689 164
241174 417
256225 26
261872 51
293711 163
219508 16
236748 140
296447 33
296832 22
206220 47
245066 1
213302 22
299285 71
245009 161
249616 24
207607 948
269449 29
233377 1
293625 54
223563 65
201503 226
299462 25
255167 42
200295 20
286516 201
270119 19
249514 101
260476 258
230998 67
248787 91
217069 117
206798 69
245602 71
201104 25
277313 40
206794 18
276245 124
287853 4
291470 98
221656 62
224808 254
279551 78
224702 138
234218 30
224967 12
236978 58
291860 81
294924 30
295639 70
286944 30
225216 56
295243 23
232565 35
293701 42
291556 1
226125 46
266330 48
264152 28
247189 433
254151 22
222391 53
249024 22
248227 639
201864 79
226221 21
251380 203
291079 16
297496 236
243450 118
212595 306
291455 245
291283 10
289515 20
237125 70
279334 14
251986 73
265128 90
258262 46
249167 139
297023 240
234654 6
286217 56
253910 1
218860 2
260129 139
203441 110
273717 46
250200 213
254444 42
218888 23
207613 17
287391 75
256599 27
269984 221
271234 270
278533 133
270024 31
292425 76
299890 17
289177 69
212857 61
271737 23
247734 18
290295 45
292696 1
258402 60
238868 138
295605 43
248237 68
272695 45
255581 876
285095 6
256085 30
275542 24
286602 27
203196 70
297072 7
278216 18
259801 54
268170 480
298967 24
231474 94
223934 76
264403 44
289546 22
298398 37
224384 47
281337 55
287987 26
233548 26
245832 89
256862 19
227288 71
285406 98
208072 2
266175 46
225139 24
291825 260
243273 122
221822 217
266975 79
265931 43
265922 33
272418 476
212950 6
293431 19
251331 332
200985 124
235155 25
250851 61
286042 115
251833 35
250636 102
274793 227
241105 3
251227 70
239920 47
268703 24
293065 227
230363 63
274445 27
299159 13
282875 29
232798 103
267641 59
224086 41
277686 46
291942 21
294139 93
211118 44
235189 92
269059 26
202692 43
233738 53
270793 26
237255 45
247087 151
239857 25
278489 125
237236 53
291586 66
206277 81
267392 35
229817 114
292418 33
252101 32
205667 1
282198 152
274606 16
201250 59
242989 76
244289 21
289812 118
246666 104
244776 77
217824 55
205504 247
295098 74
298734 21
225056 52
259921 97
254150 22
280716 14
280975 15
292080 713
294727 21
255378 25
210856 48
231774 35
281146 211
224841 1
294091 38
267558 49
221289 47
299347 14
244286 22
233422 128
279588 236
267385 89
292066 283
211087 110
248404 166
293430 1
290057 257
283290 214
200010 22
233517 64
246279 54
214929 14
288227 15
292262 22
295503 397
244305 44
265757 202
292399 142
266411 93
270025 20
244205 18
289325 2
234341 70
235649 65
217448 322
255350 55
268451 18
238668 53
269724 22
269372 519
235673 29
229688 34
293062 21
293192 8
263620 70
264855 35
227628 20
235406 24
294217 687
247387 234
285227 397
223663 148
222969 63
219913 64
261313 578
227294 1
286968 3
237229 1
256779 40
236938 65
219950 84
288840 31
268736 23
222921 42
229480 39
270762 32
298083 83
281828 144
227944 15
262725 15
295478 41
234560 21
210665 23
290481 233
291467 79
206649 42
220409 150
230464 52
216888 31
211366 90
266159 32
260501 15
281403 23
279892 165
245034 52
279461 31
210346 61
240028 64
296733 33
251231 59
282130 180
220236 1
237799 151
243623 44
292930 35
266908 4
216727 68
244091 34
229661 100
299465 38
266076 332
263951 156
223293 9
235795 55
200019 68
257443 194
203230 123
228677 17
277115 53
206575 28
255681 44
277065 78
277307 50
229176 321
297507 18
247110 228
258965 17
261459 175
275161 26
234614 161
270535 11
224616 355
273412 325
209853 22
219178 67
202426 45
273308 26
224776 21
275095 30
239061 58
276909 1
291900 42
286455 131
234760 18
291498 70
215522 63
214308 116
293732 61
242592 54
200350 90
291444 31
236705 58
201659 174
257893 229
216574 444
255750 34
268130 97
289791 113
211028 21
286850 64
209906 24
209389 206
206363 90
264978 21
290077 34
267266 106
210245 52
209558 21
254262 1
297818 59
230723 88
291292 159
252380 115
221295 109
217600 90
245574 25
208110 41
233770 16
252225 53
243345 1
203546 38
225083 1
233054 43
251370 72
255865 29
287119 695
257074 18
224705 102
272573 40
225054 51
220773 46
231881 56
209147 41
209955 75
274169 974
233194 31
298370 47
248928 25
225130 41
241639 38
250054 618
273358 103
249973 15
254105 37
277326 50
279648 331
201013 88
274189 1
211735 27
247255 17
254367 9
270476 65
228462 432
240506 113
261273 17
278204 48
251214 381
248583 24
258080 80
257713 3948
286235 30
255536 34
289858 58
274269 158
224660 34
240897 259
254616 318
238542 178
267309 26
274810 2
257061 53
207381 1024
297151 49
265808 17
251475 79
253161 456
263297 105
294176 23
245151 38
283887 53
285276 52
288518 14
296667 24
281188 58
208289 89
244585 123
281157 353
278686 1
253431 137
257561 93
283951 602
242131 121
229849 79
211680 122
207211 26
248974 85
291522 198
287914 27
292962 21
270781 263
276858 41
253212 66
201721 12
279667 37
266360 6
242294 132
234064 22
219905 57
289669 53
255329 4
204758 123
250597 57
229059 15
248330 155
255564 48
278282 21
249233 62
270496 27
273498 150
265137 468
232967 35
295518 20
204863 187
276048 78
251881 17
298351 23
250808 90
221725 89
258003 147
254068 138
269427 22
299151 201
295623 55
265900 98
215624 27
266920 775
247903 102
219652 33
236513 20
289939 320
291182 1
259033 122
298369 20
227987 107
255579 365
284357 77
247331 30
214333 20
289572 30
278600 47
234813 44
243093 72
273319 7
299509 58
252796 63
205727 13
222236 1
223638 1
245070 1
248410 328
288040 98
289159 48
277350 21
219541 1
243870 25
295550 19
204297 1
253286 5
293363 22
290837 37
280888 20
216996 8
283602 1
206441 7
238221 216
239738 34
296535 57
226855 2
221801 456
264283 186
281712 55
237133 4
253734 381
210589 147
267168 23
284694 491
220413 303
220657 141
240051 22
238337 2091
262818 23
295103 78
262443 27
217082 798
245677 54
295082 1
276859 37
256135 336
225740 232
297403 18
286540 42
243424 271
218993 25
274163 26
243287 27
241197 86
252735 182
296159 18
220443 795
283424 141
250992 62
237816 2964
256557 244
293492 18
244352 41
293451 56
297813 3
226210 37
240297 90
229809 315
202857 166
239720 30
260326 64
273512 58
292077 33
216074 20
211094 14
285749 74
244916 20
286245 242
275273 31
266252 3
293674 72
295779 48
230029 8
280680 59
249879 1
207811 22
241168 11
295778 125
284613 25
208887 163
227684 44
261310 51
248331 2
234269 16
271371 30
221960 25
203797 38
267425 54
210321 52
204763 75
255812 55
290719 84
279644 162
265968 98
276106 23
206630 1
267596 80
287522 276
271451 107
286062 377
292279 60
249479 97
204543 24
260723 63
239413 20
279831 198
252258 3
242229 14
290331 11
256656 23
267270 31
218730 16
271126 7
299562 52
202780 48
229092 76
284819 29
201394 65
266395 33
276876 55
269773 82
286787 150
220793 54
273271 1
271329 1
275438 46
204869 20
213863 195
235251 34
224515 984
217680 91
236825 75
212174 214
242906 46
280665 40
213023 52
282485 2
263571 36
203761 63
214985 42
262911 1
257417 24
215429 23
226023 28
265131 96
266827 17
250817 1
213393 120
206259 44
220343 23
255090 31
225763 21
218275 37
274009 606
251085 1
224100 1
238690 24
238230 28
259577 30
265905 359
259728 60
203059 27
211188 23
269017 134
279949 25
254340 66
210926 2
230154 105
280594 55
276919 118
226351 18
270668 50
236620 50
226538 62
299962 18
299394 45
244039 77
201698 331
235728 72
249747 36
236058 60
200349 82
238260 27
279003 79
218468 35
252625 97
262023 294
268095 46
254314 62
288560 73
235965 38
200979 15
224379 238
243972 45
204130 51
238776 49
206249 42
242585 52
238854 1
211301 123
299188 1698
271251 97
275541 26
248525 71
219582 421
205543 27
252989 256
235392 31
213544 49
289558 19
294453 256
229160 56
216379 83
218336 24
244925 27
262270 441
211679 34
282441 42
221828 22
209648 323
266021 95
281960 70
250451 19
274977 49
261499 28
281183 2
215945 3541
221301 58
257509 35
204625 63
252701 2
244421 197
225214 23
265830 75
239175 94
256638 44
266803 38
230495 70
294800 13
238470 71
235006 25
286269 200
227792 51
209750 42
239068 301
216773 72
292960 54
200007 25
241935 21
252242 31
272677 247
267125 19
240440 96
213204 25
275721 1
204203 21
284990 35
270723 14
211397 19
239062 22
233142 34
218383 29
279287 37
211596 309
283670 185
255058 30
212399 20
254045 37
204147 28
298070 81
296119 41
230164 17
218254 82
257793 90
236352 1
235998 28
298005 190
293011 57
245544 20
235270 79
265203 142
233087 1
285465 26
240743 1
237996 593
297073 95
264007 41
232679 69
230222 24
296051 734
274013 27
219713 71
280310 235
242191 9
246822 49
271579 145
239711 120
226258 50
253683 134
201130 2
213103 112
215867 106
215586 23
294709 416
257980 22
207100 1
242503 144
268540 22
208015 155
273084 16
297279 47
286926 40
212212 43
285726 98
283296 40
290236 91
233338 61
207578 124
228113 3
283893 45
221140 12
292391 77
207949 776
292582 271
214613 45
215858 41
265989 4
276120 68
265815 131
227259 43
282546 38
203876 1
260451 13
247107 19
214986 25
226576 39
227048 25
213570 59
214189 93
222586 49
269881 45
252445 24
212671 18
288527 90
223787 71
275987 45
207076 17
242712 18
286488 10
228222 72
263205 65
229895 23
279243 54
298176 263
237917 18
203232 49
265453 48
268314 16
286239 240
217618 53
287487 73
250517 81
265911 17
261374 171
247531 49
261998 2
214856 56
216179 48
280977 90
286671 3
251459 59
268691 56
222533 512
217706 55
202024 37
249137 302
261312 166
274382 21
249258 41
208634 113
296659 78
287801 110
255415 149
293623 55
254972 4
292988 21
227344 19
231133 19
238048 45
247416 59
257100 22
220304 25
234114 250
229564 58
211377 26
214784 241
261468 24
266776 167
295847 30
236161 25
223902 30
249808 10
294576 169
201753 16
295581 37
220718 2
266189 26
234206 390
230656 12
271796 22
256635 17
207433 14
219650 175
297639 13
288680 64
279591 176
286735 66
234029 99
268900 64
284992 19
232316 75
242103 195
297166 59
286810 93
230045 179
230299 42
287730 74
275531 17
244064 20
206161 288
204047 278
295184 53
208204 57
286957 101
252214 221
258346 27
262194 43
219138 69
217140 24
265963 40
213042 65
204086 24
248733 48
233833 33
222003 15
268651 61
286173 18
226284 29
202799 56
236758 332
283813 64
210483 24
235244 229
239926 18
234645 233
284284 51
207085 42
299029 41
288346 58
230265 1
270359 187
274141 89
204449 50
254075 193
268487 74
217750 146
225389 72
207290 28
237252 33
289693 20
298427 46
279331 70
250769 58
274716 21
256413 21
276686 2
291930 41
205237 666
228610 11
217065 23
299832 99
202943 49
280785 592
200825 31
205401 1
289243 250
212130 49
219473 92
284227 19
204557 25
237296 24
242935 44
293894 180
221036 28
258188 81
275649 142
213149 45
238981 62
275020 99
299113 33
278903 808
290621 143
291476 43
218920 384
266120 26
205474 20
202477 1
245371 25
250445 1
219616 21
232283 50
243280 203
244268 25
218829 27
276013 40
292479 31
251849 328
297817 38
277890 89
200165 39
205778 98
212009 111
216237 99
213475 133
298358 41
256462 25
244683 673
207212 48
279112 52
236926 21
241677 25
214491 46
295560 263
269002 2
244040 1
204214 303
278160 52
201182 321
235138 115
238571 35
244053 121
204046 22
286708 45
297751 1310
209424 26
259855 40
275846 37
228733 36
254974 93
201598 95
202564 53
290468 43
239185 25
241253 57
284146 11
252836 1945
262264 56
269926 210
275301 29
232820 1
223625 28
290896 15
283794 168
223300 44
280592 1
288652 24
245780 33
228942 252
243503 40
209803 76
242746 106
205123 119
294196 45
221011 29
281171 1
283528 21
225278 86
259150 57
261921 30
251061 22
294740 96
218320 145
298847 27
271971 2
215342 1
269923 195
280900 31
252343 579
214840 8
246342 46
232887 170
207532 2
259647 80
299403 81
207751 107
294229 416
214149 169
296232 26
231760 1
237771 22
240085 24
258854 49
218358 200
279998 802
228059 28
256693 67
201515 76
290599 31
244912 12
228163 73
221416 289
209309 65
279035 17
220190 25
265662 26
261870 21
229990 101
275774 311
237886 90
267715 89
247666 28
232530 97
233696 15
226972 64
282451 22
224587 89
243416 571
267946 58
274399 27
208627 104
232972 2
278989 14
241846 20
209991 62
268998 94
258745 99
212432 374
220701 26
290394 3
218042 30
289535 2
236890 26
236148 27
231847 484
292627 96
295329 2
255576 26
218230 35
200105 8
247593 150
296199 476
227335 32
215394 5
225023 47
296570 47
216111 183
285378 56
266261 20
291634 54
298014 128
222926 481
214002 34
246623 3
277405 45
214410 26
271902 1
218552 157
208444 45
224686 38
293654 25
266767 569
232781 27
240146 20
203171 61
282142 56
270735 33
294762 31
272510 177
223556 1260
217690 58
205285 93
279032 21
267760 216
206776 118
213927 3
202898 97
230078 21
299085 27
250298 65
246174 86
258203 184
203031 407
251621 286
259731 27
297405 387
269859 39
259709 103
286243 71
207030 40
262595 1
202161 291
224822 24
289690 2
265373 21
224145 522
292901 23
294387 22
292754 69
253167 51
280246 95
274161 50
228296 62
219666 43
241540 2
210327 276
242993 5
208997 92
258283 46
225699 23
283789 72
276367 101
278724 44
204250 54
238117 30
264653 102
224157 25
201332 1
260447 1206
255883 56
261536 28
274541 29
203280 497
249239 131
244951 96
285309 189
290411 15
296585 18
276160 33
277720 10
212588 247
218355 296
273324 78
249132 67
220889 80
267839 5
236533 12
256715 65
247560 36
289729 56
272260 214
246989 264
287943 33
276557 12
219519 1
212250 247
252253 18
220532 86
275657 167
252518 61
253590 31
247174 17
237930 8
221706 56
244056 71
212338 58
273786 527
230391 81
285299 64
259082 63
291463 2
249459 14
208923 333
260853 54
297308 23
271493 22
297896 23
224556 119
202797 44
293453 21
265500 126
200154 337
263981 1
215011 316
281655 36
233844 254
279290 77
284138 27
274344 69
215806 18
265065 38
287017 448
212147 44
283910 216
268932 52
240722 278
282434 303
201490 55
293079 24
285248 2
298550 88
283078 23
297831 27
295536 1
207427 187
278464 151
280185 127
263836 40
240224 26
252659 68
253594 456
262050 54
229899 1
234444 60
256524 3
214003 86
255555 70
247016 186
212609 40
281366 44
235973 525
245607 50
252927 53
203229 362
266024 61
207185 22
274924 65
275819 114
260104 147
273289 290
257213 202
261364 24
221320 61
227953 364
211963 44
205446 17
285764 3
222974 17
295905 60
270132 84
299490 76
285262 82
244033 45
204323 243
246001 25
285490 20
290835 291
235403 176
239011 50
274549 36
219221 50
267498 44
218388 187
263350 24
286358 37
253265 217
221856 92
269820 1
208460 80
255467 233
206093 31
226620 37
295102 22
286020 173
231720 22
239319 663
225401 249
229565 148
270710 44
296480 124
218330 22
223562 27
215787 43
272135 30
207926 21
242176 59
234761 1
243536 211
213266 746
265606 71
274094 7
299375 22
268469 75
289928 218
266914 169
244022 477
231463 12
294906 53
298457 29
200508 3
272976 3
212944 141
248505 26
200290 409
206038 21
279266 91
222781 122
205216 59
218190 527
218668 48
225729 16
206543 170
267862 85
217326 122
240267 23
240153 31
225316 3
236556 1
216351 61
223333 84
288912 366
215451 68
291442 25
292231 38
261467 65
225320 1
271245 46
259692 98
224530 2
288722 115
256780 143
207131 115
295733 254
218646 27
259429 27
239223 105
291063 64
266011 30
245666 10
227244 209
227982 71
290957 45
237836 258
202588 44
247544 50
252469 238
207077 46
205279 55
288784 37
275018 344
261709 26
208309 67
264045 3
233671 34
251753 64
281369 90
235272 22
212101 21
252653 161
235644 72
216225 147
263296 48
203370 470
284622 27
214793 28
220338 180
276478 146
207554 21
222887 26
208792 59
280067 1
202946 1
275821 152
214112 334
216448 201
200431 4
235076 40
262004 72
224326 49
283064 214
230499 91
222231 24
247679 16
231669 306
270249 246
235909 61
275874 37
214322 18
255191 418
289754 480
207241 1
210293 23
266927 22
269529 23
298497 3
290900 18
215735 29
284631 33
232237 478
290100 66
266761 603
281872 25
226814 39
272646 55
211419 140
222821 2
262793 141
288609 137
243666 22
221189 24
239561 109
293605 73
294685 32
250355 35
253544 28
208782 50
233821 406
246949 1045
272454 98
259222 49
201749 375
244394 10
229359 21
257603 64
266047 26
207509 19
242338 112
224097 142
254375 14
243678 115
265863 21
260786 50
206838 9
212758 1
209542 14
201276 42
298650 55
219453 276
269095 123
210652 27
235224 29
256650 142
256496 1043
257572 181
216876 51
273549 160
208951 22
230621 74
205369 3
253466 87
214252 24
234035 42
290319 252
244549 63
202965 39
247304 42
270381 1
215064 228
200797 35
220826 121
240572 177
267347 47
274408 123
249350 39
275607 98
253694 65
224538 14
275628 37
264941 25
204715 13
216301 51
265365 53
251416 24
221664 49
200428 72
283981 19
271289 22
225788 68
282039 128
252991 1
282790 56
203736 91
236208 127
255701 1
272048 100
204463 39
215822 44
241622 52
274379 53
200884 28
219077 67
283774 120
262937 28
257583 1000
291153 32
246794 60
271296 27
272230 28
263565 105
245929 133
278517 3
287935 95
225413 49
230719 65
296860 199
214748 69
200873 19
262851 178
238595 543
292813 66
289262 33
227659 428
200118 208
233065 883
271045 120
221812 19
261168 44
277708 109
234650 69
274525 17
238441 40
213778 28
217878 33
239988 898
288104 34
247027 394
252908 44
272624 27
298205 7
245596 71
243594 118
213873 115
240380 90
298683 24
255590 36
254093 226
295735 46
246589 27
285067 9
292179 27
212427 979
271986 28
272107 1
205348 235
262410 68
203237 68
248438 44
248158 2
248168 17
206917 76
255420 196
254651 231
265293 40
282223 28
274570 25
234454 317
274806 258
218018 77
266126 513
288689 18
217458 124
243307 117
223550 71
279317 18
287090 54
276587 188
266617 63
264216 89
256379 29
290860 79
273741 88
241230 20
271028 52
248498 61
243855 59
202351 21
252664 6
245083 83
288669 29
222777 45
244976 759
245381 69
221055 132
299774 55
257159 292
201172 44
271086 44
268478 99
237030 56
294802 50
250934 29
206658 21
262822 109
287631 36
209812 24
253298 30
216706 44
215109 216
269336 32
279767 54
294106 74
267419 52
248738 43
246722 64
247955 42
296550 36
254652 4
299912 81
250141 40
286112 1
222007 24
281315 248
254689 48
292657 37
239612 157
250903 100
275567 119
225876 18
241004 54
237556 73
281008 85
253181 23
275524 34
203327 25
221552 266
264705 18
223568 39
286859 130
242741 40
282120 78
257389 103
231589 31
215482 45
263682 64
269719 330
247556 34
296196 64
220759 51
258791 66
251518 4
223159 84
215438 35
266530 17
258685 54
224247 161
283087 201
296162 30
254945 43
235655 1
277187 14
229083 401
222223 778
221752 3
270988 65
253857 66
234946 130
295484 41
240364 88
249722 49
264115 53
207956 1
247773 93
231616 20
211599 24
266637 66
254653 3
291025 32
262889 934
242285 328
278182 7
280767 372
257810 37
210834 149
259698 97
220156 104
203361 1
260505 1
273750 250
285762 53
233678 142
216980 35
229641 25
256863 60
274731 39
230870 65
230827 31
225974 81
216458 67
244551 34
246450 20
268850 92
256074 53
251836 29
278407 17
208329 100
250463 12
279896 496
278765 118
246105 163
235407 4
221875 23
254245 253
230806 24
251921 73
295013 25
249435 90
250375 45
226710 29
231708 57
253140 42
241612 31
234315 142
273999 69
212423 165
285408 126
288590 144
272232 17
252883 75
236784 36
295029 44
292009 17
211950 23
279105 2
269935 51
215680 42
247836 210
254332 32
282300 20
207834 74
226378 72
293143 202
237432 23
233117 31
242207 19
266243 13
219261 89
286177 23
268918 213
262769 77
280789 25
276763 58
281165 23
285024 1
290539 32
288581 4
283505 3
239544 44
239616 175
279735 21
233125 28
253964 400
292848 43
276628 22
235515 31
252870 34
272078 277
247991 26
287373 58
280866 106
232663 1
259231 194
211498 101
216641 16
240342 87
213079 261
234531 242
273072 275
280407 51
262250 641
226347 56
220962 307
255854 133
279439 20
234363 16
242944 41
274926 1
230227 38
285044 54
299270 49
248870 18
255053 108
262211 41
201047 25
223475 381
275044 61
213323 64
289246 47
286720 76
267934 31
205167 68
214282 3
278420 143
283876 161
250911 114
281213 1331
210037 26
276953 151
262484 38
224496 55
230906 25
272894 179
249038 1
283566 59
227803 118
220772 71
229573 294
245723 195
261847 42
209278 50
225333 41
240953 34
233857 33
248414 854
242107 70
294577 39
265551 17
288607 47
280348 40
245746 168
244084 25
292665 112
215018 90
286677 48
278280 22
204388 131
227822 333
283455 57
217356 462
231175 17
219251 28
224798 106
281886 81
238186 28
220628 318
264080 174
289874 55
269261 256
292016 99
202103 3
251468 403
279492 91
214349 53
297937 339
289655 458
263582 30
259400 23
232952 27
276292 3
221468 37
291434 272
246278 27
235682 1
239245 451
211504 36
223937 26
215726 57
232444 1
267276 25
279811 3
235047 34
257134 30
216264 259
231614 438
252286 140
214812 18
209223 219
217139 1
236238 49
245343 76
283781 44
261437 372
214167 52
210344 140
267428 52
216452 28
288803 1
202954 60
279474 52
251285 19
289908 39
202095 243
219768 91
230271 142
266956 83
201153 20
290154 24
259814 28
237421 61
266484 25
223601 405
289393 97
212587 570
210324 2
200423 97
263250 44
269128 19
230103 15
269927 62
235560 30
283187 36
224771 49
275914 141
248449 121
269562 163
260535 22
273462 64
227613 140
202794 31
289756 28
220258 47
297035 1
233691 143
274122 2
291871 1
276428 28
214328 88
233540 676
298008 98
205264 26
275115 27
206450 809
261039 60
278631 621
257916 37
279631 1
217438 38
267878 68
222088 45
279364 86
262150 1
206744 45
288210 23
299078 174
225444 26
224618 21
208051 6
298001 1
219400 16
237712 19
242925 27
239675 22
232220 66
229637 39
230749 34
252050 27
254961 48
234678 81
256287 7
244230 3
273634 10
241361 67
204450 1
271017 49
214914 24
234974 20
258777 12
236838 93
209826 4
206468 24
260414 264
219223 3218
210217 356
232891 17
292209 123
297395 164
280525 35
232031 29
278294 31
213702 10
201671 42
252174 421
293531 101
265511 182
260994 26
221559 21
288230 60
255347 48
219127 97
285006 18
297915 93
247577 12
286629 36
292480 22
275043 27
287690 22
297013 478
271790 43
214232 155
285049 39
261799 130
200931 70
210443 85
230084 437
223412 29
270878 26
242398 2195
215003 178
214707 70
225925 32
226505 80
216610 76
220871 51
267785 42
231810 1167
230890 57
203759 87
269113 22
292435 52
299708 58
242455 65
229235 38
269568 67
271761 47
250661 54
294909 32
235520 26
245608 643
272343 114
287311 1083
293739 153
200277 19
206022 51
259180 13
257078 134
268892 16
278999 24
278194 50
236586 85
205941 417
278355 103
288690 20
258812 4
243148 72
267831 234
296295 25
228177 170
268856 65
291080 24
227793 295
231028 72
206613 64
284067 79
213345 55
272815 1
289402 67
280251 57
264719 608
218758 81
259601 114
232393 23
213618 44
208245 76
239493 27
218264 41
231767 116
216627 49
201641 185
283197 11
240374 17
228661 120
273168 65
215722 32
200589 25
296221 660
251232 17
227356 121
282781 15
275004 38
268054 58
269461 25
240268 22
252517 20
232756 28
283920 681
206883 60
226559 29
207004 118
257243 51
248311 49
213549 20
292887 7
214749 23
228323 51
241436 30
236182 256
246917 47
204901 134
269171 37
201915 27
219755 13
243711 40
200250 91
290769 2
203539 50
259480 33
257367 128
255880 18
210611 176
272484 57
223807 28
266903 149
246011 16
276430 33
296289 46
206771 93
210074 2
295539 29
280671 152
278012 311
223488 34
231278 23
223690 29
268440 54
259387 96
210828 43
233628 23
215129 63
279902 16
258556 49
257829 52
293915 169
216378 95
236672 2
289143 149
268244 29
228751 47
292083 3
201269 2
264179 104
221317 29
283568 1
299538 35
294651 18
297778 60
237786 92
233940 94
230183 20
294548 532
269975 31
285991 43
224095 29
263540 65
254009 1
221117 47
276392 289
266580 63
278440 42
215414 108
275807 98
245862 78
288739 65
208500 502
251712 70
256185 7
299424 238
230795 17
215893 56
200094 33
237277 48
256992 36
205361 31
276952 70
252542 26
236052 16
234027 55
207083 484
211697 5
260816 8
266278 51
216163 24
275701 15
235044 22
228180 4
213515 90
215633 40
224835 46
261946 143
289329 56
270316 30
299186 19
218006 66
298384 144
211738 22
222022 1
205515 100
260978 25
279579 175
224968 39
213112 34
210646 162
266233 499
285392 333
202616 279
247302 24
253676 13
294480 229
251042 19
223754 98
200838 52
212012 48
291060 95
246226 204
249093 30
258151 22
286410 42
213202 24
263149 23
212038 80
277533 95
240311 99
204178 35
204215 65
285724 2
285169 76
293418 51
246157 304
243839 196
291749 69
263811 156
243552 140
252884 259
223278 174
243524 27
203682 11
235798 68
262791 168
280872 25
291108 216
211924 391
298743 28
203460 38
258012 75
277733 25
266037 44
207698 21
285056 49
228514 128
293466 2
294023 340
251761 27
219663 81
284019 119
218683 66
209346 50
284533 289
260929 49
269051 98
229913 42
225838 16
287890 20
250121 140
231259 55
216167 30
297485 363
264579 17
245931 68
269989 159
233000 2
273244 164
234176 6
244688 45
271197 82
212156 53
230510 4
241837 22
212902 1
261449 22
272499 127
253493 5
225585 70
264583 36
212065 45
225330 43
223413 73
263260 148
243362 44
276154 1
240527 31
235889 92
250885 31
298059 58
209449 22
296340 29
287278 26
282698 24
209569 53
248146 32
290983 192
256347 572
299138 4
294954 33
203333 153
209123 54
235334 28
208285 83
295834 12
228859 49
282000 190
208776 2
247264 91
226564 2
247711 28
261594 768
288830 175
235053 58
297892 442
269997 21
234550 26
211136 36
267523 101
298755 202
218802 52
235362 48
233039 263
207340 59
258457 48
217995 2
227413 20
261546 36
232840 20
239374 87
284878 44
263870 420
251060 113
225773 67
282608 207
270087 79
262391 806
221342 15
206444 19
254537 17
225811 140
227498 77
248649 78
248754 38
227584 29
292720 150
217035 389
265358 52
213188 14
295104 30
241604 90
246951 3
268102 650
282517 1
205359 293
202658 308
237802 14
223098 143
223926 26
222834 689
252801 87
257750 194
240648 4
252617 17
234668 81
266291 21
210194 284
296643 19
215541 55
227600 40
231501 2
220823 36
288856 27
254426 43
210907 48
212768 29
207556 232
281631 11
242002 33
276457 3
285317 381
265850 33
227579 181
278927 46
281436 816
284044 176
292311 653
275064 43
279310 144
278445 21
249659 1
246958 70
265612 51
238448 29
272907 2
251188 21
248537 47
287159 12
210493 18
262043 92
279404 60
220655 215
248488 17
213381 58
204231 414
235894 31
200672 59
253276 84
248776 84
294728 58
280652 980
268050 26
226902 50
211561 52
223332 55
292452 22
212058 30
232696 47
214392 64
257396 203
224088 51
222371 37
286588 98
224327 231
219918 59
227046 2
237450 18
243033 787
261233 51
239160 46
239211 58
229733 35
236892 30
272834 30
294870 48
200550 330
232895 633
238164 164
288235 53
275101 46
201936 621
286336 42
267099 17
228399 317
204928 37
237710 100
294278 107
206591 38
284072 76
243978 22
236583 17
261627 40
274986 27
244402 39
206244 47
210388 57
244193 48
201071 39
295915 99
208310 16
293361 1
233666 130
262882 42
258515 46
218639 15
285427 45
223108 92
267750 48
250478 50
234679 46
281721 30
200847 744
218804 36
202274 55
278748 35
250305 703
278607 187
249669 644
290851 66
211779 45
274037 23
256344 34
250759 30
295126 29
277218 23
243526 405
220925 24
231961 151
233283 28
267734 262
292465 188
207704 66
290586 412
272547 44
225177 165
260992 47
243725 107
216093 42
273608 7
261672 29
233395 26
213948 19
215753 38
279766 69
225801 37
285033 219
260673 4
258247 33
299418 28
256542 22
222187 98
252828 64
253011 54
283969 28
280103 43
266257 82
238093 43
264511 226
267635 8
282863 25
294220 1
234944 20
297032 24
249601 22
250231 2
207838 1
245939 59
281227 260
214887 47
252898 42
255110 84
273531 22
286834 19
276072 72
288057 28
294791 50
272845 204
240807 37
252259 79
266620 112
226544 31
241148 49
210191 51
233758 41
294242 80
265964 85
266512 25
276119 1
238503 24
246789 25
277683 47
299929 42
287307 213
248504 44
215573 160
250015 290
229465 101
200784 30
209266 22
263254 70
266958 79
259305 1
282101 43
288061 108
294737 24
213566 104
279802 124
264063 78
200881 36
210348 98
257021 16
246938 25
260444 46
282685 74
252704 43
246090 63
223515 73
221322 551
286411 65
201188 357
258676 2
252525 25
211390 126
247592 43
282879 212
208728 34
221650 40
243329 28
252178 92
244955 124
204099 55
213533 58
291767 49
294521 74
243987 35
286663 28
274411 88
282442 120
277875 25
287375 221
216292 13
230810 117
263428 29
267651 187
260395 101
239764 59
221412 154
235347 39
215339 41
286276 49
298476 209
233110 43
289223 74
228198 21
280527 141
239732 203
235732 33
299789 371
292198 143
252623 75
238247 45
215892 35
234855 87
236810 49
294081 92
232889 48
290381 23
290645 56
201663 40
284331 60
200451 43
204194 429
200383 122
204888 42
223718 69
230553 40
287290 113
262267 100
278834 97
231924 21
297069 26
210962 56
248823 14
290667 25
272988 32
284792 68
271626 18
215997 95
260483 76
218453 189
293135 71
219674 62
214394 337
288847 1
299933 47
245557 93
287235 28
227829 23
242727 237
286542 50
266702 45
258605 416
223148 190
257060 25
249335 112
255546 17
287065 54
226804 24
225657 73
202047 101
254958 42
220631 88
210349 611
281173 102
208049 311
253280 20
297252 99
219385 57
262378 69
256680 213
263439 97
268829 13
281377 357
285452 102
244071 103
240366 51
227784 29
203161 47
244200 2
237011 38
231794 24
244506 45
236521 613
269905 20
205471 88
297339 67
263792 25
285501 1028
237215 134
281456 2
212371 15
261861 32
286826 94
255553 56
286162 96
264697 44
260429 103
287257 571
262515 24
214518 183
262627 57
293469 36
275680 2
292693 24
278368 311
206039 151
237056 17
224722 49
214455 191
271324 3
230108 191
245460 59
287085 74
283728 404
246145 2824
277699 113
244260 55
212905 66
213452 35
278323 29
265841 385
244809 27
292474 270
234410 17
213076 5
210914 31
240228 1
209307 33
242024 844
252478 318
242968 98
231663 34
230093 42
261927 24
219803 2
297200 101
299726 2
201652 188
207954 70
268667 20
292636 163
258352 34
218232 124
295604 76
210583 87
284574 18
245523 49
256975 24
269231 38
273278 24
255747 326
281867 173
232142 118
299560 76
232863 40
256503 35
246036 99
262881 45
277197 53
216220 28
210814 78
239927 75
237324 33
272242 153
248584 307
293014 167
279698 75
201621 32
265438 6
250153 30
298206 4
224193 51
269845 1
280865 171
252605 3
229367 49
221976 20
211925 2221
241769 50
272530 21
291049 10
272315 62
202892 34
249020 86
214756 28
256499 25
223581 101
258975 34
269993 53
262910 43
252390 241
206699 1185
234577 135
271823 284
231505 15
287979 25
265202 35
292856 69
283105 27
232850 70
215046 143
260205 26
258432 91
208056 89
217004 29
246775 310
257273 35
240521 25
288879 106
206443 3
245886 54
214783 297
204906 46
211885 76
201318 37
242635 38
268519 42
218596 128
219946 339
215923 134
200891 280
294034 36
211089 38
209337 30
289932 23
292321 284
200261 38
214583 2206
286040 54
223137 50
276556 24
261478 101
296455 1
223267 66
297470 168
291104 26
228268 20
232760 1033
248339 40
250161 23
282644 43
259325 28
253178 1
243616 62
253946 48
219778 20
282724 91
207286 31
292925 188
240348 49
210038 1
245304 11
242505 164
245207 83
295301 10
242449 24
235204 79
256586 151
258214 226
244865 2
285148 28
212909 196
259952 71
242846 1
272869 2
245977 95
286375 46
224452 22
209843 31
243125 84
257032 77
201011 146
278351 22
282403 569
271377 40
297085 68
257046 66
238336 42
265762 25
285009 140
293261 2
208930 107
248686 31
243221 114
298166 23
220613 24
273259 17
240376 64
206487 24
281564 29
232785 28
274954 31
208550 46
253918 57
289330 849
293005 32
219649 172
239723 55
294496 36
297900 5
245545 188
269371 3
297873 53
247744 742
203217 49
256064 546
210708 125
200922 138
239657 23
214688 48
241646 74
277682 30
216831 321
276211 28
238225 25
220522 84
288905 37
204127 53
226234 116
257279 87
253355 67
251979 4
283762 45
265522 27
282313 331
269463 1
262649 42
240074 151
287648 35
257278 65
266999 26
214206 193
201681 2
215307 26
234745 98
273182 40
266459 29
277887 19
210937 284
273392 30
211024 1
299697 17
297569 1
264667 70
277309 64
293129 186
271931 23
210783 64
232991 46
291173 18
241547 119
243825 46
277451 218
216330 43
243002 25
294936 52
264926 170
248745 177
266622 45
202268 100
254838 95
243853 21
213326 257
208120 121
234570 167
240863 191
272320 40
268300 45
297561 25
273482 163
210932 24
211449 1588
296986 33
281332 141
210352 58
287485 4
275424 193
238111 26
226194 41
273514 28
291654 62
248109 40
219662 51
290949 433
242849 21
201599 48
286995 189
247934 20
266606 15
202327 375
272039 19
234916 40
296942 26
287998 67
246134 23
250377 38
263176 125
210880 1
288264 45
271387 29
294875 95
249001 50
291504 264
226010 57
249787 51
280897 24
220474 16
217784 87
286382 84
201443 19
285219 4
252195 397
243464 68
294997 89
238330 27
226815 45
205852 35
261978 39
236216 315
260530 553
258887 17
265181 101
279114 36
291290 29
296671 156
254933 1
260782 8
298527 28
257289 164
276206 190
296798 283
226250 71
269940 133
250189 40
289942 843
291473 77
242987 1
211022 244
201379 43
257345 90
215464 3
204395 115
238213 45
205682 129
232440 18
238598 42
252179 63
275109 33
269907 162
299555 134
202877 93
235512 957
262382 50
284226 34
273239 54
261984 19
260152 15
208585 79
279156 23
262328 60
220038 110
295521 131
285889 265
260188 67
243319 53
229247 259
274503 103
284540 43
238801 65
247406 532
293242 2454
228352 22
291992 19
233526 51
247256 16
278334 370
243568 58
203101 37
243492 1
205817 87
259668 90
270747 25
295496 23
219826 87
256538 96
267728 276
284883 142
288179 233
206522 85
246427 41
250194 46
209297 20
270600 55
227243 23
294164 56
245784 1
209824 41
294934 24
298142 41
204632 217
266517 367
283673 21
202869 16
202197 21
205440 25
246483 140
244728 13
209178 76
209142 27
252385 116
284568 24
271510 90
275769 33
236514 42
210884 22
266699 57
256394 124
215591 54
273709 126
226569 91
249623 41
292903 28
288516 888
290543 23
273188 24
229453 42
280574 54
289469 39
286857 19
263290 74
279361 48
204585 143
202923 51
246633 512
268024 245
298654 72
255768 71
254813 82
289409 350
237827 521
212094 35
237739 28
267199 38
216380 12
289895 64
261703 46
259922 163
254383 22
223774 49
238113 53
264204 23
200179 98
218159 26
238077 37
258820 69
251160 115
201333 40
200262 65
243722 99
282079 406
218423 15
207385 43
293858 95
249695 29
236147 30
283209 23
277734 32
278465 36
222061 50
264124 97
234076 2
257416 152
227941 3
287667 116
270373 9
211495 101
291331 41
280133 56
237952 94
250209 97
217635 124
286086 419
218367 95
231230 43
277327 20
283818 46
204041 90
209708 144
211303 57
279082 543
226192 59
206531 60
213653 40
203589 76
213632 17
259338 71
246866 197
214339 25
288829 194
299507 3
266533 143
208292 427
268992 56
288816 214
238670 63
285483 72
254880 62
217620 94
233219 24
252758 31
248009 44
270459 58
251566 24
270654 1
287850 236
287982 213
279696 89
279643 52
285265 57
264109 37
296700 154
299103 20
262444 36
273237 99
214126 48
228798 203
298356 40
201308 29
265726 120
252738 27
209869 66
236408 176
200893 34
289968 50
229439 122
287786 29
280713 29
250004 40
284528 60
227106 37
245397 1
260454 688
234058 22
224299 98
225893 16
233076 167
231430 662
210435 59
260459 296
274045 26
265093 97
200738 114
206577 134
226913 1
234070 20
216987 52
218446 2657
208472 19
260644 13
211817 31
211576 78
264897 52
263735 8
203186 146
211217 98
290529 751
260600 116
268437 88
244285 100
207538 4
210099 198
279777 19
255454 216
292333 33
203584 50
296304 226
209127 25
268926 22
289795 38
228601 370
264021 178
286167 217
284855 62
249009 25
220172 1724
281396 250
273522 80
230135 305
239433 20
215947 85
243578 29
274418 374
295078 21
229566 78
276402 40
287452 104
250838 22
296024 44
258691 1
211078 3
205506 22
237699 11
211762 606
227272 228
206727 49
246952 49
247059 49
242119 19
211773 245
264112 36
222270 71
225014 59
277363 114
221367 89
288422 3
215705 29
299762 95
217405 90
235534 91
224114 40
261203 75
264291 19
252851 19
213855 11
232240 70
285424 186
236684 42
259118 47
225085 100
267289 24
218400 60
215637 24
291967 86
249784 16
269883 29
232286 114
289497 24
281373 271
269737 22
235286 24
267448 79
293597 85
216176 64
267457 17
286744 117
259359 27
298146 42
203117 26
262187 63
248054 26
289331 70
202485 107
286934 230
251134 23
230203 97
236536 20
278692 127
208798 3
240468 130
211386 151
262986 38
289922 68
278005 59
217880 34
211699 42
256813 32
240784 100
244711 24
299543 26
272327 44
241931 36
215333 135
200730 52
221194 190
230744 83
200689 451
215606 20
201877 88
261844 36
237945 26
249224 1
243660 48
203093 341
289630 9
299757 11
272507 137
228880 26
281907 17
245738 15
282639 107
212313 43
282579 62
278234 52
283330 89
271462 64
235951 33
229117 46
218886 49
252054 26
289226 71
217454 35
248699 219
242498 63
281610 38
240942 38
264611 26
211549 4
255233 336
295579 70
297591 106
278980 39
202206 66
235568 252
209945 68
283884 309
221515 25
218704 24
208996 21
225224 47
240157 43
283042 51
267406 47
212233 32
231073 9
256714 50
259808 17
249520 43
236844 19
280018 106
239788 1
268372 33
246842 30
265443 5
285344 494
210670 172
212446 69
285767 777
227427 1
299565 140
222287 1
257212 41
277060 20
221062 127
229509 33
204680 25
259263 88
223101 1087
220123 28
211529 93
274281 68
237693 27
265829 113
257171 79
271452 154
275405 104
267587 54
276359 25
218477 26
283655 24
277915 61
257372 50
230112 26
208156 74
201191 26
231929 397
273628 370
206983 69
237012 79
266520 2
246489 67
208732 109
200594 35
210772 31
295410 33
221964 343
209104 93
245725 61
209810 52
232269 27
297040 14
207593 61
229228 49
226877 509
224390 46
261073 18
265462 245
263077 168
221907 144
261473 1
253415 61
271138 89
238290 86
280226 98
256909 231
291322 429
221825 89
212683 32
233457 84
212074 689
263632 48
290088 96
261043 120
222710 74
257684 358
214754 77
210246 94
298705 22
209216 22
294815 1
226555 15
280362 111
215262 134
227178 690
200642 20
208765 49
235822 47
281582 227
253890 40
256007 17
270292 29
213529 61
200367 150
291475 24
239231 303
284515 35
272867 135
283425 93
284844 26
257520 64
265006 26
264100 62
215231 68
298871 17
237936 65
248310 31
279363 43
233673 55
267893 375
273891 89
229414 87
282977 95
228153 3
236709 389
275224 27
201640 95
251809 78
204462 7
278773 15
264125 45
261909 1
213906 97
244766 46
207988 53
238302 35
257994 11
256588 24
207407 20
295941 26
231389 61
226259 47
278189 77
233030 182
284329 47
272476 29
255723 260
276870 53
263004 24
238438 26
250913 64
280931 110
261427 28
294483 14
223263 298
232015 171
245699 18
287348 25
287551 32
275923 28
299434 26
236628 92
290989 59
268903 25
296723 157
212893 27
236671 13
241240 24
230243 24
248268 145
223024 56
286327 185
214356 28
299533 311
246404 66
205567 25
212143 90
226374 29
288255 57
290063 10
239406 65
284389 107
236814 32
231112 16
239468 172
263481 86
202042 49
246336 15
290655 23
258289 52
250060 62
228087 37
280751 20
218903 55
208144 15
239836 25
286129 1
275081 39
200095 85
278104 132
210476 59
243499 62
274251 192
296906 23
272710 478
211956 52
218351 208
266922 25
290431 99
236133 151
275219 62
284807 20
223797 125
228240 42
228989 238
272452 44
241549 74
280258 384
288125 24
257328 23
285348 27
297239 331
242997 3
245830 195
242873 173
251048 241
216886 37
239252 35
251661 49
207871 75
277569 1
209975 59
202115 44
258978 474
248603 47
266456 82
221747 154
200954 98
248052 289
284325 69
275071 212
210788 72
223773 42
205663 132
231406 128
272803 156
261704 64
219840 2
287708 53
268405 41
279818 23
201962 101
208878 66
258580 69
247180 75
223920 3
297558 164
283363 49
261200 62
291704 46
273544 26
243985 54
263151 33
245178 52
297077 31
202625 35
285457 144
252576 2
271254 50
243575 21
279144 1
212388 70
251108 23
229511 25
237640 1
237770 33
293041 261
202357 56
279157 164
233154 578
229783 92
221292 29
251958 15
251654 423
288659 24
271730 314
206565 21
243138 78
271601 67
230231 59
219534 27
272744 54
293721 1453
257497 46
225429 26
263213 1500
250313 345
286824 2
247072 28
273864 27
212542 27
261603 164
224645 32
254149 281
251790 312
277439 1
286881 20
262861 254
295855 31
228720 137
213267 2
205383 740
263900 23
282225 1
230590 121
274168 20
294955 24
273194 45
280908 65
239827 149
260314 37
290848 137
285644 52
244854 23
235007 79
270079 50
286521 54
274475 26
219551 17
205660 67
271143 18
241755 2
244052 57
295935 292
286774 24
287684 54
295827 21
291405 25
270219 25
209766 37
282011 22
258667 338
201453 2
207599 1014
292269 122
207821 232
258001 226
258834 46
224045 173
203781 203
297504 25
299267 475
236888 49
278452 1
267366 41
288129 1
207127 25
202332 8
224937 111
224873 49
213193 12
250116 30
263028 189
287983 116
268442 4
257399 712
271957 46
236056 48
292996 1
225807 28
283168 72
214157 22
275258 102
262222 301
287598 39
228977 28
269482 202
227969 19
257324 757
288883 23
298600 28
211496 27
245014 63
245901 16
274678 22
231909 1
218105 47
250364 667
228851 2
232341 165
290712 641
259597 91
241764 177
255087 39
230920 243
258130 323
285381 75
205116 25
272694 594
203143 1216
252984 110
217033 59
289678 34
277919 30
298466 76
271425 116
274077 96
210663 700
294644 68
222212 26
272144 27
280834 67
244641 36
278482 36
246159 25
237441 61
217679 85
202937 17
257423 18
244529 49
293190 1
218645 40
215498 66
282822 179
218699 11
263681 30
213648 88
234603 20
261259 101
235886 67
278134 28
212123 620
283292 46
271881 51
247554 18
245140 79
250972 124
286071 44
289453 115
261545 46
279953 27
237090 48
264696 24
243446 41
224380 111
266707 46
280337 360
200708 51
283744 23
237542 148
239099 98
248060 21
260567 84
280321 279
215423 122
244594 167
292362 27
286077 542
211138 160
250423 24
267917 314
284523 28
227282 187
284548 46
256649 764
255321 48
266205 34
245628 123
247125 68
219573 44
252980 209
222753 51
229006 677
230858 903
222633 1172
280293 1
241053 73
237211 23
229224 69
211828 34
259549 15
266788 256
209932 17
282674 85
237141 25
257668 136
266607 196
249849 97
201708 68
276017 69
298283 24
295343 16
290132 51
223615 41
231525 79
223616 64
203061 138
220071 1
293235 73
209018 331
288447 40
245285 136
203861 238
210492 44
271204 25
291167 7
265208 30
226201 13
292215 50
245085 38
260159 38
216246 17
240977 234
268841 52
200982 109
287062 51
279409 25
288202 18
235554 859
264441 180
253297 53
247336 37
268424 1
290131 29
240864 76
268492 804
252392 341
212530 176
234801 74
276651 31
233872 170
283991 41
272903 19
267481 41
236175 120
257669 88
216491 90
272567 102
290945 69
206973 85
270917 91
275719 21
246345 50
261481 397
249287 63
283354 174
277710 270
248164 63
271398 40
287231 10
239535 19
299411 71
291194 20
246504 46
219296 252
245316 24
215296 52
232180 45
276226 7
253244 27
202787 42
207351 23
224032 21
274266 36
294111 79
276499 471
293175 51
285927 375
271180 26
239773 48
218525 156
200231 122
299499 56
243493 42
219073 34
239522 20
210956 29
228632 141
288199 29
276076 92
228148 22
213450 534
231940 54
285880 23
269414 374
252315 47
200030 146
284177 1
259593 111
270690 17
248994 33
218949 1029
232856 83
269620 92
212082 26
234306 68
206745 25
271450 120
279620 58
226751 85
227372 48
293622 66
270962 135
216326 29
226471 49
201371 131
252460 1
256856 157
254325 99
203501 240
230840 49
244429 695
295754 202
218444 18
227431 29
245963 363
257302 20
238961 154
280023 357
274082 19
211414 182
293136 43
271437 26
293657 50
299067 27
208169 76
260797 39
228946 110
213851 43
298103 61
261651 41
295642 355
242045 242
275543 302
292580 34
270580 51
262541 32
255311 27
278324 48
214244 829
279963 677
222116 63
240920 304
232537 32
274674 74
274666 264
214956 200
207672 293
201964 141
200663 3
263775 64
288499 26
283624 50
208889 350
214742 26
259865 22
295998 25
200910 16
214816 26
220167 218
253567 43
295319 150
202224 23
290828 1
275420 29
244414 44
247371 102
229729 101
275756 49
213251 24
290287 22
209919 45
221870 18
220265 161
204955 58
274927 2
201838 116
243063 10
292563 2672
207270 143
203004 70
229834 1
268769 117
261114 48
207721 36
213491 64
234857 153
240974 234
277290 70
220195 26
259566 70
212232 26
238564 18
295133 320
220012 54
204049 89
264779 45
247442 124
267704 1
265619 13
262813 9
278131 63
291888 32
283918 24
232414 112
291411 75
231250 25
256884 77
288519 33
264933 1
200099 49
295033 21
232083 1
274016 42
285843 2
278196 31
213606 19
229676 65
208348 25
208821 40
259479 1
218218 236
264888 45
201432 48
223600 62
295804 244
248195 41
295139 111
232263 492
270570 144
200748 22
253891 56
258419 1
298343 22
228160 349
297386 16
289077 85
215977 45
232655 129
231050 5
267031 36
262276 1
222997 32
284680 126
201727 25
268767 28
274107 202
244640 40
201535 146
290329 154
236119 29
203467 23
270821 220
207020 355
298082 35
238089 885
205480 27
204703 645
243693 16
240126 152
263216 34
260367 306
258410 106
233394 153
257951 100
271120 132
261636 28
213500 16
265629 61
208706 131
226492 199
253456 3
282248 409
286895 568
247120 121
274754 74
232059 52
236719 192
204491 34
275968 54
259804 30
211403 220
248476 380
290780 98
277482 48
201803 77
207803 1
287336 36
293617 1
260382 77
270946 24
228098 121
279486 44
220551 671
250219 51
243998 65
290128 36
225692 59
294845 90
255887 125
207831 71
273311 73
271991 71
243806 37
283250 18
268035 314
213106 36
288162 36
240312 403
236249 25
282205 72
210780 564
242791 18
225626 28
241021 30
205535 175
264365 2
281812 136
287271 22
208602 93
201907 1
255314 1050
255641 149
229347 34
225260 195
206050 174
277381 1
266621 118
289859 20
279613 2
293070 116
229144 54
287010 188
226433 77
249974 1
284344 103
213682 3
245965 22
227536 43
293749 1
289746 162
201281 33
232526 26
288413 53
212024 33
262878 33
283291 95
227768 23
201737 51
268744 49
293713 43
223417 16
217377 52
249389 51
249556 86
203205 90
296309 97
268936 32
257796 29
249314 39
248635 96
228538 46
228285 129
247647 33
239828 93
291768 47
238122 233
238507 17
256472 47
244173 53
287032 36
243727 49
207822 19
296681 36
290332 42
233293 318
237603 16
205235 244
262365 1398
277845 50
243483 24
272084 21
278082 26
235265 20
230855 28
211702 114
263295 30
222755 30
214671 64
277998 35
245357 54
276865 273
299167 52
251927 62
223889 289
204084 48
238832 45
217711 103
240447 52
292032 28
246123 35
229024 9
205094 421
220352 61
298339 17
266893 228
259595 46
286141 245
223051 67
276999 33
229345 20
281005 36
235156 35
290200 54
260251 35
207981 191
242292 125
215909 48
214391 26
218050 123
247833 43
295611 22
294788 35
236875 42
208298 413
251374 270
282968 45
272158 34
264251 1
220781 79
218735 23
229186 19
221648 13
223567 26
281889 38
224966 48
214230 179
216560 28
299469 122
279772 2466
292941 148
278027 46
216734 26
268215 21
252503 24
265382 24
236904 122
219496 32
202710 2
263997 22
293970 4
279888 78
212894 22
225027 195
218998 127
239910 264
280666 29
275199 87
263480 26
211763 25
247131 44
255561 109
257431 32
278795 70
247230 46
251884 2
220800 73
274362 108
219681 61
289494 462
263893 29
293776 29
267181 18
275724 41
252772 51
238188 39
236731 85
234497 22
219124 124
294169 59
260063 36
246481 2
220831 190
274256 1289
216125 8
204243 146
280670 16
271123 42
246906 169
238678 49
229232 125
298031 170
296445 2
294592 30
270265 139
259755 1
281275 64
270622 283
269579 30
250962 47
275653 110
289357 264
239356 90
286621 43
255807 107
299502 24
297389 35
216339 941
204400 51
223257 191
230554 3
215347 70
247857 2
295210 135
275365 21
292675 722
225553 54
280385 27
277557 24
246405 41
261871 26
299810 25
240525 114
208287 53
226633 657
207731 111
242916 26
298892 39
279608 38
297287 33
292224 27
268551 32
296633 5
253729 40
299494 55
225758 74
215731 37
259575 33
220060 201
276725 51
245384 50
291046 71
286612 42
285940 118
204332 45
212201 85
281263 123
275066 19
230745 153
226673 52
240989 108
262529 660
289379 32
250047 1
295670 97
214655 191
272820 271
217625 26
202903 8
277854 31
210414 68
294394 66
217556 69
242436 24
233835 22
244371 50
295663 65
255878 42
202995 128
227443 37
221216 59
251068 49
274278 24
269174 50
290058 56
261880 103
277625 19
242047 50
220814 18
238907 216
215202 202
216027 82
239588 53
201291 58
297576 18
267947 115
205835 54
271061 21
219476 33
220005 10
270590 41
204410 96
234304 20
233185 335
246982 29
262412 1
209328 36
201762 94
243149 71
255787 50
227716 455
216968 43
218783 2
263772 60
243872 132
255207 36
289136 120
240505 53
222651 74
259636 22
294856 25
276794 14
266349 7
205513 25
272449 103
237526 23
249891 41
215014 2
268186 256
244092 30
217538 597
203457 1
208306 26
209965 1
200038 24
299091 35
208677 7
270355 7
294030 712
275418 156
236402 181
261262 36
269481 49
208234 23
272932 1
288155 44
253072 18
253938 49
210308 51
261970 74
221661 31
204609 21
206496 38
266665 31
256221 13
254015 118
257537 676
249161 48
259277 33
210299 208
269011 163
212461 29
217208 21
290921 83
296200 28
241862 60
290665 36
240190 75
201893 23
266628 328
205688 89
222235 48
254201 41
264003 188
217505 34
238347 9
262121 21
291711 23
262318 100
279822 137
271726 64
244456 107
232213 25
237404 38
229669 22
291835 1
279385 20
277246 152
284906 197
275201 78
220021 63
288704 32
233328 35
246129 77
250986 71
298336 20
297596 47
216018 48
250235 1
266493 17
247707 27
212208 59
214667 19
281236 154
209246 146
201739 45
218416 486
209368 37
260510 95
220569 92
257222 25
204340 19
215185 45
248417 35
244797 27
229694 1734
233425 78
210012 105
234244 93
250832 154
273476 25
243511 113
266087 20
255979 83
275261 24
260498 19
204773 132
268993 22
257523 4
263520 305
238823 30
231131 53
211434 18
296090 71
243653 3
257457 27
229663 2
263922 41
203830 1
223038 37
206153 24
208374 23
206466 101
244138 23
248625 349
220222 447
294585 25
232255 70
232522 28
268214 24
264378 589
210514 34
237838 1094
225285 60
279091 32
268954 78
251745 22
295420 79
288008 195
274350 23
207191 312
222283 1
294024 25
212105 32
240352 272
257356 47
296926 39
227592 16
212885 39
226257 74
231733 202
264628 421
239063 102
293529 22
219677 57
274201 85
222909 36
223938 6
219714 69
260299 217
265574 38
292543 27
283146 3
240690 38
283668 260
285784 193
229695 46
248271 190
267026 52
269684 86
275799 103
201265 46
284015 102
219305 21
276232 18
293953 23
262610 1
219286 28
243271 51
248219 18
204810 25
266502 295
208216 80
295738 89
200991 73
275736 175
222915 89
269836 59
221238 110
272366 43
221639 19
207812 50
283632 2
230167 22
270494 79
293616 2
203027 99
267172 806
254442 220
213885 228
284943 24
206876 103
282123 77
203620 1
263359 206
255989 26
218144 98
274526 47
280583 31
200613 164
261717 44
290393 63
297785 90
236463 30
240180 93
201630 15
249908 95
251439 15
284142 189
201976 61
207989 1
287161 95
278946 88
247548 27
269712 56
230697 46
290912 84
242271 22
266993 94
242710 26
204732 75
237242 25
245919 130
215799 20
239843 75
279021 646
299182 299
267724 18
298606 144
217503 48
286078 19
273727 73
255003 45
268242 484
242757 214
205899 67
270331 76
237095 303
276848 142
238622 460
240723 28
260801 37
242406 37
267022 930
236437 244
292102 42
236658 25
264952 2
217582 34
284601 20
293969 68
216228 29
286335 71
282350 271
273991 45
297026 17
284927 76
211465 44
295076 76
251511 139
256260 250
299988 473
288863 53
242637 26
237226 23
244773 222
258011 47
224794 77
258149 119
253693 193
264106 63
233918 39
275845 218
258904 170
273359 4
297838 1
201819 26
214726 65
286398 3
239460 43
214861 40
285810 33
226970 143
223073 64
296493 22
270068 92
201741 408
240712 59
290998 44
278526 90
245414 106
210754 22
233810 473
241628 254
240286 93
228846 3
299720 1
273623 43
203987 49
240086 214
212840 270
230453 26
219210 201
267093 2
203487 79
280932 2
241558 42
282380 159
241048 111
294316 18
258669 205
255867 98
291665 227
288188 53
270157 46
216024 7
229112 41
287054 61
224923 54
200342 357
279165 73
277901 3
297622 22
248993 282
292383 44
233263 1
262696 95
297759 50
276423 56
284485 1
237390 34
232684 181
212778 18
255822 57
200983 78
271072 60
210207 223
275890 64
241711 21
200121 3
214810 353
289592 29
289298 45
272110 231
237367 31
255097 145
208998 23
233084 79
201296 104
276843 22
238120 1
223246 33
239995 15
274847 43
210824 38
251521 29
246534 63
276611 9
203629 138
203065 34
287615 2
204260 97
218677 24
257350 39
205121 43
219147 29
278245 1
269033 41
257000 363
216643 116
227267 238
267786 140
217193 39
226811 42
224167 18
204695 118
295636 40
204007 73
219256 218
200687 2
288190 53
254681 1
211204 25
209466 171
289588 19
243400 23
217292 47
215258 19
213633 4
214560 332
217675 103
201665 94
237438 26
290855 258
277558 147
252878 37
201164 23
260891 26
228889 4
238794 108
246533 306
225166 33
288911 318
231687 60
282949 44
201173 18
262409 80
274535 48
247606 23
204605 94
202493 45
219045 25
209162 71
273495 70
297661 2
239796 33
280545 58
234744 28
259299 106
225951 586
272689 34
234589 34
279645 24
248480 72
279847 148
225126 90
219499 81
285284 48
227450 64
284826 64
270829 52
224132 54
212249 236
219605 48
272825 2
208801 280
295244 43
280286 38
219848 39
256207 64
226824 201
257549 55
203145 30
247912 64
203015 235
233574 13
243714 75
200098 102
236176 147
256179 139
237598 26
252396 20
235814 534
202535 127
239583 96
260427 79
232787 41
283899 143
234579 230
255900 159
240479 25
287220 26
214323 45
201983 38
206940 48
262790 34
205106 16
292740 30
297707 36
261179 1
259213 313
272544 51
241122 124
213762 21
255290 64
280168 350
296374 125
227401 75
292616 14
214442 336
227918 24
286061 61
229799 1
201056 36
255806 88
292804 41
288301 36
228465 58
284028 97
293922 51
269635 48
268886 34
218289 127
292931 4
283240 27
273494 97
223132 71
294852 146
202818 50
261445 225
296775 43
204051 45
202318 14
242396 29
283062 36
216829 27
279523 71
271091 51
200961 25
291666 29
290991 112
291162 46
297994 18
256006 28
229572 44
272546 109
206808 4
205980 38
294756 3
286748 114
223780 22
208956 50
272174 95
275911 331
227978 23
253296 136
247177 96
232563 1579
232439 6
220677 343
270819 31
200230 344
210360 35
289784 1105
276027 249
275832 106
287135 236
268655 19
226565 70
291831 56
287517 62
240357 11
242531 88
275586 46
246999 257
219864 174
210691 21
260563 134
206783 49
204060 74
223406 56
223656 54
211685 53
282733 84
200248 1
238576 27
288634 70
217235 92
225266 868
240020 90
268444 746
266410 127
234789 42
253278 81
264955 121
278469 75
272052 20
255182 141
204259 32
282319 122
234031 1
210804 530
294376 34
218306 88
290047 51
251348 2032
294659 89
281524 47
260910 31
214132 42
210460 466
248383 121
274787 101
274121 484
253808 25
262383 16
235373 67
296510 29
277816 16
246138 120
261280 1
254476 108
219685 27
267531 594
203872 34
296160 21
261022 147
243472 20
290798 10
263819 83
207492 46
231590 39
200046 2057
260338 175
233176 12
242500 81
290942 40
204112 50
248669 1
215030 44
226806 88
299445 697
211313 321
235820 30
295471 402
224254 27
280744 23
285476 50
279856 421
201523 123
251400 175
253314 48
232280 22
253350 52
292522 47
213567 41
203999 53
289514 471
230005 41
293570 215
245708 181
255148 55
274748 44
284417 44
225185 245
231672 60
292381 53
245055 19
265720 25
265026 396
217090 151
215195 46
246698 54
285210 1
283377 105
202825 2
237221 26
272269 43
216423 413
222841 85
286681 43
284935 322
264561 227
233765 20
243235 19
221274 23
207839 30
283341 31
233272 3
210056 110
225948 180
299704 18
211096 23
250600 24
277940 65
218091 32
268098 32
233730 97
277879 39
201116 106
237196 18
258811 166
241910 36
235873 78
216566 1
227901 450
216618 30
201956 48
214619 276
272610 26
262945 42
226791 20
264742 151
248970 54
209300 111
232307 20
278893 145
280618 23
266073 14
264995 50
299227 21
215698 144
275497 36
227448 70
207486 66
222689 1916
237160 109
253640 81
284890 58
231698 26
250007 120
265353 207
288283 17
277152 27
293982 322
208390 42
293907 134
257913 150
219757 32
203881 30
221896 49
262084 36
241556 85
221612 43
224993 184
264853 31
287236 80
261152 47
225447 20
245167 54
248658 24
285642 168
228017 42
239704 103
278186 569
285771 339
261727 127
283573 70
245049 69
238453 51
279689 25
217840 31
267711 69
202920 18
245171 61
266387 21
256023 130
239137 31
279538 36
263015 137
287095 72
277841 43
286656 92
263010 76
202722 25
227092 27
288122 146
227556 24
285831 33
245454 52
251043 53
297184 186
242004 22
264597 57
251841 53
290958 140
212226 72
251730 74
245029 34
276274 84
206625 4
272309 42
225287 41
265419 331
231948 67
210273 39
229245 116
266098 49
239628 336
231754 778
280629 20
210318 37
244489 27
254162 2
262690 14
237025 958
204093 50
209248 843
262139 30
292564 118
293352 30
249484 45
231004 93
251295 222
276330 75
256844 25
269967 138
258235 25
238141 274
286264 26
264951 37
295698 295
245035 56
266962 38
270244 29
291152 24
275029 123
258086 24
276929 57
234441 40
275671 36
263300 21
213581 146
238924 41
236789 25
268199 45
263068 41
217058 37
279135 23
288282 72
225864 40
294348 328
271742 183
248690 419
234952 73
265466 280
261295 24
259035 565
292852 16
215300 49
249094 57
205708 28
256750 458
268161 47
297426 1
225076 64
242206 25
275475 253
214016 19
229574 48
280393 852
297656 51
201146 1
276003 108
241198 164
233814 86
238949 50
259910 68
244044 1
209637 37
294400 55
278048 38
236744 26
297726 10
211001 45
271485 151
259027 183
251196 46
292006 92
219150 29
270258 2
209242 24
217543 169
286409 138
262733 54
246291 145
200863 106
290633 66
214180 47
259538 43
215145 80
299444 58
204198 17
209452 59
266898 30
208885 49
283516 78
247056 49
237774 86
265397 564
267323 32
241127 345
236897 47
290418 116
246069 28
270681 137
277109 10
237140 1903
288612 32
239257 65
216461 93
227850 67
239553 630
204265 35
223628 101
222095 71
279396 92
202466 44
248521 120
292462 51
249665 132
285888 1
263435 43
256383 51
253209 46
257868 126
256022 25
242465 114
241674 262
251923 3
253919 1814
247849 44
283595 150
281307 29
247088 26
207857 422
212182 79
254698 25
222507 34
292542 1
245733 239
296921 47
224824 552
274921 51
279800 1667
206067 72
269230 41
280157 76
247466 35
227591 169
252201 30
233431 33
298873 29
246974 87
236618 86
283803 52
296010 748
263985 76
228050 17
243801 332
245102 39
228837 168
282023 111
264142 169
228598 1
242748 25
252448 201
287614 37
294360 80
243807 1
274469 233
273053 56
289426 53
265623 126
268604 24
275583 62
231340 34
297966 18
242824 69
245168 29
245138 8
272889 50
250188 265
201372 32
249725 74
203870 34
200302 351
298184 48
237804 212
246784 589
206237 96
242724 35
256914 280
226035 20
282354 3
228974 16
278521 13
203964 20
262802 42
254112 24
287744 86
231247 202
282727 20
240276 401
235887 39
244853 41
251901 275
271859 1
238818 37
243684 70
284283 20
252306 78
224169 92
260354 32
281368 21
226213 73
231111 518
203345 2
216011 238
241630 81
287040 72
252578 18
256504 29
226085 23
205291 29
274302 143
206233 392
229586 383
242419 49
217352 261
299807 64
224680 30
282465 45
293415 1
205853 45
222173 27
239560 131
225618 140
274791 28
286939 372
239954 41
268200 3
284098 22
293638 42
280386 50
250030 1
238665 38
236436 19
210041 255
299187 110
250942 2
299544 32
211571 21
232509 26
202921 43
291985 215
293886 1
268188 8
241196 29
291576 59
218428 101
213385 20
214336 123
227742 142
211959 67
275105 46
297503 1
239931 104
298715 159
248412 93
269222 451
257960 176
297378 21
255702 24
297102 808
288254 97
226626 30
270014 76
213752 31
206431 195
251850 688
260859 12
246293 22
273578 46
253375 44
237924 25
289199 59
206870 2
253489 199
298806 42
237728 51
239122 139
239141 26
258516 114
216147 75
265367 53
295957 60
231651 283
298411 579
280639 1
216471 20
222015 17
299569 76
299828 39
205414 55
269670 24
232496 21
292767 105
212285 216
289024 994
296787 64
217644 35
294515 130
278461 56
250570 16
238666 1
236287 2
293856 40
267401 21
299062 35
247400 205
255488 174
243671 51
283894 18
293151 88
248152 739
280509 35
242504 187
273401 20
246210 25
290185 191
274044 70
205867 39
252663 96
248923 201
245453 283
274800 30
280237 57
210190 44
218343 15
205351 35
232201 38
260767 1
299246 20
255383 493
226906 27
243286 27
269547 41
242022 101
230187 110
247920 26
261149 52
251940 33
235209 130
290965 24
221235 23
202838 31
236399 86
242680 17
268133 97
280190 58
279432 22
206349 22
237297 62
225710 515
275491 22
227349 144
211912 25
230652 57
285579 27
205308 71
291541 32
217081 28
200338 31
297933 21
281949 26
214296 41
281002 62
204570 114
299144 767
287072 41
238575 86
281779 46
215276 195
223540 19
272310 13
274202 49
232822 26
289680 32
277794 130
299373 30
248986 39
221748 75
241139 26
231795 110
259615 87
212331 96
251071 19
298686 26
213090 53
289435 170
241938 20
251221 25
230449 18
299036 55
295493 48
238031 34
209386 32
262958 19
238277 69
259622 538
232258 7
287139 1
209516 25
292936 405
259176 26
292745 21
238544 147
229713 274
268138 47
216134 585
289975 838
288551 26
239851 74
239997 7
267459 100
273100 41
232077 37
233798 581
230893 35
280858 16
260966 3
265780 2
263326 64
241974 349
264437 1
238226 88
228708 42
217198 193
296992 41
281557 222
251074 175
237008 26
299593 24
239963 21
222679 20
241223 849
288604 1
255036 28
221234 2
294144 261
275579 142
289339 33
209849 2
284582 25
280800 19
277450 98
252541 164
290807 33
223391 68
240941 53
278185 26
297551 49
249711 1
276117 67
221763 48
250915 112
232321 332
251483 48
255943 132
294146 49
247637 21
285032 38
277268 30
282065 1
245353 27
253934 103
201020 66
272009 41
208041 40
289567 1
202151 43
279213 102
296837 43
277917 6
223481 46
212951 53
224079 115
297261 48
217866 15
211330 128
278516 43
235136 255
292446 97
203979 769
253556 20
238645 130
273813 51
230188 25
281161 110
248475 41
227296 5
267003 414
265602 57
290398 48
290365 283
251558 127
222481 33
286852 135
220445 71
240792 117
260568 45
273639 30
276190 33
261515 74
286458 132
215190 15
268747 62
297886 18
254506 115
255397 172
206312 38
270407 16
290024 31
219673 66
212817 28
244425 20
209391 58
211395 34
262406 454
276488 43
255984 104
296922 73
233788 11
288338 38
204949 153
250587 99
229740 35
269537 38
241247 33
258623 54
277767 92
258117 23
258021 177
236250 24
210284 140
290385 1147
275270 1756
212635 169
217277 54
254775 26
289836 3
266953 3
267095 44
282673 377
279968 67
249832 1
261362 132
295250 13
276829 50
281701 27
279945 62
254115 119
291770 191
206111 90
286489 38
203248 37
204858 30
221629 35
264257 79
205174 9
246680 19
250314 65
218177 25
287523 95
253618 24
232936 251
268099 332
286056 43
262981 269
204293 45
288314 89
225062 27
293608 1
259017 185
254107 254
210857 26
246248 177
271455 52
248549 109
273758 55
256229 29
200452 72
258206 234
207750 45
284770 22
205828 173
281968 29
253972 46
232352 66
270418 148
267836 158
273178 57
240996 1746
233956 64
273770 13
237057 173
269298 137
217047 37
263437 209
204042 79
286977 25
256172 147
286165 46
218497 6
275791 17
240609 26
240536 52
216166 463
297209 142
240396 6
253448 18
207426 42
225415 332
202698 24
204040 49
203011 162
259967 24
252612 94
255620 48
204408 53
228383 25
266600 69
232528 90
277166 64
210753 89
242915 10
270613 45
224483 191
264205 28
264929 40
292940 911
263801 67
286555 26
203074 38
227399 1
250380 22
261806 137
288220 49
261136 102
225921 5
249571 354
280986 29
208933 33
221705 174
278305 21
207141 122
213116 64
214173 150
294156 33
223451 34
271166 250
225354 65
280867 54
288107 15
245292 212
206422 31
250083 3
214010 47
221844 25
290748 69
272837 93
223206 743
211871 21
206252 101
271430 129
241591 122
241398 23
251627 54
275641 62
223405 65
239503 327
269356 464
281674 74
278578 129
285941 25
239132 29
290445 55
281528 115
273656 29
209399 496
268524 36
231255 1147
262522 30
226916 132
238869 23
261620 167
211428 28
238182 21
236063 233
268264 25
290288 102
286713 39
233725 671
230980 52
281621 2076
250562 20
217163 43
269334 20
296615 28
284318 42
258054 262
296452 26
222400 232
218547 725
203593 86
222721 19
211186 72
278857 102
226426 2
223790 84
211375 15
248810 43
243873 72
297003 24
233653 17
235377 58
270896 43
200747 45
284278 29
204956 104
213674 1339
260616 117
278109 21
234688 23
299881 25
267449 1
299714 30
290669 43
267456 124
219823 154
204477 27
220612 195
209087 51
286321 42
230277 119
223877 218
269431 23
279910 60
207700 81
200728 47
207015 123
211016 53
245093 148
299118 45
260192 94
238623 83
247952 149
219181 43
258947 51
283996 2
218716 13
210613 17
242614 23
217937 69
257970 1
249473 43
246601 68
209139 99
262731 92
230915 489
233902 526
217730 51
259828 37
223064 40
221027 39
235541 198
253774 615
205375 501
284244 107
284718 24
290746 158
217040 22
293822 52
297277 134
203099 44
265668 62
292051 2
239555 164
235055 73
247914 73
206746 38
241024 25
270700 131
260016 1295
292135 119
276879 2139
285781 46
273566 74
253971 38
269387 1438
210233 22
245415 23
291106 35
236087 19
280314 123
249790 36
297140 17
201034 57
235556 18
209296 148
222144 47
223074 24
201054 77
227603 127
259860 180
235088 45
275906 209
200616 19
208898 55
259630 54
279009 46
272266 163
256645 33
239648 60
226901 137
206149 44
268029 193
211555 54
256606 42
274596 50
267182 71
216531 216
256573 25
202295 111
256646 40
239387 76
257445 288
276937 21
244356 58
275401 1
251972 25
206280 47
276301 30
219619 950
281654 86
208090 13
277861 2804
210577 11
230666 43
236206 33
298288 25
219144 73
244029 301
230160 50
206449 117
238760 265
281470 77
233784 75
252690 286
283544 26
229206 25
244061 78
226591 19
254310 20
258399 49
207318 26
283875 46
278347 4
260238 71
224803 91
257072 34
297625 50
244133 17
238001 22
209205 53
255736 29
206960 67
233619 31
277729 29
250280 16
205399 88
263602 88
280074 122
294897 28
282151 302
265418 30
260937 22
271047 69
227081 561
287942 41
218847 22
226682 55
285834 71
250329 18
270066 14
288765 27
206546 6
297849 54
215708 15
260337 35
297887 71
282270 50
205083 89
217589 317
269358 65
245159 19
240887 37
280995 452
204052 103
270212 21
232740 8
275062 3
254981 156
289124 77
205996 125
267816 47
205404 16
200786 18
259715 40
214286 64
200392 25
281404 552
272943 39
264688 1
296021 51
282239 664
295500 82
239309 41
228924 113
245680 137
267228 31
220592 27
208686 1
259809 22
266154 33
213595 41
230428 140
292458 28
276344 19
280158 25
229687 287
217808 49
231239 65
238276 82
276838 29
249539 23
287757 66
225970 113
276248 17
296558 43
256490 35
238824 42
254391 806
291668 93
270228 551
233547 9
234755 118
285498 45
217557 290
205632 23
233964 47
207229 23
236519 54
293766 23
263317 71
293270 27
211271 180
290219 34
226519 79
274027 27
220147 20
246763 68
231358 31
236247 49
214281 46
224458 52
200361 27
275517 66
286496 2
253715 95
209578 58
247751 17
246196 56
228091 420
228283 485
226437 66
268822 41
295112 49
204626 559
220514 32
201715 207
245282 36
219934 14
298834 33
246538 26
217834 32
243856 180
230383 1
237998 1
281449 64
281242 5
290501 42
203013 91
229776 16
232446 21
236864 45
218511 47
275797 1
282628 143
294931 22
215026 45
241063 912
297286 1
202467 66
239169 121
243452 28
296023 70
227263 32
264553 109
258224 130
203941 25
253525 28
297230 72
226542 43
225695 237
271915 67
203359 157
289657 83
285541 338
288895 17
218959 23
220825 81
252104 172
234587 27
204352 53
243952 24
244905 31
238054 23
268790 3
257663 154
217845 674
286898 51
284897 19
251390 28
257477 25
254193 60
283860 909
206470 2
229192 28
256925 340
285844 35
254918 26
285633 2
267156 458
246871 53
242974 190
265240 176
240097 123
296791 115
234081 117
219381 120
209056 129
218870 36
263669 100
296560 1002
274523 765
214610 44
248593 140
200909 87
206861 44
215993 20
242323 172
237992 93
233972 22
260318 678
271069 26
218999 45
208752 27
218695 22
230416 39
271145 63
290845 112
213790 22
228556 30
235806 526
224467 29
264184 24
252308 90
267240 15
274960 52
214045 44
262979 31
251150 21
256273 39
222824 17
265049 62
202909 18
213823 3
238495 17
267388 26
236637 75
299999 25
258414 223
215101 130
246617 87
277913 20
229761 548
288273 43
203511 173
229109 117
221782 691
289062 15
288853 105
209864 47
284462 105
209884 90
231925 46
253410 43
221869 314
213142 118
242161 285
299308 25
250385 45
264104 255
298360 26
237021 19
243973 58
245114 41
231999 33
297530 392
244361 3
250120 29
226476 18
226722 1
276734 59
211300 50
253163 24
207399 28
203113 20
222381 281
202444 34
237416 3
226788 2
210603 22
209881 78
221127 77
292327 163
232728 20
264192 2
249889 209
210354 45
268657 677
281266 354
291922 62
237920 376
257565 13
275079 23
270990 27
298962 83
275412 51
207630 37
281127 49
292026 201
242320 1
279173 57
258002 45
213800 68
215282 820
256459 28
273670 30
251826 22
212318 21
296674 58
225506 1
254231 42
250332 27
280693 39
222338 120
231740 37
252219 29
200773 98
262918 26
294937 262
242363 1
278990 173
264002 94
247974 22
280826 162
262069 119
298296 29
278919 141
275465 36
278555 392
208806 26
267680 495
263210 107
293362 46
270389 38
293191 29
217038 25
228238 46
261944 190
287490 27
232800 56
227515 51
230909 74
229980 15
223804 51
223706 141
287177 16
268261 28
294488 6
264624 13
280544 43
268811 727
239952 33
264715 43
273049 15
247638 99
227156 140
289109 104
229260 38
222792 19
234586 121
206995 120
230861 53
239120 17
241203 39
220790 348
204710 31
279381 1
244707 23
283258 28
252808 179
202017 42
265269 77
289512 79
247945 98
283489 41
283108 1
283049 58
264842 84
250045 73
254917 33
228201 17
294481 51
293976 48
233416 42
235615 182
242190 55
244019 55
269741 20
255154 190
275328 53
229184 259
238074 42
235668 44
218334 257
263868 103
297984 19
280636 191
263273 218
226141 54
291566 18
237862 57
282844 77
228387 463
209580 56
262343 606
270489 224
237937 334
298953 45
216511 31
221388 446
230459 18
270458 2
299707 52
256422 40
249191 24
249190 36
215189 148
225851 83
211657 80
272250 2
296655 74
292729 1
262371 1
290753 25
227367 164
271215 51
252362 192
250325 25
209753 23
248190 53
231384 1084
246671 436
276066 47
257512 48
292787 17
292336 3
227482 46
228528 17
281547 2
261568 172
259285 29
215534 23
275448 30
246223 38
279423 25
280608 232
240059 59
238061 305
298779 644
203810 35
210711 298
216200 59
247020 44
239661 13
201988 65
279853 27
204409 27
276860 61
211103 49
226976 28
299191 16
289489 30
224820 32
290323 21
234490 114
213338 43
245072 140
200161 24
252269 95
281580 52
234394 69
291546 56
274975 75
273649 49
216790 1
270075 14
204661 26
259570 57
206909 258
293761 41
232911 204
295662 66
235740 108
281786 138
254585 21
292192 36
238378 26
289789 127
287455 56
260230 86
253515 175
221191 206
297369 67
256340 44
272556 490
209068 73
225021 68
219984 142
205227 41
261553 14
287852 99
284410 178
267621 19
237690 131
237985 363
216864 50
258622 43
223326 43
201315 30
283511 17
278481 26
217201 20
267980 46
270325 60
211890 131
270148 103
218182 23
224286 11
259494 40
299734 38
259343 2557
294039 345
272947 45
268536 40
217286 25
206512 118
219387 29
281666 40
210347 22
227580 77
215246 38
249337 294
244947 14
246200 56
289182 125
284395 96
219779 44
257095 7
261109 68
221854 355
273332 98
257267 27
224592 18
247635 41
227785 13
278455 31
293502 24
282963 23
266813 160
223755 29
214661 19
289289 39
278588 27
215279 33
287160 28
229693 120
236266 31
237218 1
235829 1
254710 123
259870 30
259787 1
257798 92
251077 518
299862 26
252710 214
242008 70
216576 93
215831 168
252810 44
236576 22
249097 243
244855 56
254200 105
207819 853
245995 3
242427 3
200068 65
258408 79
265523 22
277673 36
236044 24
262746 24
208361 69
216842 60
202468 90
243991 46
254831 193
277344 1
200330 52
222729 492
248153 665
262449 8
253308 31
223123 2432
269341 24
208208 125
235563 75
225140 23
294874 51
248107 46
228996 169
297390 21
244709 237
231246 28
282776 35
215665 26
257785 40
200368 53
247362 389
264851 30
287316 25
235578 21
221510 427
215295 24
282820 20
220895 48
273013 69
206375 111
241645 129
243372 2
239820 29
226100 90
283995 90
236389 19
251326 55
275395 64
213916 500
266083 65
244238 423
298584 305
213375 19
203358 142
273831 123
262393 203
239020 189
203880 25
218631 62
224796 74
258830 80
243761 52
235445 168
263720 26
270433 43
243496 275
222576 17
237445 36
209683 20
295613 94
203931 291
221286 272
276388 1
256233 28
243876 79
245683 5
249855 206
252405 335
263308 28
208507 34
237443 23
240044 122
258660 161
225871 57
224874 21
202567 26
278322 73
250713 30
216357 620
228714 14
292392 46
249816 40
275947 26
265645 303
230569 31
205278 42
267217 28
269834 53
294155 1
278230 130
224958 43
277238 23
234758 19
295649 86
264525 25
274628 55
242855 29
227042 35
281659 273
203236 48
212142 447
255367 22
246697 24
248121 199
265880 31
272653 59
204708 64
253128 88
242773 121
273598 39
225836 13
243768 58
210314 79
230819 22
213722 117
203034 154
290988 56
213576 71
267639 52
299055 399
255316 1
265345 117
260790 1
252725 131
248761 95
251164 44
225190 62
293704 17
275083 63
238570 60
257162 1862
256010 103
268185 131
272702 1514
245098 260
234616 39
221247 92
201444 19
282784 77
222726 266
286425 113
238486 22
267757 46
277365 32
204149 22
232265 53
292133 146
263264 6
289619 54
222953 19
257507 75
205220 38
288205 45
256408 105
258528 36
240561 41
277206 37
295903 147
221890 131
281737 21
205312 38
221375 451
236657 90
212656 1
299238 24
273805 190
288320 24
252375 142
284106 33
205960 24
227590 46
283375 87
215118 148
211686 21
244787 343
225987 40
255425 2
285313 27
282221 291
206507 177
284962 74
230345 72
291807 21
266128 34
280183 959
281167 44
259772 87
216456 35
226412 29
268316 411
255189 101
251139 39
209122 34
276298 54
277640 85
287454 101
215527 26
214142 73
219323 154
213622 178
227995 52
289196 102
278275 130
267426 59
257365 151
284851 15
253975 71
249581 43
253101 319
298229 28
288065 21
204918 104
273973 60
252321 79
216494 70
275237 29
248661 58
294390 77
297033 49
283676 10
253785 48
223592 64
275271 67
272977 189
226920 108
266737 169
245332 43
233688 1
209829 67
299296 38
249558 268
279289 46
277842 54
204032 35
213502 24
223389 96
242428 68
283960 58
267367 101
207872 26
273135 58
226181 20
205276 26
241217 70
262458 1180
217383 3
203990 47
205872 63
265342 74
297354 89
210286 1605
245525 68
219425 23
262975 148
242063 32
234743 824
291090 34
228970 232
218166 268
236522 5
248092 197
203639 30
220721 101
261503 41
211603 82
256743 45
249416 48
281805 17
250827 13
232614 26
250420 14
260887 29
285695 98
295786 138
249445 2
212870 108
296913 198
256409 54
239521 242
217051 37
273921 33
237645 6
213274 49
212681 47
249041 16
284179 22
271600 48
298033 26
211518 66
295303 88
298222 119
236801 82
275706 71
201661 3
254641 29
262841 37
223726 24
222508 50
246414 22
296840 255
285109 109
203758 26
251499 2
290685 44
262532 115
273020 27
242340 95
246329 185
206075 69
254479 223
263367 22
267660 93
274460 15
297109 43
286084 28
299153 49
205187 30
286893 1
236653 49
207383 125
249942 141
235614 146
297388 115
212030 27
243920 26
222082 1402
281600 24
247704 67
219126 25
243943 64
271935 23
271509 67
252397 1
202253 472
273526 44
284636 25
223344 61
215412 264
223023 46
223076 32
280494 11
217614 108
259470 197
223298 90
277351 39
255814 323
239318 21
262453 22
255644 167
294660 49
265518 521
284401 176
204660 44
223097 38
227870 76
208122 16
205898 556
259894 66
228585 40
211808 20
234871 409
238793 125
275940 26
239461 468
262917 69
220272 133
233715 38
217883 21
258385 1
256764 96
255098 948
299956 654
201029 79
205557 29
291215 87
290281 96
242245 1
252495 24
231855 123
296506 97
262980 178
269102 18
259711 15
209238 23
295928 17
254111 33
290914 28
258207 10
292041 76
250588 83
289105 18
274845 128
275765 1
264163 80
263409 49
282041 41
272528 78
284839 118
285375 120
282943 51
253970 27
237476 9
239570 59
269028 17
261370 73
222472 21
229649 30
245046 32
234537 26
213141 2
229259 16
295057 47
296983 61
228272 60
257338 40
206231 25
278425 178
219843 96
264029 10
218521 100
252926 234
276448 30
283256 53
296644 826
251143 70
278236 22
231710 44
235871 962
273721 40
291628 371
252791 148
227577 115
266265 24
241876 43
241806 61
215612 19
226079 113
212919 23
241454 245
284976 81
206498 18
233177 75
243227 50
213034 56
293634 16
228007 503
256173 119
250533 28
278654 20
211145 25
267502 26
222090 111
236587 115
219044 312
207904 70
222769 1
219585 109
255533 157
229368 74
209101 45
209493 41
238358 29
232061 31
256297 33
293289 144
282280 62
202828 86
214728 1
286750 30
239701 411
227411 39
250367 22
223865 48
244965 26
218817 10
226199 20
284203 24
203665 66
239807 48
216809 92
213787 37
297331 20
209132 49
293109 212
238750 4
295703 2
278571 384
279510 36
225395 47
216633 94
225580 307
259943 16
240406 73
211017 58
242259 83
268980 44
285002 77
244261 1
259721 101
240353 32
221682 24
208022 102
236219 27
202038 939
209400 30
252161 48
237697 61
212040 33
218163 164
275785 48
297373 34
290479 237
268399 52
291878 18
287353 30
249253 1600
281937 4
268701 24
248202 33
273576 131
275476 46
280398 69
228318 37
280829 99
283061 40
239672 42
247786 16
277375 23
215080 26
271508 82
297249 19
207913 51
219160 362
290121 35
270677 191
290433 100
287280 518
257755 19
230328 54
230127 115
296214 42
256062 24
216384 8
200699 51
247488 58
205245 1
235915 47
295826 19
299483 102
263280 66
296305 45
207520 76
262984 27
283180 68
299879 109
271287 33
243990 22
200636 319
281516 152
233463 429
267155 683
225953 74
226142 1
205181 165
252030 72
204665 46
217953 46
243003 18
241082 130
271348 2810
251651 21
274206 66
203225 66
251293 136
215685 46
205598 293
270300 182
274935 314
277703 49
226427 1
287976 68
201588 554
295624 77
226268 28
264536 17
202718 51
224989 549
288625 11
260683 1041
255559 79
208617 45
283358 1
270802 70
224084 167
241623 102
267764 99
280229 27
288171 52
257852 49
299840 1593
205222 78
240236 38
209237 1
254874 369
284831 40
204157 98
288540 26
261990 2
241919 24
281905 226
285982 96
225039 90
279015 142
252720 126
297306 44
291738 361
239078 325
279516 1593
293025 28
273456 182
289190 51
240431 48
238938 42
217941 37
252741 447
250011 9
204441 1
226295 27
251502 20
283578 74
237720 1
250048 120
228820 96
223661 291
224385 156
252083 29
202669 272
298028 1
274997 70
227649 47
284120 16
229324 14
255530 36
210468 97
214378 25
219603 25
201767 23
246176 16
206900 72
240065 99
232312 23
262866 214
253064 37
280472 27
278117 127
200020 1
212227 99
248637 22
228284 24
287736 33
278449 39
264352 203
273944 43
230916 32
236857 1
213239 37
249629 77
294903 440
278630 621
220243 40
239979 191
207521 11
298809 39
299477 128
223021 10
286171 3
202007 226
270248 39
295331 209
291389 41
214923 25
267979 73
231812 41
270397 86
204576 128
297421 25
236601 56
276005 51
209963 67
224194 62
285921 584
294564 1
241392 27
288896 36
297574 3
204672 37
281940 18
269663 52
250442 26
233148 170
245639 66
248096 135
267722 39
286802 215
277541 198
217741 78
276760 3
295618 190
237146 132
253124 45
206477 27
299319 37
272247 121
248967 10
214208 29
248302 24
214723 47
249147 23
266382 32
237805 131
248543 34
205194 37
227202 541
206288 21
206675 76
225453 25
288238 105
230305 102
284790 14
267847 23
277055 95
299821 88
271789 44
201542 2
241795 46
277788 2
229375 71
211394 46
228580 88
245560 25
266501 21
200763 224
235749 46
209080 111
273513 31
298690 38
212149 273
223642 104
245101 40
207344 44
288942 458
242640 58
252683 67
237102 42
208052 25
220524 29
282635 30
236452 24
202005 24
212575 92
268785 144
207401 17
211187 85
238003 72
270599 132
256694 155
290689 35
262948 45
208384 156
247311 57
292707 126
236757 141
236794 93
235469 360
236428 118
283791 68
219648 75
267014 23
278183 31
277893 148
282083 255
281542 35
205864 2
227838 184
219958 30
237825 93
244364 16
276138 445
292494 430
226648 364
276394 723
298478 66
245334 50
248427 37
201204 47
203534 28
275182 18
256248 1062
286583 3
209381 70
208722 46
202565 23
217523 98
233124 40
261162 55
221877 14
296006 16
258711 21
202774 39
294657 81
299895 104
291774 1
219580 64
263142 41
252129 35
286879 76
206095 18
255505 23
219890 25
231750 80
233883 508
225911 197
222864 18
297676 265
208299 70
274325 26
217788 87
247900 23
253496 201
200282 366
233326 65
254096 127
242201 27
217859 117
266167 140
271544 534
287070 26
243700 13
248057 1
295563 46
269953 1029
266255 39
292738 63
255387 181
257589 38
249996 30
229136 55
262913 153
217048 90
217046 26
271776 27
215013 22
296822 958
280082 35
224155 81
261634 51
219377 69
299652 29
260749 23
200788 35
225243 100
291791 45
247596 49
260325 184
231445 52
214514 34
242967 47
249042 477
226662 221
256170 18
278456 143
237388 31
292073 102
238733 106
287991 113
276766 54
217188 29
244867 41
253979 186
275879 259
200469 20
299362 74
238535 30
232951 49
237177 32
247200 281
248320 75
209804 46
202703 18
236497 17
219097 27
236579 37
266056 26
213045 19
229749 46
253506 254
208810 72
287097 38
234516 296
201847 25
219407 30
246245 74
270872 56
228497 81
212834 133
260128 134
241102 89
255055 229
287961 29
262965 27
293351 86
273769 21
241031 25
275730 39
277996 92
225781 222
264805 98
264451 25
252012 76
254997 1
249091 289
285832 64
226349 127
290917 52
256419 68
297044 27
232109 1
278149 30
275574 147
203055 35
279466 23
259016 72
253070 38
211813 31
267967 1
266204 31
299422 217
273398 1543
257214 58
291612 17
256798 78
239978 347
254866 90
228060 55
244736 16
207356 23
214324 44
208168 111
233933 43
242497 100
257843 90
204850 93
221692 125
213032 50
232674 54
293599 20
277866 22
241730 21
219509 34
246117 73
277447 48
278045 57
230986 26
268212 31
257662 103
295015 35
283909 221
270308 73
215837 6
276362 51
233211 138
206709 1
203836 43
228786 46
268091 21
249999 22
237142 21
220882 326
267431 83
283280 101
256488 50
273744 97
215590 513
222049 43
299950 49
234983 253
283564 40
260125 150
204877 74
225810 306
295512 53
241141 16
294807 43
271205 3
259656 121
267465 68
220148 142
280964 15
206854 20
283107 27
232418 29
298366 253
262636 24
204135 23
257370 85
291140 18
213825 1303
230226 52
278087 169
270635 26
210380 51
230534 46
229423 67
289309 19
274758 32
205863 18
204236 86
266996 70
288769 101
294809 119
235949 51
230375 33
249030 61
236075 26
205429 319
252988 24
262363 4
217181 232
253191 51
267354 76
226168 24
285436 17
290839 56
202030 49
273586 94
204575 45
261057 18
247586 188
258930 26
293916 70
233317 82
261999 926
204881 52
293281 37
259499 23
256331 122
218296 70
203626 341
203641 296
227656 27
268726 130
249795 205
281430 23
291291 98
260773 34
288574 59
218032 50
245295 232
276985 38
262594 51
278330 33
205357 329
249760 2
239684 79
244705 395
210178 18
239054 2
256671 31
211205 49
293244 292
246872 463
273548 37
248840 29
291198 38
298144 236
211367 74
213961 180
201921 38
292691 48
222857 39
233399 52
279136 1
226552 246
284702 33
297006 26
246501 212
243248 69
277278 96
217724 21
230583 38
273698 31
254100 28
256730 846
201806 27
250274 128
232470 14
252081 136
256835 68
298432 63
251740 37
275019 148
288915 70
259006 61
227745 44
299636 44
299244 27
272763 1
268646 1081
276235 49
202939 95
281751 1
214730 39
265399 228
271884 37
204312 1
230643 1
266353 34
246083 28
231841 56
259127 45
271758 30
297809 77
264048 18
227933 152
226186 28
202870 35
237135 21
226525 54
215960 179
259095 82
237568 25
292515 99
281859 124
237326 105
207836 16
284715 27
211348 70
295633 43
261056 50
215630 32
270987 41
231809 3
293355 55
254792 187
232749 183
235637 93
214042 97
213018 119
279284 46
260448 30
240997 119
248275 30
236851 21
282292 477
282885 57
244323 117
270266 33
249035 604
235294 15
210675 1
216242 66
212863 154
252154 50
224081 47
277862 56
265138 29
206497 58
214926 278
291839 24
247854 294
259284 91
208569 52
200202 1
247915 30
260909 110
286290 25
244075 609
245842 6
235703 53
259109 1
258401 29
284753 27
236817 56
297549 115
279465 55
284507 18
287073 540
221092 76
250159 894
282236 24
232243 283
298532 207
298164 231
286736 33
274134 43
203863 33
203873 85
297673 24
212140 1
244409 71
229389 355
261129 49
222733 1
226615 68
273004 134
249016 442
224909 200
266611 25
249608 459
254944 292
226068 16
203765 53
226051 137
259707 1
208106 134
249568 73
257121 53
226844 96
232170 123
268279 27
299385 191
241076 335
200517 246
270183 68
257455 19
266433 864
288983 46
284022 26
230772 1123
250502 85
245793 319
215010 40
253063 34
233896 24
299003 16
249964 40
213374 126
276518 20
264503 210
242713 1
207036 43
264466 360
213807 31
207378 288
279753 6
241715 50
258577 29
213020 40
256938 28
234961 876
235961 137
262111 285
283545 57
291009 23
289541 23
277174 34
239066 253
272021 89
269066 31
271190 166
249776 27
256438 58
242289 337
295350 270
274166 278
292421 7
201685 1
244494 97
225132 109
231357 30
279271 20
279840 151
248948 122
292496 44
269060 1
247663 31
287313 18
209275 50
243924 32
249745 34
258488 114
257394 109
295506 13
238781 71
251080 41
227386 72
270223 40
299280 81
220253 16
217138 103
282751 25
249766 79
232381 35
212090 93
270957 70
266122 45
258039 80
296804 33
240454 23
213441 17
269364 199
263013 26
290600 78
200562 20
270105 44
242986 47
243478 411
267963 33
227086 43
205671 54
288546 21
292301 25
283878 32
264630 139
247281 27
267942 47
278114 104
222560 98
258598 19
228854 180
247960 1
238173 228
272228 40
256812 142
272420 86
230520 76
235498 101
252319 27
267837 16
279151 64
249120 78
241030 35
240173 97
259249 43
253192 28
206303 94
259166 64
232619 53
228108 40
293457 113
293975 32
257636 95
201340 3
200081 147
297781 118
262199 16
221467 167
261632 79
200949 1
213353 285
213918 190
261750 29
234698 117
214092 53
256119 61
214048 59
246687 35
200024 10
264837 99
210304 46
221373 38
229904 97
269123 96
202758 27
224721 39
228413 2
275419 257
250543 181
259360 92
247564 61
283959 1
201184 71
256052 55
219610 440
292284 22
236568 180
291571 25
294503 103
270193 164
278616 107
281386 2
220693 69
209833 2
200990 12
235589 46
253627 184
271749 572
283931 31
296592 95
242408 24
231000 113
296813 46
242399 102
228950 8
224518 60
222913 1
268345 314
227249 55
276586 575
285923 69
203389 32
221076 78
255372 36
239869 113
227141 1
251628 41
239959 136
242088 34
234334 19
233518 29
256915 70
275380 16
288252 119
230500 609
292326 37
231244 36
269189 49
294283 45
220062 94
242135 44
228182 213
281099 54
236860 43
247129 21
282443 25
214195 91
293291 65
237487 32
253053 304
233251 28
298706 1
284273 44
278753 28
218257 20
265296 79
256950 26
239886 44
216051 81
249591 23
271406 50
201509 9
283160 257
236337 36
259386 1
256883 20
293197 7
224192 24
277087 2660
228543 285
222844 144
251487 53
251624 23
251368 83
265884 83
213902 38
206632 1
204326 21
278224 45
236450 56
217355 172
230091 31
236570 31
286505 47
229665 441
290797 76
261314 27
254330 29
239580 27
251874 18
204048 32
241303 36
297646 2
260185 22
207204 32
280957 4
294237 35
233275 62
209747 71
233255 106
298789 15
269054 37
240543 65
215511 43
214187 225
296226 127
266616 25
213335 45
277588 52
289271 57
247731 22
291611 24
286518 40
270926 50
276552 115
204061 386
286325 69
274415 34
200619 292
262120 162
251124 71
291622 53
216400 20
289548 41
277962 40
265800 38
235506 49
202141 299
265458 308
214546 26
232768 32
238864 1
225352 217
233826 24
255755 39
221604 72
220647 27
280999 23
208884 48
208465 28
229516 180
200681 16
230349 99
200318 25
212108 41
287203 69
268690 28
232205 96
288486 65
259085 25
209771 1
290831 55
246385 20
221804 46
289969 60
260952 152
263121 48
251187 141
252745 2
246023 253
212445 46
256265 71
226635 21
233986 18
292325 76
298521 8
273917 70
283822 38
219192 59
288215 41
274652 53
283806 805
286076 28
291128 72
205826 32
203499 836
236915 29
225160 21
239203 158
281453 131
284501 18
233166 23
246235 74
214389 18
265952 382
291366 1
285639 179
288052 5
270497 26
278013 46
242304 54
230425 33
248062 33
200264 4
263164 82
286651 24
206986 27
290195 54
294460 133
262450 59
295743 92
222030 50
244863 28
268948 17
230647 41
283082 49
294713 78
209585 62
289647 59
299476 112
271494 53
227198 71
231377 50
242114 44
268639 48
248693 38
243529 30
263886 138
250092 439
233144 864
226974 25
294072 15
276405 449
259361 31
254518 269
284125 58
243966 25
256742 21
289947 1
212940 28
255911 23
214351 66
210316 152
214453 125
205246 381
284762 33
247778 43
266902 71
276259 66
263279 250
201095 32
261900 92
230544 22
201408 163
204333 36
257881 18
219294 258
252263 24
261875 29
275388 320
299450 38
215134 52
287873 45
248373 102
248795 30
224253 19
298891 44
234392 81
285013 31
250085 45
297333 21
227229 35
276777 41
298802 41
272436 1168
223232 1
263111 45
200301 290
225026 74
255483 324
286484 18
251832 452
206308 277
283293 64
280720 292
213421 477
299911 74
298773 263
230640 97
240403 97
240261 35
264266 38
226651 18
267079 66
221955 40
208670 45
227236 48
230989 101
261595 189
283395 98
263635 41
259496 96
232356 96
234569 48
213789 221
200836 768
215840 38
285287 60
234344 26
242890 43
257720 79
297293 25
231473 88
260705 39
249105 40
279408 2
214044 46
288943 128
296734 119
241455 62
282895 25
252975 1
261228 17
222811 50
230181 45
266595 27
267255 213
295485 81
287501 47
213429 262
268605 238
245839 266
296064 325
213369 47
205334 310
200499 1
210721 331
225434 99
202297 30
221713 82
262039 40
277112 225
258635 74
283537 64
287310 225
232134 280
246206 11
263258 14
258238 31
266294 72
270663 132
206859 24
259717 39
217839 47
252540 1
291161 54
280812 204
265375 47
288671 179
229233 46
229883 132
204530 76
255212 70
232573 32
242693 289
271966 37
280885 24
229833 75
247040 48
276891 31
256139 40
246266 47
210484 137
289483 87
284508 45
225486 19
227919 65
295954 128
221044 2
249392 24
292013 465
291812 120
214696 104
245946 44
262373 206
217034 36
240161 1
238883 151
279726 32
272767 24
297524 58
282983 1247
285856 47
266879 41
290161 2
259866 65
260428 595
248708 24
290123 169
295956 48
201338 86
275304 72
285797 18
263939 809
283888 110
294032 28
202919 195
237228 49
244141 100
223924 28
201643 47
262767 31
206150 22
225965 295
237808 37
230709 11
267427 32
276188 1
250436 271
215116 72
289168 22
257245 21
254422 183
258107 47
244753 77
270745 296
221847 22
295878 67
287205 609
215110 22
246793 43
226283 17
298481 53
211044 22
260695 56
228001 37
250546 21
269312 102
272954 25
249162 14
253661 124
266165 82
273523 107
216721 39
241838 138
279774 25
229373 28
227767 82
278757 258
273306 135
298471 1
290338 739
291976 54
242835 2
226136 19
243779 49
213390 22
294372 1
270656 78
215812 57
266581 35
246352 67
200401 113
209331 26
255988 74
289064 916
203930 25
252432 283
233197 78
215788 19
294865 116
284661 313
269233 292
280763 122
223308 27
246779 75
290595 56
289966 24
202789 8
232878 34
220367 530
256140 2
257101 16
269777 16
225483 1
252070 239
219646 47
207526 9
233641 131
218197 27
225163 18
277406 49
263944 130
248108 419
281096 49
237068 20
252680 76
212390 71
255964 476
281116 52
295797 21
299288 21
253424 14
238608 8
221032 56
253237 2
219219 76
252128 3
290098 2
299210 338
230340 12
222930 90
279817 120
276059 120
233893 29
235630 40
213689 40
205670 25
241956 335
281044 23
271940 30
223200 633
201201 104
250771 34
227132 53
241486 163
253982 1
235480 47
245445 37
263737 53
288664 9
272795 39
255151 70
236422 74
277618 91
238038 117
253476 26
217631 790
259389 68
222484 297
234786 18
228014 24
255848 48
285497 39
229355 643
213257 2
267719 2
257882 6
210730 42
227896 389
248216 23
297483 18
252395 146
281927 29
246934 159
221881 60
219600 84
275576 518
292858 249
209051 14
239621 1389
278256 497
267804 41
212567 63
261304 39
225744 29
283143 24
285345 87
238473 128
274131 17
223244 285
291469 71
289743 26
228334 21
210587 2
260810 332
290359 71
271217 62
294607 296
231325 358
298895 86
207279 5
233582 335
235178 181
275977 44
277609 35
267044 32
268705 47
295637 5
233702 163
216353 123
213397 56
246945 205
237656 89
202417 33
278637 45
206671 281
214877 1453
285394 18
206928 39
276947 43
281477 388
280490 45
201169 25
255684 23
213439 58
285308 39
297908 1
205720 22
233572 30
268833 3
240859 143
282220 159
239431 27
228492 12
246800 21
220535 93
265493 179
297798 44
274048 1
282523 25
240516 61
231371 65
217305 46
210185 130
241343 230
243632 145
240848 35
256478 30
270491 48
267486 49
223229 22
231182 436
270221 293
213957 28
251175 94
223440 21
278592 26
240100 28
294289 1
235787 109
250664 18
298790 66
235478 21
203989 20
271490 25
234662 35
258871 40
293168 53
249131 38
285587 29
270382 26
207225 32
275249 27
231082 23
272761 56
232683 16
209175 1
220642 37
288594 33
222379 41
284088 26
244368 1
220505 107
206760 103
247562 42
222244 1
234508 19
297505 18
252167 68
254470 51
246694 4
299573 39
231848 41
263221 39
238017 133
299014 18
229150 6
230962 73
258317 1
257099 2
269491 40
235399 18
202636 216
250828 209
299753 310
276035 989
256099 79
209739 15
289903 29
232101 27
230071 23
222029 31
283145 26
282762 28
213308 4
228986 24
252064 43
253436 40
261596 177
273742 672
261533 281
230900 24
233755 260
200096 146
238834 58
203472 166
268434 16
217719 55
237003 30
287308 23
274454 1
289152 69
215661 26
250835 49
238568 69
279495 257
288229 185
283016 43
225985 61
204454 247
225750 1
228649 172
275763 36
276147 42
219171 30
221075 54
216615 24
264082 25
203646 122
299585 38
271977 67
295588 25
224690 20
246964 38
283445 34
250319 21
240219 4
212238 13
247435 19
202094 61
253789 18
298858 172
295582 46
294759 2
221066 17
277581 146
208730 40
269524 18
234767 377
204437 25
265339 98
275494 23
213465 67
272335 117
288409 192
206610 396
288159 49
245727 131
297562 45
237427 28
224523 70
235677 66
261693 1
273427 43
233925 53
267990 22
233161 155
263553 297
207348 60
296180 36
276874 47
280733 320
219780 127
222654 48
239358 74
271079 222
296265 106
212429 1
207878 238
251176 32
227164 6
216961 74
209529 146
224320 1
276174 20
262330 75
264459 90
202966 21
252555 55
241382 24
280645 587
254439 41
273215 263
202127 185
249677 61
229495 14
249511 29
286789 44
259334 70
200586 103
201514 3
230209 44
206683 71
230174 636
219804 75
279068 25
222243 421
211823 84
270569 25
297788 121
275214 118
247822 31
248037 59
264957 273
262007 298
254752 27
210368 71
252821 44
207637 560
204246 61
238717 71
290444 51
255838 49
219085 25
254666 106
245265 32
242685 132
262578 11
251192 122
227274 2
286539 27
285978 51
278016 350
292098 286
202941 216
247237 217
296583 8
273410 83
209478 32
201335 1
215407 107
219325 159
278379 125
253534 93
292194 27
283015 33
210776 9
244379 251
272565 18
256407 18
235249 136
293181 22
220723 52
213761 268
270082 18
256306 118
286809 23
218491 43
251002 60
266749 40
256566 51
228041 21
209563 55
235463 48
261442 28
254394 1
216935 1
225387 92
254179 67
284996 31
232342 58
250042 24
209589 85
281224 13
263053 93
228303 125
275650 25
256965 25
299059 24
227020 31
219024 169
211469 48
296183 48
283823 105
255690 588
288009 20
238709 35
233646 42
281375 41
244568 24
230482 2
204124 43
277633 1150
242210 140
214383 99
271058 89
273956 2
229229 42
201440 21
213718 21
269182 515
254669 47
200524 78
264514 502
223374 72
240625 99
276801 68
273693 4
213262 53
229095 59
260902 20
279155 492
236024 55
290789 527
205614 58
272422 1
286060 472
289264 45
292173 111
279300 72
207484 65
233597 76
211575 27
223993 32
238099 292
263903 535
299082 44
218004 42
222672 16
298919 33
253417 49
275277 74
208291 138
232692 89
216444 23
233042 22
264287 1
246140 20
281548 252
293977 4
274023 37
213171 56
223425 1
213423 18
293530 1372
219131 58
200678 87
223860 45
271155 48
240884 46
244923 35
224603 45
218811 158
213760 28
257392 217
238787 232
223637 24
211906 60
243354 52
235844 3
290363 36
212204 24
216733 71
216873 1531
236934 23
293056 571
227863 40
200109 271
244442 1
219792 70
259811 72
295083 95
274073 57
299604 30
278743 86
249797 82
213407 51
256224 24
286423 93
260708 66
212872 4
296365 1
259989 125
284077 21
295599 27
228829 57
292743 148
295363 53
287345 80
201007 14
295674 112
275125 47
246803 61
231606 380
253024 1
249100 96
299090 42
290104 1004
295811 2
280368 42
247626 48
246672 39
236640 172
217097 1
290736 111
202438 30
204794 1
225339 26
297617 544
233931 23
210541 31
249114 52
246477 74
211818 108
211664 49
212275 76
224910 1
242964 49
221420 86
281364 118
252933 21
286610 31
250552 13
250494 47
282527 1
254743 28
211349 159
224365 57
263351 264
219665 70
254985 56
207758 51
296360 40
206114 18
205665 25
225902 116
200234 29
235411 152
231208 21
281204 1
294695 11
211119 359
283333 34
294825 49
272792 20
276616 47
280922 65
227033 2
261111 56
220136 119
278034 56
224730 239
282315 82
271191 116
241877 395
223445 81
281650 40
203250 85
264119 37
224545 8
285118 46
207769 122
252895 306
223631 162
236199 39
232711 45
269611 386
236444 139
265917 67
241425 227
210183 26
219262 36
290278 9
272640 98
212228 27
234094 114
224085 115
252899 53
201723 78
279548 120
269846 51
248473 51
294868 103
237715 16
204163 85
230264 93
271889 282
260009 49
245526 1
296742 27
284161 28
214585 72
251872 40
208286 19
214987 55
216607 62
215481 1582
212322 26
228448 399
228489 43
205292 65
201738 682
265605 2
285368 18
203349 75
208293 33
202324 77
292889 20
278685 186
247367 63
213925 7
211041 87
280253 57
273752 23
241703 71
267389 69
296322 25
267150 102
259555 24
248585 459
274179 2
295853 328
240620 17
288701 1482
296033 29
238212 47
251467 26
249945 228
299410 152
294680 176
233854 214
241400 39
270515 47
242268 339
268348 60
250253 81
202056 341
290149 122
252430 39
257976 91
285117 268
279887 30
253383 33
242179 94
244254 38
206369 39
256784 25
252666 16
248441 90
217467 97
261615 98
201817 28
263812 48
221179 49
204085 54
244680 34
288700 58
272963 23
234818 160
215566 19
263780 124
277317 72
246435 99
205552 49
281411 236
266107 55
219464 1085
260021 329
256126 34
230322 90
266310 21
221699 6
210362 18
227113 53
210545 17
277965 34
274338 131
209459 589
256218 745
296368 27
255099 202
208183 25
241022 17
255192 57
211954 24
235002 108
287871 21
251528 23
225935 22
209333 420
297816 42
285451 31
280902 36
214179 104
263940 50
296116 26
290897 46
204799 97
290462 33
297979 32
226161 71
227195 34
262915 48
268143 22
217191 251
233779 97
218954 47
208350 40
244899 759
290485 61
292655 324
218259 147
258436 163
208667 49
205061 1
264867 17
224627 124
239100 90
232392 29
230867 57
209686 6
280985 59
259286 176
294398 35
200626 99
226472 39
286833 26
277663 101
246442 52
216857 329
296132 31
250566 250
251101 46
271838 28
259139 106
234920 19
217343 65
214524 1
244840 27
289007 91
253351 164
273030 1
251145 44
209677 28
213434 80
266059 41
242847 87
264202 23
291013 21
234984 312
220953 1
205463 40
221947 23
216367 200
202196 254
216324 56
265287 165
223316 3
239492 1
228292 12
258659 19
285459 30
274813 19
218838 24
250886 24
246457 21
259669 18
265975 42
260010 94
223287 208
290388 97
216584 29
223929 41
292805 601
239156 137
232029 21
284214 198
253539 67
231761 103
295011 29
255477 113
252584 58
273529 22
266965 1
284579 77
260500 76
237045 72
267800 20
211619 54
222695 44
211393 71
238124 17
256442 80
269872 21
251879 19
290541 129
228666 232
239725 47
217282 89
232773 241
201484 22
279081 46
281439 24
217825 241
231582 3
270716 52
294922 115
206842 179
213869 51
222205 31
271976 24
232924 142
296851 74
287079 98
221716 32
203746 70
218348 400
268471 218
258933 21
258056 91
287286 458
273320 77
283592 15
296413 150
271016 72
250037 31
266802 76
269221 2
287570 2
232828 49
286285 71
265510 128
238539 322
239707 1
295775 32
232584 31
203622 45
268173 33
235009 28
257567 82
275265 34
251597 1
265637 60
258315 1098
236229 44
277550 74
233339 56
209577 37
227484 24
260807 97
293718 168
236683 19
268364 276
295780 71
220893 59
202419 154
257244 64
208407 40
278981 816
211631 48
218276 41
219721 16
293179 47
218788 52
232881 18
234929 29
260515 23
247795 245
222950 27
289873 75
243731 58
201912 8
272599 1
230333 88
270715 52
264327 129
297063 321
215770 57
230232 290
255708 33
290484 19
251673 1
223004 43
248318 253
227169 28
266368 31
260520 16
203218 24
291648 27
234899 23
284486 422
212490 51
201700 1
264760 41
266393 25
253458 439
219260 124
209735 33
283101 47
229604 100
201560 40
284402 14
281029 54
278563 74
271997 97
289807 51
289328 10
267440 24
213736 53
218173 66
287314 217
229459 29
202277 14
273121 121
265571 81
205433 139
208176 27
262527 52
265895 102
275739 548
275632 26
224615 14
226956 30
270755 82
284864 30
251964 119
239781 20
209355 43
286391 3
252632 639
260184 241
247334 314
286474 60
298297 17
211053 1
286027 30
200347 388
202894 47
264070 66
295992 416
251700 76
297858 267
226707 130
265409 56
288014 93
252546 1
201633 34
252689 45
290389 87
218293 25
216342 1
276527 37
247700 24
267906 234
269262 123
213275 347
277660 15
226172 32
225958 67
204617 1
276930 51
279107 65
260778 21
224436 107
272472 364
223717 21
253722 66
246754 61
226016 233
275413 28
289272 48
232338 165
271459 44
282832 108
285462 3
288867 125
205358 76
229346 31
270667 249
218499 21
268538 5
214729 40
222972 24
251827 981
291342 73
270804 39
281309 107
297448 66
265613 100
236013 193
260013 57
299727 25
208097 49
267513 19
242076 30
212947 22
235079 28
246326 22
248859 29
265061 38
227426 159
205861 46
260384 13
241506 968
234147 54
219868 17
211084 1
291818 904
201244 226
215028 19
294663 16
243137 24
233414 371
265129 48
263966 458
242595 26
256986 20
276726 26
258122 20
234331 1
286134 71
232846 140
205669 15
245182 81
226410 126
288341 17
259664 37
203574 43
236126 27
291367 58
202629 167
298720 20
243937 3
203006 26
207725 47
248845 286
281000 45
294500 78
218641 319
266072 99
208595 408
260945 27
228477 63
293432 5
271266 11
272430 4
294552 8
248385 4
251099 29
200289 18
254329 12
239789 177
273428 54
281790 189
296867 98
262439 13
234985 131
222052 13
202405 46
208624 46
207393 71
203875 1
259618 43
220922 18
267539 49
283777 66
276885 307
239996 26
246268 209
264620 159
287782 22
227972 50
219926 30
207275 26
236865 51
242914 24
251311 28
296197 49
243371 35
251313 179
254665 26
218569 526
271479 194
204697 101
266003 31
288489 40
271526 75
218593 41
245530 64
291639 100
243376 24
209961 2
271863 5
217463 127
285934 69
207588 49
200160 18
232166 208
266694 184
240212 71
232313 372
222374 238
215777 53
270451 75
213856 281
244208 45
242627 30
226026 27
265424 18
223087 42
283507 82
202479 55
264608 22
259318 186
252757 15
284243 97
294036 59
297469 94
268760 1
243949 539
254189 41
282756 240
218039 42
228312 80
267410 58
215594 60
291718 59
242342 790
265710 656
279527 48
254791 101
253319 40
275792 100
238092 53
255705 36
259807 27
217444 36
247380 36
295465 18
226061 22
289826 71
293744 126
228291 261
282219 68
213703 277
205301 40
214384 10
245531 29
270471 36
260726 37
226440 27
222101 15
201496 143
264122 45
264304 46
294430 248
292993 79
290009 69
218844 48
284543 74
265985 45
225830 26
242586 25
242545 168
256288 89
250428 49
281437 46
266698 452
213809 51
231267 176
256147 67
278905 26
210270 70
205698 31
231060 91
233991 25
293493 127
283713 17
268708 70
259161 20
210151 431
272634 308
255511 100
200510 1
290843 994
288028 168
207768 71
253066 36
253122 76
287915 24
272502 22
298807 53
212708 48
291978 48
255260 75
232910 1
233496 18
258135 75
210651 60
247369 90
281464 41
237971 2
243323 56
279521 139
234999 18
274543 188
266945 63
295984 17
258018 566
280144 52
292092 530
251859 65
228908 34
252681 31
282796 136
267653 36
232821 52
255633 50
201580 112
289391 629
291387 21
258329 23
277701 67
267767 74
205810 75
287840 44
242194 31
245189 23
247428 27
224382 41
287228 309
279575 51
259351 89
286860 18
218571 24
243113 157
212967 21
240362 163
224519 11
246295 48
297169 75
294263 1
269763 12
208116 29
236188 53
219830 82
241297 18
294554 77
255348 37
273722 57
281935 252
259075 23
240472 26
223613 845
234228 25
213527 34
283041 289
210186 293
246812 90
289265 41
204621 107
261329 2
234301 103
299299 33
285154 60
298019 70
210289 141
272654 1085
263137 62
216718 24
267404 21
281201 73
253176 83
258177 30
273690 88
263690 216
262155 4
230661 145
231484 51
207844 150
211369 41
243719 26
231460 63
262466 22
223842 27
259274 42
276886 252
233541 50
219917 39
208060 16
229655 33
289049 15
213815 194
276608 9
203241 49
264312 152
216974 158
291798 5
293803 896
230001 66
241314 716
237628 370
217362 14
280906 139
232657 2
272215 26
268135 53
270380 241
262040 84
294700 18
209670 55
249598 57
252347 47
292934 70
299496 63
252534 22
201785 60
272441 81
271980 419
276589 31
299498 52
296971 24
215958 44
249208 641
249108 8
276144 91
238652 27
219263 2
290885 27
206257 14
293256 10
205611 421
211446 47
295295 195
272618 30
202769 15
254345 16
223794 122
258568 5
274348 17
209397 19
279312 21
232718 113
264413 173
259375 23
266020 31
283383 76
251733 255
294532 97
299900 231
237787 29
256131 221
293030 41
248552 62
281984 69
256747 22
258905 25
262441 104
242044 26
298813 25
209691 1
246151 29
267501 525
286832 23
259497 116
264348 48
269206 42
266834 27
292169 2
260689 23
211605 30
297736 45
297876 124
288000 1212
216972 73
277907 15
284575 24
274331 20
274661 13
299114 96
207809 30
253510 2
244319 29
269097 205
245464 1
280832 100
237943 213
241222 111
242471 18
290137 162
278928 94
267081 1
237933 118
283083 71
276462 35
277329 145
205827 20
209873 2
233489 1258
206146 53
261751 208
285753 51
268676 588
225589 30
259620 27
213223 51
231981 6
283117 25
278344 54
239334 16
286136 127
285252 80
229469 209
277258 125
247441 19
217906 305
208319 98
272066 29
268375 25
253559 164
233506 343
205124 174
234948 27
233403 58
263741 22
264999 202
262642 27
249606 207
238791 4
286204 79
271603 43
219308 7
225803 228
249750 41
255297 35
293382 26
269771 77
203081 25
217973 39
214634 41
241187 135
222901 33
227140 15
275939 2
282772 32
208344 46
218363 67
212110 15
209029 425
205889 464
275023 17
298841 251
291904 29
256515 2
213989 142
239281 71
224372 40
282064 498
273939 212
249148 30
228667 24
236029 2218
216784 42
245153 45
215545 2
212693 71
284413 46
282361 38
273017 66
249342 45
296337 79
217999 34
204125 53
298098 340
291746 43
252700 69
207525 29
225108 23
286446 46
227129 48
283131 28
247489 2
240522 164
200530 50
298604 75
279445 75
210028 73
262094 154
276617 68
293268 249
230468 175
206081 198
218749 220
259766 38
227346 48
282692 2
243410 122
283110 44
279806 49
278432 26
228494 34
270994 55
204787 578
267009 74
284760 44
271641 39
245695 61
242533 80
228478 21
248562 37
240649 27
292103 274
212597 102
276815 259
241189 25
205619 110
289696 118
202089 332
232430 10
241068 25
266863 31
272222 92
269961 41
202221 21
222163 28
288101 25
242722 33
278510 28
291670 192
282946 49
263533 63
238286 48
284409 72
240316 30
248431 48
233789 2851
257818 22
257083 18
234534 58
211193 541
286813 2
252507 6
209534 121
249772 1345
278581 28
249053 75
245641 408
240010 172
297709 21
250050 24
228836 22
232761 119
261910 53
293845 137
226637 80
252442 142
271342 35
266463 51
298677 18
256230 68
243656 338
260141 18
259759 47
263128 67
292407 1
251708 148
290765 10
206636 54
240250 33
293850 117
291085 30
255281 22
279261 87
262567 38
224035 2
260827 75
274491 114
232347 655
256055 11
259935 5
289710 42
269624 43
207044 60
215346 14
255606 31
286890 476
289712 14
202747 24
262831 48
290043 2
203053 44
246961 923
225321 45
243022 71
223544 197
233402 67
208018 9
215138 336
211727 42
206379 14
207273 26
224821 218
244907 35
211886 104
220473 102
223182 62
224071 49
277737 70
277759 29
296593 83
203771 35
287776 16
253129 2
269110 21
235207 20
268563 1667
227855 115
242681 37
282026 2
264610 128
212510 2
298986 86
229614 26
207765 193
230725 4
259878 48
298856 66
290488 129
286552 68
228919 53
289297 33
277208 288
284643 89
254173 70
274738 130
297175 25
274815 448
246491 93
286502 31
206836 7
285791 149
225960 140
291737 1
216320 67
263902 24
201859 16
291603 32
268522 408
257435 74
271715 78
263227 460
249809 20
214066 70
203209 67
238035 143
205354 45
297162 32
266916 31
251538 42
263066 23
223525 14
269080 30
284811 639
229707 18
261745 48
291554 85
290087 26
274196 60
268849 84
288685 92
237752 55
282444 75
252547 69
232386 89
268902 54
289050 1
211992 18
238219 13
294459 100
251924 67
258006 25
260971 136
208723 26
235063 90
279413 71
241652 268
200795 38
260497 801
251386 69
290704 121
255671 61
227551 24
235619 50
270211 107
279162 43
247828 17
280780 100
219911 642
203653 54
217613 55
277316 28
290954 43
279746 102
289316 632
283003 78
207392 99
290230 139
283233 28
210571 43
287370 70
241954 93
229028 2
277091 26
275122 87
220555 58
201791 114
233533 120
282162 57
289051 1
266144 231
226879 93
228162 207
236832 91
260560 3
261415 85
286654 33
209885 18
214804 23
272700 142
215516 111
244832 17
250823 37
217810 70
229568 1
277024 18
277932 39
258308 179
207320 48
268507 54
227542 34
271311 117
236026 47
257093 42
290754 79
265783 74
269259 41
201947 17
255962 92
206082 32
221261 151
277546 41
286614 45
208180 47
201415 21
230851 32
224998 17
253313 40
282462 20
267446 26
271554 32
244806 47
215834 59
286549 24
256696 79
226219 1163
236201 53
208107 55
262281 26
271399 28
212677 648
281717 77
200890 46
238447 78
280041 47
212779 178
259435 21
223476 69
260939 46
212213 60
210363 260
254128 24
222125 29
268662 113
226291 45
288921 49
274865 2654
270113 169
221472 25
229538 181
224657 24
296056 121
294497 15
200208 151
241821 1112
270374 29
203496 153
206296 72
270648 236
287549 21
260617 59
285333 151
209767 114
227778 82
222216 31
207379 50
248193 101
239523 17
200799 269
293607 912
234482 36
210580 104
212210 32
222414 46
270215 31
246729 45
298752 34
273419 123
204647 73
282427 58
220106 80
205163 90
299528 21
281955 45
241803 87
287891 41
277598 50
237916 66
246604 67
200050 20
222130 20
262368 2
242143 50
260110 124
218624 50
269363 215
279688 83
233495 74
223660 107
277001 16
207012 81
208314 906
244673 1
242689 74
205192 211
223152 71
254006 122
239545 12
201759 322
250134 75
227176 55
264053 167
243210 95
287580 27
252091 34
208809 249
230933 161
286183 57
233596 365
254284 88
288490 40
292293 1
227007 43
219601 29
292146 7
215903 144
294409 5
263016 46
250909 58
229115 115
232459 1
271805 326
223192 55
217907 98
217994 112
282609 88
226157 60
248556 253
279596 18
203407 145
265698 27
205159 75
209311 97
292495 101
216189 42
206832 99
256156 31
202884 1
266201 124
252475 335
258870 48
255030 10
231637 1
204897 91
226758 27
262268 134
202739 27
298015 34
276935 283
240217 656
208303 491
228941 56
204443 46
215652 36
289831 108
285088 43
234746 32
219731 12
280134 185
239549 18
233167 15
299323 176
239383 74
201430 321
291428 912
237360 326
243525 90
228878 388
216625 2108
259468 29
278174 100
202862 227
297357 162
239795 56
247355 12
279500 39
261915 25
201568 40
212763 8
265678 212
254797 1
278148 27
281082 16
218373 57
221256 72
218863 488
285903 15
225042 208
287731 71
278127 5
233240 26
283993 109
226027 530
287347 1
273448 37
289656 45
267364 51
226321 936
286074 16
233320 25
262514 15
255997 113
223952 431
278032 42
266286 45
294799 95
201005 951
241770 57
282202 31
247074 1
281061 25
221991 32
238624 29
210164 30
281609 513
292652 119
235142 21
217340 65
271470 10
261383 34
216725 37
298344 149
246217 51
227061 2
236187 893
245106 47
294413 42
289574 26
271722 168
226961 711
296269 16
243083 1
232742 59
246444 33
273074 44
223420 25
287470 1153
216709 8
274600 21
218822 19
259354 22
253147 22
219878 25
229527 350
237342 8
203702 60
229952 323
204640 104
253069 89
289599 102
251282 18
279705 63
270831 118
299415 91
247508 70
212434 36
218179 487
294356 266
232042 19
290722 48
259856 19
286803 57
233836 60
223708 44
256079 118
222057 53
247715 207
283267 80
212648 111
287187 643
265784 20
277028 34
281065 23
252868 42
217168 12
283378 21
242867 66
236078 116
238966 232
230644 37
225421 105
286600 16
265217 148
247486 111
254832 27
221534 90
220761 27
274835 177
207766 41
260916 99
294857 73
224207 32
272414 26
222434 21
235629 101
240510 40
294017 36
237439 80
240991 34
263106 41
286749 37
235431 24
298534 547
271005 89
229547 53
216730 66
225241 38
228956 189
264268 34
251053 100
231464 22
206383 161
260838 18
288340 47
222086 246
254044 32
220002 41
276122 25
250547 11
271628 260
269077 8
292824 206
282854 60
239953 5
244344 29
200311 32
244331 46
262364 50
278390 24
290680 28
217108 521
214106 173
212335 29
219486 83
209201 95
250068 45
208818 68
261351 19
244761 292
224008 165
234925 40
208210 25
251345 169
292679 43
269381 76
246904 21
249515 288
250980 29
238481 16
269862 28
212401 61
280112 1538
238705 20
248007 48
228263 128
227902 28
297960 32
281706 42
211381 17
283971 125
213158 54
271174 18
293158 182
230869 51
237157 26
250982 72
220575 25
238156 118
215350 9
217037 31
215597 20
255272 14
241605 85
291208 76
225304 147
292354 413
212641 390
255650 12
261188 50
233020 183
205666 29
229947 184
245281 174
240673 53
236027 102
239833 119
287959 12
283965 5
206209 116
229802 99
255010 47
291004 28
266077 14
234288 71
207933 103
276817 29
260291 45
274459 65
273075 25
208494 26
215669 73
260758 162
229223 62
260471 26
